Country,Models,RMSE,MAE,MAPE
0,"['Model_1', 'Model_2', 'Ensemble']","[843.6921997070312, 776.1799926757812, 793.3599853515625]","[708.77734375, 657.3416137695312, 666.396240234375]","[2.538374423980713, 2.3564064502716064, 2.3879613876342773]"
1,"['Model_1', 'Model_2', 'Ensemble']","[862.1972045898438, 684.5137329101562, 767.2296142578125]","[726.276123046875, 540.2896728515625, 625.804931640625]","[5.32926082611084, 3.9911105632781982, 4.616695880889893]"
2,"['Model_1', 'Model_2', 'Ensemble']","[5508.2451171875, 3374.6982421875, 3957.653564453125]","[3523.892822265625, 2414.88818359375, 2905.95556640625]","[1.6731970310211182, 1.2079179286956787, 1.4151511192321777]"
3,"['Model_1', 'Model_2', 'Ensemble']","[2471.953369140625, 2078.234619140625, 2264.026123046875]","[1131.2796630859375, 981.6976318359375, 1032.4794921875]","[1.0169572830200195, 0.9016686081886292, 0.9371300339698792]"
4,"['Model_1', 'Model_2', 'Ensemble']","[2679.284423828125, 2696.552490234375, 2679.946044921875]","[1222.95703125, 1100.8563232421875, 1154.5433349609375]","[2.4452130794525146, 2.2449898719787598, 2.3339004516601562]"
5,"['Model_1', 'Model_2', 'Ensemble']","[1821.45654296875, 1716.6552734375, 1757.7705078125]","[1062.9776611328125, 966.6118774414062, 998.6771850585938]","[0.6464053392410278, 0.5893789529800415, 0.608123779296875]"
6,"['Model_1', 'Model_2', 'Ensemble']","[1503.482177734375, 1481.4603271484375, 1481.7611083984375]","[993.792724609375, 822.3193969726562, 907.6951293945312]","[1.7597575187683105, 1.441496729850769, 1.6001724004745483]"
7,"['Model_1', 'Model_2', 'Ensemble']","[6073.0029296875, 6624.22900390625, 6330.18359375]","[2426.176513671875, 2570.356689453125, 2435.539306640625]","[0.4412665367126465, 0.4572460949420929, 0.43789729475975037]"
