Model,RMSE,MAE,MAPE
Model_1,3467.27685546875,1505.6016845703125,1.5220117755234241
Model_2,3300.343505859375,1327.468017578125,1.3224728405475616
Ensemble,3293.738525390625,1390.0806884765625,1.40260336920619
XGBoost,41724.72823391137,35867.773523565564,194.43380124446134
Meta-Model,6133.234375,2542.845947265625,209.37910079956055
