Model,Train_RMSE,Validation_RMSE,Test_RMSE,Train_MAE,Validation_MAE,Test_MAE,Train_MAPE,Validation_MAPE,Test_MAPE
Model_1,3131.05517578125,3696.918701171875,3467.27685546875,1379.114990234375,1572.0882568359375,1505.6016845703125,1.6365330219268799,2.2430014610290527,1.5220118761062622
Model_2,3136.869873046875,3831.829345703125,3300.343505859375,1270.3675537109375,1468.86181640625,1327.4678955078125,1.4253171682357788,1.5514936447143555,1.3224726915359497
Ensemble,,3729.5810546875,3293.738525390625,,1486.2364501953125,1390.0806884765625,,1.8206208944320679,1.402603268623352
