Country,MAE,RMSE,MAPE
JP,301.747659489582,820.4142391927969,0.20775648863264223
CA,60.06014004017813,201.95281236562175,0.2772343812567116
DE,168.04175495006265,462.51785468454295,0.16256134583623183
US,1140.892983864327,2761.3504019240527,0.2473898911958375
CN,1198.4972926344228,3361.876627301032,0.6052733882726421
KR,183.8146923058037,576.186393737478,0.29803962502579306
CH,43.712295656708704,103.98641651873358,0.32175012392471763
GB,101.25578268303033,439.38419635986315,0.20627807773044748
