Model,RMSE,MAE,MAPE
Model_1,5202.31884765625,2259.81494140625,1.8219780176877975
Model_2,3705.622802734375,2002.4154052734375,1.4621714130043983
Ensemble,4315.1796875,2096.42333984375,1.624097302556038
XGBoost,43591.627848082695,37970.58699570071,189.0200059172933
Meta-Model,5866.2841796875,2427.04248046875,208.05132389068604
