Country,Models,RMSE,MAE,MAPE
0,"['Model_1', 'Model_2', 'Ensemble']","[293.52252197265625, 300.0812072753906, 291.653076171875]","[109.05145263671875, 113.13615417480469, 90.6313705444336]","[0.3762725591659546, 0.3870595097541809, 0.3095654845237732]"
1,"['Model_1', 'Model_2', 'Ensemble']","[115.93392181396484, 79.55335235595703, 91.22343444824219]","[115.039306640625, 60.1248779296875, 83.8077392578125]","[0.8025877475738525, 0.4683750569820404, 0.6149446368217468]"
2,"['Model_1', 'Model_2', 'Ensemble']","[7549.6162109375, 6430.31640625, 6917.5771484375]","[6285.2294921875, 5292.39501953125, 5788.814453125]","[2.7574634552001953, 2.3323047161102295, 2.54488468170166]"
3,"['Model_1', 'Model_2', 'Ensemble']","[1272.010986328125, 1222.2791748046875, 1241.8017578125]","[701.9111938476562, 532.8667602539062, 617.388916015625]","[0.63649982213974, 0.480362206697464, 0.5584310293197632]"
4,"['Model_1', 'Model_2', 'Ensemble']","[3115.033447265625, 3120.826416015625, 3117.123291015625]","[832.8209228515625, 725.6280517578125, 779.1315307617188]","[1.3704532384872437, 1.1693580150604248, 1.2696784734725952]"
5,"['Model_1', 'Model_2', 'Ensemble']","[1825.61376953125, 1738.015380859375, 1772.7413330078125]","[1147.0106201171875, 864.7333374023438, 1005.871826171875]","[0.6954460740089417, 0.5243641138076782, 0.6099050045013428]"
6,"['Model_1', 'Model_2', 'Ensemble']","[1735.383056640625, 1712.380126953125, 1722.0576171875]","[927.4173583984375, 848.5029296875, 886.7823486328125]","[1.5448720455169678, 1.4339977502822876, 1.4859693050384521]"
7,"['Model_1', 'Model_2', 'Ensemble']","[8283.1142578125, 8411.3408203125, 8333.78515625]","[4173.60498046875, 3476.17333984375, 3824.88916015625]","[0.7710590362548828, 0.6263031363487244, 0.6986808776855469]"
