Model,RMSE,MAE,MAPE
Model_1,4414.24609375,1858.6527099609375,1.073600910604
Model_2,4265.77685546875,1548.4241943359375,0.9066212922334671
Ensemble,4319.935546875,1700.74853515625,0.9802010841667652
XGBoost,41724.72823391137,35867.773523565564,194.43380124446134
Meta-Model,5825.5888671875,2567.55908203125,209.62367057800293
