Model,Train_RMSE,Validation_RMSE,Test_RMSE,Train_MAE,Validation_MAE,Test_MAE,Train_MAPE,Validation_MAPE,Test_MAPE
Model_1,3922.905029296875,4971.93603515625,4414.24658203125,1737.8594970703125,1917.394775390625,1858.6524658203125,1.1272252798080444,1.199495553970337,1.0736008882522583
Model_2,3867.81884765625,5137.07275390625,4265.77685546875,1501.1651611328125,1724.075439453125,1548.4241943359375,0.9943678975105286,1.0806142091751099,0.9066212177276611
Ensemble,,5041.78759765625,4319.935546875,,1816.1107177734375,1700.74853515625,,1.1177362203598022,0.9802010655403137
