Lag,MAE,RMSE,MAPE
1.0,909.9165925480457,3429.711222851593,0.931438070726041
2.0,1407.20590812008,4020.38493834405,1.5520641190123183
3.0,1383.2260838420164,2952.683098797348,1.7048511225591356
