Lag,MAE,RMSE,MAPE
3.0,794.6087784061283,3127.965064624848,0.6847577461316515
