Country,Models,RMSE,MAE,MAPE
0,"['Model_1', 'Model_2', 'Ensemble']","[338.9783935546875, 282.5447692871094, 309.8096618652344]","[257.815673828125, 212.1298370361328, 234.97276306152344]","[0.9180796146392822, 0.7551970481872559, 0.836638331413269]"
1,"['Model_1', 'Model_2', 'Ensemble']","[264.31378173828125, 223.94943237304688, 243.81698608398438]","[227.9658203125, 194.23828125, 210.8397216796875]","[1.6175825595855713, 1.3600462675094604, 1.4868013858795166]"
2,"['Model_1', 'Model_2', 'Ensemble']","[4447.5966796875, 4438.33984375, 4419.81689453125]","[4004.7509765625, 4003.25146484375, 4004.003173828125]","[1.9005011320114136, 1.8808026313781738, 1.8906524181365967]"
3,"['Model_1', 'Model_2', 'Ensemble']","[1627.551513671875, 1567.8436279296875, 1596.410888671875]","[767.5743408203125, 806.300048828125, 786.9370727539062]","[0.7244032621383667, 0.761006236076355, 0.7427046298980713]"
4,"['Model_1', 'Model_2', 'Ensemble']","[2265.865966796875, 2267.83740234375, 2266.390625]","[743.0368041992188, 700.29248046875, 721.6029052734375]","[1.4251554012298584, 1.3183653354644775, 1.3716095685958862]"
5,"['Model_1', 'Model_2', 'Ensemble']","[1733.61376953125, 1768.9666748046875, 1750.3421630859375]","[922.3316650390625, 1023.3192749023438, 972.8252563476562]","[0.5588477253913879, 0.6199216842651367, 0.5893845558166504]"
6,"['Model_1', 'Model_2', 'Ensemble']","[1528.0885009765625, 1558.1190185546875, 1542.759033203125]","[929.875732421875, 962.3112182617188, 946.0939331054688]","[1.475020170211792, 1.5006135702133179, 1.487817645072937]"
7,"['Model_1', 'Model_2', 'Ensemble']","[6860.03271484375, 7028.96240234375, 6941.10009765625]","[3220.751220703125, 3622.811279296875, 3413.8603515625]","[0.5904521346092224, 0.6715629696846008, 0.6295663118362427]"
