Model,RMSE,MAE,MAPE
Model_1,3412.927978515625,1462.0196533203125,1.0388201102614403
Model_2,3467.072509765625,1541.865234375,1.0283635929226875
Ensemble,3435.514404296875,1500.62060546875,1.0332824662327766
XGBoost,41724.72823391137,35867.773523565564,194.43380124446134
Meta-Model,5460.015625,2234.694091796875,209.5259428024292
