Model,Train_RMSE,Validation_RMSE,Test_RMSE,Train_MAE,Validation_MAE,Test_MAE,Train_MAPE,Validation_MAPE,Test_MAPE
Model_1,3328.9931640625,3924.677001953125,3412.927978515625,1428.2861328125,1442.7034912109375,1462.0196533203125,1.175369143486023,1.067070484161377,1.0388201475143433
Model_2,3384.037109375,4001.362548828125,3467.07275390625,1516.9122314453125,1523.991455078125,1541.865234375,1.1692012548446655,1.0706815719604492,1.028363585472107
Ensemble,,3961.741455078125,3435.51416015625,,1481.273193359375,1500.62060546875,,1.0603457689285278,1.0332823991775513
