Country,Models,RMSE,MAE,MAPE
0,"['Model_1', 'Model_2', 'Ensemble']","[398.7655944824219, 295.4798889160156, 333.0682067871094]","[354.7417907714844, 204.0335693359375, 258.7585754394531]","[1.2570492029190063, 0.7106130123138428, 0.9077839851379395]"
1,"['Model_1', 'Model_2', 'Ensemble']","[347.97991943359375, 380.7485046386719, 361.6212158203125]","[346.922607421875, 361.30810546875, 354.1156005859375]","[2.351386547088623, 2.3564748764038086, 2.3539321422576904]"
2,"['Model_1', 'Model_2', 'Ensemble']","[8101.54248046875, 6831.03759765625, 7455.20849609375]","[5145.2138671875, 4730.806640625, 4938.01171875]","[1.932996153831482, 1.8651150465011597, 1.8990566730499268]"
3,"['Model_1', 'Model_2', 'Ensemble']","[1506.7529296875, 1346.9864501953125, 1421.197509765625]","[1110.4976806640625, 848.7393188476562, 978.017822265625]","[1.0245282649993896, 0.7762718200683594, 0.8989484310150146]"
4,"['Model_1', 'Model_2', 'Ensemble']","[3164.199462890625, 3112.7109375, 3125.763916015625]","[988.6608276367188, 940.0935668945312, 821.6937255859375]","[1.6604642868041992, 1.6122512817382812, 1.3434836864471436]"
5,"['Model_1', 'Model_2', 'Ensemble']","[2157.14013671875, 2078.3681640625, 2116.145751953125]","[1693.0816650390625, 1588.6033935546875, 1640.84130859375]","[1.0268076658248901, 0.9636967182159424, 0.9952515363693237]"
6,"['Model_1', 'Model_2', 'Ensemble']","[1764.3994140625, 1736.52978515625, 1747.176513671875]","[1061.65283203125, 1120.85400390625, 1091.2530517578125]","[1.7083940505981445, 1.7628884315490723, 1.7356410026550293]"
7,"['Model_1', 'Model_2', 'Ensemble']","[8186.9130859375, 7984.56201171875, 8070.00390625]","[4709.19189453125, 3938.884765625, 4311.4560546875]","[0.8783848881721497, 0.7148923277854919, 0.793660044670105]"
