Model,Train_RMSE,Validation_RMSE,Test_RMSE,Train_MAE,Validation_MAE,Test_MAE,Train_MAPE,Validation_MAPE,Test_MAPE
Model_1,4218.9921875,5209.6650390625,4523.111328125,1921.7860107421875,2143.046142578125,2056.912353515625,1.397003173828125,1.5107767581939697,1.3323076963424683
Model_2,3991.134765625,5658.30126953125,4221.88525390625,1734.95361328125,2061.818359375,1811.3681640625,1.2623120546340942,1.5901867151260376,1.1804165840148926
Ensemble,,5328.97802734375,4361.42333984375,,2083.773193359375,1910.7767333984375,,1.501556634902954,1.2083523273468018
