Lag,MAE,RMSE,MAPE
3.0,328.4340612289431,1484.8776421901714,0.21211616904818695
