Lag,MAE,RMSE,MAPE
3.0,156650.73567316507,226208.6750241408,100.0
