Country,MAE,RMSE,MAPE
JP,4263.952354122536,8062.105848697285,3.3318657773361586
GB,2148.6991839602924,3234.5014238869308,4.127162824419701
CA,1993.0386483944828,2938.338862210857,8.37603370158885
US,6707.210093462273,17271.979290658182,2.0686267758609524
DE,2268.078093086445,4053.8198262489077,2.664608193878698
CH,2550.6916285092802,3262.604597928508,17.42770646760382
KR,2817.8837620240915,4442.961813844193,5.712739487586346
CN,17324.343615229744,24983.425847244933,20.45220181741187
