Lag,MAE,RMSE,MAPE
3.0,8617.67201329737,18589.568593440235,10.142800177587755
