Lag,MAE,RMSE,MAPE
3.0,4908.763084467374,11422.370691227643,6.907832335961367
