Country,Models,RMSE,MAE,MAPE
0,"['Model_1', 'Model_2', 'Ensemble']","[292.9798889160156, 305.8370056152344, 298.7829284667969]","[145.5824432373047, 137.26829528808594, 141.42547607421875]","[0.5062687993049622, 0.47708842158317566, 0.4916790723800659]"
1,"['Model_1', 'Model_2', 'Ensemble']","[68.2518310546875, 67.63849639892578, 65.42378234863281]","[67.6441650390625, 58.2886962890625, 62.9666748046875]","[0.4630187153816223, 0.4378140866756439, 0.45041823387145996]"
2,"['Model_1', 'Model_2', 'Ensemble']","[7243.48046875, 7330.82666015625, 7272.54052734375]","[6245.53369140625, 6407.099609375, 6326.314453125]","[2.6477437019348145, 2.7307047843933105, 2.689223527908325]"
3,"['Model_1', 'Model_2', 'Ensemble']","[1363.320068359375, 1333.6312255859375, 1348.13134765625]","[858.19775390625, 815.1500244140625, 835.5513305664062]","[0.7862980365753174, 0.7480153441429138, 0.7661965489387512]"
4,"['Model_1', 'Model_2', 'Ensemble']","[3095.44140625, 3104.932373046875, 3100.05615234375]","[834.080078125, 833.5909423828125, 832.0987548828125]","[1.3259539604187012, 1.3331477642059326, 1.324915885925293]"
5,"['Model_1', 'Model_2', 'Ensemble']","[1947.771484375, 1915.903564453125, 1931.5543212890625]","[1370.5684814453125, 1313.346923828125, 1341.9559326171875]","[0.831049382686615, 0.7966134548187256, 0.813830554485321]"
6,"['Model_1', 'Model_2', 'Ensemble']","[1741.9776611328125, 1763.71044921875, 1751.19921875]","[983.638916015625, 1064.14990234375, 1022.1568603515625]","[1.6220767498016357, 1.7914706468582153, 1.7016613483428955]"
7,"['Model_1', 'Model_2', 'Ensemble']","[8175.9912109375, 8192.93359375, 8184.22119140625]","[4585.45166015625, 4579.7646484375, 4582.60498046875]","[0.8538686037063599, 0.853521466255188, 0.853694498538971]"
