Country,Models,RMSE,MAE,MAPE
0,"['Model_1', 'Model_2', 'Ensemble']","[356.5697021484375, 418.4356994628906, 384.6199951171875]","[275.4237365722656, 331.4936218261719, 302.1703186035156]","[0.9823915362358093, 1.1848710775375366, 1.0789247751235962]"
1,"['Model_1', 'Model_2', 'Ensemble']","[360.9505920410156, 374.68145751953125, 366.9815673828125]","[237.7109375, 274.3021240234375, 256.0064697265625]","[1.8504486083984375, 2.0914063453674316, 1.9709270000457764]"
2,"['Model_1', 'Model_2', 'Ensemble']","[4167.2177734375, 4243.36572265625, 4202.9609375]","[3558.994140625, 3630.012451171875, 3588.4404296875]","[1.7345783710479736, 1.7566429376602173, 1.7443066835403442]"
3,"['Model_1', 'Model_2', 'Ensemble']","[1647.76708984375, 1678.4049072265625, 1660.8106689453125]","[663.6044311523438, 767.4625244140625, 710.8356323242188]","[0.6223029494285583, 0.7153069376945496, 0.6633763909339905]"
4,"['Model_1', 'Model_2', 'Ensemble']","[2645.452880859375, 2462.224853515625, 2543.523681640625]","[897.1297607421875, 789.5654296875, 835.5545654296875]","[1.69582200050354, 1.5301305055618286, 1.598023772239685]"
5,"['Model_1', 'Model_2', 'Ensemble']","[1801.7840576171875, 1816.8060302734375, 1807.943603515625]","[1002.421875, 1054.5770263671875, 1028.499267578125]","[0.6070123910903931, 0.6380925178527832, 0.6225523352622986]"
6,"['Model_1', 'Model_2', 'Ensemble']","[1529.37646484375, 1525.1806640625, 1525.9263916015625]","[880.7296752929688, 929.9863891601562, 905.3577270507812]","[1.3160898685455322, 1.4240304231643677, 1.370059609413147]"
7,"['Model_1', 'Model_2', 'Ensemble']","[6658.392578125, 6812.09521484375, 6731.53369140625]","[3432.900146484375, 3604.991455078125, 3518.902587890625]","[0.634465754032135, 0.6687939763069153, 0.6516220569610596]"
