Model,Train_RMSE,Validation_RMSE,Test_RMSE,Train_MAE,Validation_MAE,Test_MAE,Train_MAPE,Validation_MAPE,Test_MAPE
Model_1,3328.283203125,3908.7001953125,3353.60888671875,1424.00390625,1498.389404296875,1461.075439453125,1.1230924129486084,1.0888489484786987,1.0453132390975952
Model_2,3341.334228515625,3953.634033203125,3400.21240234375,1489.576904296875,1572.5419921875,1522.953125,1.1944248676300049,1.195563554763794,1.09858238697052
Ensemble,,3927.478759765625,3373.69091796875,,1530.326904296875,1489.41064453125,,1.1309908628463745,1.068352460861206
