Lag,MAE,RMSE,MAPE
3.0,52690.332394018915,74647.0380718893,90.63849191512278
