Country,Models,RMSE,MAE,MAPE
0,"['Model_1', 'Model_2', 'Ensemble']","[275.2774353027344, 235.30406188964844, 235.10365295410156]","[227.93292236328125, 178.03659057617188, 176.3009796142578]","[0.8092907071113586, 0.6413145065307617, 0.6288933157920837]"
1,"['Model_1', 'Model_2', 'Ensemble']","[156.29080200195312, 253.82577514648438, 152.7556915283203]","[147.766357421875, 217.60595703125, 93.78466796875]","[1.0139224529266357, 1.477981448173523, 0.6310668587684631]"
2,"['Model_1', 'Model_2', 'Ensemble']","[3816.658447265625, 2387.01611328125, 2701.019287109375]","[2581.469970703125, 2080.58935546875, 2206.546142578125]","[1.0189088582992554, 0.963563084602356, 0.9001026749610901]"
3,"['Model_1', 'Model_2', 'Ensemble']","[1387.5096435546875, 1307.845947265625, 1317.0296630859375]","[1003.69677734375, 848.2949829101562, 890.9597778320312]","[0.9259908199310303, 0.7996820211410522, 0.8235807418823242]"
4,"['Model_1', 'Model_2', 'Ensemble']","[2990.788818359375, 2930.685791015625, 2944.147705078125]","[913.4217529296875, 838.8175659179688, 835.7457885742188]","[1.513942837715149, 1.4562976360321045, 1.387410283088684]"
5,"['Model_1', 'Model_2', 'Ensemble']","[1803.2940673828125, 1677.4521484375, 1638.2142333984375]","[1261.655517578125, 1022.3494262695312, 976.268798828125]","[0.7682381868362427, 0.6227656602859497, 0.5956268310546875]"
6,"['Model_1', 'Model_2', 'Ensemble']","[1780.8291015625, 1754.8502197265625, 1747.8311767578125]","[1192.623046875, 1065.8050537109375, 1112.489990234375]","[2.0715651512145996, 1.9032795429229736, 1.967873454093933]"
7,"['Model_1', 'Model_2', 'Ensemble']","[7032.96875, 8349.912109375, 7266.34423828125]","[4770.1708984375, 4240.021484375, 3694.027587890625]","[0.926199197769165, 0.7836313247680664, 0.6837964653968811]"
