Model,RMSE,MAE,MAPE
Model_1,3468.97802734375,1717.4110107421875,1.1363358236849308
Model_2,3785.15869140625,1486.793701171875,1.024941448122263
Ensemble,3418.52392578125,1412.8887939453125,0.9790265001356602
XGBoost,43512.468233094136,36923.801443903256,193.43205420429496
Meta-Model,5193.32568359375,2209.74072265625,209.4407081604004
