Model,Train_RMSE,Validation_RMSE,Test_RMSE,Train_MAE,Validation_MAE,Test_MAE,Train_MAPE,Validation_MAPE,Test_MAPE
Model_1,2321.2802734375,3000.733154296875,3468.97802734375,1312.66015625,1442.4923095703125,1717.4110107421875,1.0157793760299683,1.178661823272705,1.136335849761963
Model_2,2005.210693359375,4085.9189453125,3785.158447265625,1119.0218505859375,1548.3814697265625,1486.793701171875,0.8702428340911865,1.1361874341964722,1.0249414443969727
Ensemble,,3434.989990234375,3418.52392578125,,1395.3048095703125,1412.8887939453125,,1.0823705196380615,0.9790264964103699
