Lag,MAE,RMSE,MAPE
3.0,1865.4171454756554,4297.207809172301,1.2797431172717748
