Lag,MAE,RMSE,MAPE
3.0,37004.577836959055,41898.29933930384,59.71574149606711
