Lag,MAE,RMSE,MAPE
3.0,1845.880365899187,4035.2229670798656,1.191541582437856
