Lag,MAE,RMSE,MAPE
3.0,1492330.7873318153,3747245.8484762255,1063.4665981374571
