Lag,MAE,RMSE,MAPE
3.0,2036.4658957087881,4473.525915609967,1.3862472238897323
