Country,Models,RMSE,MAE,MAPE
0,"['Model_1', 'Model_2', 'Ensemble']","[298.8645935058594, 343.4698181152344, 314.8191223144531]","[222.4182586669922, 277.0877685546875, 245.63400268554688]","[0.7852104306221008, 0.9771818518638611, 0.8662235140800476]"
1,"['Model_1', 'Model_2', 'Ensemble']","[637.8538208007812, 663.7135009765625, 647.5189208984375]","[516.1337280273438, 600.1723022460938, 558.153076171875]","[3.140845775604248, 3.7686448097229004, 3.4547460079193115]"
2,"['Model_1', 'Model_2', 'Ensemble']","[6634.4501953125, 6880.25341796875, 6747.48974609375]","[4487.95703125, 4466.79345703125, 4477.376953125]","[1.9244959354400635, 1.8682268857955933, 1.8963618278503418]"
3,"['Model_1', 'Model_2', 'Ensemble']","[1611.394287109375, 1669.666015625, 1639.31005859375]","[1274.2847900390625, 1333.32470703125, 1303.80517578125]","[1.375319004058838, 1.4394127130508423, 1.4073662757873535]"
4,"['Model_1', 'Model_2', 'Ensemble']","[3754.60009765625, 3658.09912109375, 3703.146728515625]","[1388.7496337890625, 1360.7469482421875, 1373.951416015625]","[2.459003448486328, 2.4086742401123047, 2.4316816329956055]"
5,"['Model_1', 'Model_2', 'Ensemble']","[2474.294921875, 2568.184326171875, 2520.47265625]","[2056.636474609375, 2108.493896484375, 2082.565673828125]","[1.2680096626281738, 1.3002402782440186, 1.2841252088546753]"
6,"['Model_1', 'Model_2', 'Ensemble']","[1311.652587890625, 1322.5843505859375, 1315.5897216796875]","[1191.0997314453125, 1194.5703125, 1190.4005126953125]","[1.9605910778045654, 1.9702759981155396, 1.963067650794983]"
7,"['Model_1', 'Model_2', 'Ensemble']","[6557.37158203125, 6871.84716796875, 6710.93701171875]","[4502.14501953125, 4701.3935546875, 4601.767578125]","[0.975572943687439, 1.0221530199050903, 0.9988628625869751]"
