Model,RMSE,MAE,MAPE
Model_1,3851.16015625,2074.410888671875,1.5364820137619972
Model_2,3985.228271484375,2129.277099609375,1.5992319211363792
Ensemble,3914.46142578125,2100.86572265625,1.5651609748601913
XGBoost,43591.627848082695,37970.58699570071,189.0200059172933
Meta-Model,5377.57177734375,2376.212890625,208.06217193603516
