Model,Train_RMSE,Validation_RMSE,Test_RMSE,Train_MAE,Validation_MAE,Test_MAE,Train_MAPE,Validation_MAPE,Test_MAPE
Model_1,4675.75146484375,4294.4931640625,3851.16015625,2301.87939453125,2178.560302734375,2074.4111328125,1.6133090257644653,1.6178052425384521,1.5364819765090942
Model_2,4839.16015625,4439.6162109375,3985.22802734375,2379.141845703125,2253.79931640625,2129.27734375,1.7044260501861572,1.6829748153686523,1.5992319583892822
Ensemble,,4362.4580078125,3914.461181640625,,2215.426513671875,2100.86572265625,,1.6479525566101074,1.5651609897613525
