Country,MAE,RMSE,MAPE
KR,164.64502179471987,501.9809664047936,0.26761157425556614
DE,140.02530661892658,445.6976666583714,0.13032998760995704
GB,105.18410795402518,491.5526637782594,0.18454927785261283
JP,189.56286048370927,679.3013142334449,0.11725003070487883
CA,26.758364485528,96.555463875859,0.09621920814353427
US,880.2214156010918,2586.128278475054,0.17363919070058756
CN,1028.9309024979436,2971.329576993215,0.4739500193271717
CH,45.742430448381285,130.56906578526363,0.3006517639707117
