Country,Models,RMSE,MAE,MAPE
0,"['Model_1', 'Model_2', 'Ensemble']","[765.3604736328125, 591.0321044921875, 460.58013916015625]","[601.1697387695312, 475.984130859375, 402.1171875]","[2.1674981117248535, 1.6873773336410522, 1.4377583265304565]"
1,"['Model_1', 'Model_2', 'Ensemble']","[1137.0595703125, 1186.6787109375, 1117.1610107421875]","[953.6678466796875, 1015.3073120117188, 981.867431640625]","[6.55494499206543, 6.9249653816223145, 6.716592788696289]"
2,"['Model_1', 'Model_2', 'Ensemble']","[33648.6171875, 26024.59765625, 28919.630859375]","[25975.140625, 19185.1875, 22524.775390625]","[17.3215274810791, 14.595733642578125, 15.944761276245117]"
3,"['Model_1', 'Model_2', 'Ensemble']","[3143.231201171875, 1778.451416015625, 2116.9072265625]","[2232.1923828125, 1172.0233154296875, 1575.8668212890625]","[2.1050193309783936, 1.10179603099823, 1.485612392425537]"
4,"['Model_1', 'Model_2', 'Ensemble']","[7838.55078125, 5511.71923828125, 6503.13818359375]","[3032.387939453125, 2408.46923828125, 2380.955322265625]","[6.476984977722168, 4.804995059967041, 4.8835039138793945]"
5,"['Model_1', 'Model_2', 'Ensemble']","[5846.6669921875, 3986.435302734375, 4736.20361328125]","[4924.84716796875, 3380.844970703125, 3836.025634765625]","[3.004363775253296, 2.0492148399353027, 2.334589958190918]"
6,"['Model_1', 'Model_2', 'Ensemble']","[5163.06640625, 4885.1630859375, 4894.736328125]","[4038.71728515625, 3445.57666015625, 3596.175048828125]","[5.932986259460449, 5.104767322540283, 5.260412693023682]"
7,"['Model_1', 'Model_2', 'Ensemble']","[8606.42578125, 6508.13037109375, 7097.51220703125]","[5743.724609375, 3871.06494140625, 4377.9580078125]","[1.1683846712112427, 0.7934545874595642, 0.9043257832527161]"
