Model,Train_RMSE,Validation_RMSE,Test_RMSE,Train_MAE,Validation_MAE,Test_MAE,Train_MAPE,Validation_MAPE,Test_MAPE
Model_1,10316.4599609375,14234.2568359375,12903.6865234375,4868.1083984375,5572.11865234375,6057.79296875,4.1135358810424805,5.600494861602783,5.355669975280762
Model_2,9574.2421875,9105.060546875,9925.6552734375,4054.270751953125,3992.375,4424.34619140625,3.420335054397583,3.957744598388672,4.293925762176514
Ensemble,,11209.490234375,11034.9931640625,,4546.58349609375,5031.8994140625,,4.45493221282959,4.5652875900268555
