Country,MAE,RMSE,MAPE
KR,19137.514098842268,23213.314001634495,39.870119437812
DE,14411.378106597627,17418.369903403946,12.383434649784755
GB,26415.589695495655,29418.128215999433,60.905564553445345
JP,45435.2470249959,45625.32546176313,27.852458527719154
CA,47696.869608480425,47714.31727995014,170.94552885494116
US,59793.98638923159,72767.27921571684,11.855261121661666
CN,52778.296581867595,60248.365741284455,21.197754742589314
CH,59227.4143091919,59269.60282328275,391.8030789849753
