Dataset,adjusted_r_squared
Train,0.9999871253967285
Test,0.9997743368148804
