Country,Models,RMSE,MAE,MAPE
0,"['Model_1', 'Model_2', 'Ensemble']","[331.22998046875, 333.9767150878906, 332.58917236328125]","[246.8826141357422, 249.72512817382812, 248.3037567138672]","[0.8768310546875, 0.8872752785682678, 0.8820528388023376]"
1,"['Model_1', 'Model_2', 'Ensemble']","[155.79612731933594, 159.99560546875, 157.8274383544922]","[133.492431640625, 134.243408203125, 133.867919921875]","[0.9414523839950562, 0.9558255076408386, 0.9486390352249146]"
2,"['Model_1', 'Model_2', 'Ensemble']","[3617.328125, 3612.703125, 3614.96923828125]","[2899.057861328125, 2884.568359375, 2891.8115234375]","[1.512304663658142, 1.5066388845443726, 1.5094711780548096]"
3,"['Model_1', 'Model_2', 'Ensemble']","[1241.3717041015625, 1244.47314453125, 1242.906982421875]","[543.3894653320312, 551.632080078125, 547.5104370117188]","[0.47767865657806396, 0.4856056869029999, 0.48164188861846924]"
4,"['Model_1', 'Model_2', 'Ensemble']","[2611.28759765625, 2614.80908203125, 2613.04638671875]","[861.1771240234375, 865.0016479492188, 863.0892333984375]","[1.5797693729400635, 1.5871405601501465, 1.5834546089172363]"
5,"['Model_1', 'Model_2', 'Ensemble']","[1626.860595703125, 1632.6771240234375, 1629.7442626953125]","[914.7560424804688, 930.9111938476562, 922.8323974609375]","[0.5554052591323853, 0.5652313828468323, 0.5603175759315491]"
6,"['Model_1', 'Model_2', 'Ensemble']","[1576.8477783203125, 1575.8134765625, 1576.3236083984375]","[570.8601684570312, 566.0237426757812, 568.4419555664062]","[0.9417765736579895, 0.9312371611595154, 0.9365068078041077]"
7,"['Model_1', 'Model_2', 'Ensemble']","[8247.111328125, 8275.1533203125, 8261.076171875]","[3325.14453125, 3389.767822265625, 3357.460205078125]","[0.5941867232322693, 0.60707688331604, 0.6006325483322144]"
