Model,RMSE,MAE,MAPE
Model_1,3798.353759765625,1289.6083984375,0.8801158517599106
Model_2,3808.78515625,1302.752685546875,0.8856035768985748
Ensemble,3803.540771484375,1296.1807861328125,0.8828595280647278
XGBoost,41724.72823391137,35867.773523565564,194.43380124446134
Meta-Model,5591.62353515625,2377.16455078125,209.62328910827637
