Model,Train_RMSE,Validation_RMSE,Test_RMSE,Train_MAE,Validation_MAE,Test_MAE,Train_MAPE,Validation_MAPE,Test_MAPE
Model_1,3510.774169921875,4531.64404296875,3798.35400390625,1266.978515625,1434.7269287109375,1289.6083984375,0.9654069542884827,0.9903783202171326,0.8801159262657166
Model_2,3517.21875,4541.51953125,3808.784912109375,1277.0792236328125,1446.209716796875,1302.752685546875,0.9703183770179749,0.9949094653129578,0.8856034874916077
Ensemble,,4536.55712890625,3803.54052734375,,1440.4439697265625,1296.1806640625,,0.9925557374954224,0.8828596472740173
