Country,MAE,RMSE,MAPE
CA,199.1327178396618,266.7767149014722,0.7121697138609517
KR,383.2421160141401,585.1878134478352,0.7084741634737607
CH,370.1898210469472,388.99153551838657,2.6270701874549043
DE,548.1263636282015,923.1705135424321,0.5481977567518527
US,234.69953763896982,305.8386433791269,0.04488615403811128
GB,399.78982636817193,465.73276792280535,0.8363011860650468
CN,407.59487012004803,903.3094290275333,0.28879775463262075
JP,659.6124983015449,919.787064570797,0.3997633194382654
