Lag,MAE,RMSE,MAPE
3.0,1803.7702917853971,3977.316740604287,1.2431817210261387
