Country,Models,RMSE,MAE,MAPE
0,"['Model_1', 'Model_2', 'Ensemble']","[956.5285034179688, 281.8838806152344, 507.3633728027344]","[950.6009521484375, 69.0418930053711, 487.34832763671875]","[3.3979647159576416, 0.23263269662857056, 1.7388049364089966]"
1,"['Model_1', 'Model_2', 'Ensemble']","[873.7913208007812, 126.00483703613281, 499.89483642578125]","[873.645263671875, 126.0015869140625, 499.8236083984375]","[5.97880220413208, 0.8638519048690796, 3.421327829360962]"
2,"['Model_1', 'Model_2', 'Ensemble']","[8982.4169921875, 4119.64453125, 6114.48681640625]","[5900.52099609375, 3663.131591796875, 4743.79638671875]","[2.2194619178771973, 1.8360188007354736, 2.006946563720703]"
3,"['Model_1', 'Model_2', 'Ensemble']","[1876.391845703125, 1126.9080810546875, 1405.193603515625]","[1600.1693115234375, 461.1639099121094, 1021.4479370117188]","[1.4991695880889893, 0.4110505282878876, 0.9440957307815552]"
4,"['Model_1', 'Model_2', 'Ensemble']","[3243.0458984375, 2999.33837890625, 3058.002197265625]","[1643.946044921875, 622.7672729492188, 1131.9776611328125]","[3.0331690311431885, 1.0218852758407593, 2.025421380996704]"
5,"['Model_1', 'Model_2', 'Ensemble']","[2509.782470703125, 1587.92724609375, 1907.8935546875]","[2143.48046875, 570.1115112304688, 1346.66552734375]","[1.2996562719345093, 0.3467649817466736, 0.8172339797019958]"
6,"['Model_1', 'Model_2', 'Ensemble']","[1871.5758056640625, 1679.4630126953125, 1736.606201171875]","[1440.9588623046875, 817.738037109375, 1129.3477783203125]","[2.367147922515869, 1.3392179012298584, 1.853182315826416]"
7,"['Model_1', 'Model_2', 'Ensemble']","[8325.400390625, 8394.2509765625, 8247.669921875]","[5292.17724609375, 3145.340087890625, 4217.66259765625]","[1.0037310123443604, 0.5572875738143921, 0.7802839875221252]"
