Country,MAE,RMSE,MAPE
KR,181.16960613041852,464.1769157678166,0.272530609806648
DE,253.7744109096966,523.4202380909678,0.23514079894842396
GB,132.13190679849697,228.19871702215517,0.2630034085377886
JP,289.0396755569774,716.3036229672985,0.179334488358596
CA,77.03000044838029,144.9527858788809,0.2736206796253462
US,244.95641929248856,472.2541701252697,0.051199852832846185
CN,207.9763990379303,544.4323286761595,0.13575543152544334
CH,51.33599892895927,60.154570319517134,0.36790068850029534
