Country,Models,RMSE,MAE,MAPE
0,"['Model_1', 'Model_2', 'Ensemble']","[303.3810119628906, 291.196044921875, 295.94854736328125]","[175.1158447265625, 171.61471557617188, 165.6302947998047]","[0.6185726523399353, 0.6059881448745728, 0.5857768654823303]"
1,"['Model_1', 'Model_2', 'Ensemble']","[211.26107788085938, 195.50537109375, 202.7762908935547]","[200.635009765625, 192.8099365234375, 196.7230224609375]","[1.421059012413025, 1.3418306112289429, 1.3814481496810913]"
2,"['Model_1', 'Model_2', 'Ensemble']","[4149.93310546875, 4300.75927734375, 4222.71533203125]","[3580.13427734375, 3701.356201171875, 3640.742919921875]","[1.7940475940704346, 1.8473217487335205, 1.820683479309082]"
3,"['Model_1', 'Model_2', 'Ensemble']","[1176.3687744140625, 1209.59912109375, 1192.25732421875]","[647.36083984375, 713.5440063476562, 680.451416015625]","[0.5879160165786743, 0.6470394134521484, 0.617476761341095]"
4,"['Model_1', 'Model_2', 'Ensemble']","[2941.6396484375, 2945.8544921875, 2943.536376953125]","[678.9747924804688, 732.7236328125, 705.8497924804688]","[1.177372932434082, 1.2724289894104004, 1.2249016761779785]"
5,"['Model_1', 'Model_2', 'Ensemble']","[1640.572509765625, 1709.63134765625, 1673.1361083984375]","[835.3895874023438, 988.2958374023438, 911.4403686523438]","[0.5083610415458679, 0.600544810295105, 0.5542129278182983]"
6,"['Model_1', 'Model_2', 'Ensemble']","[1663.2083740234375, 1687.331298828125, 1674.5125732421875]","[916.6102905273438, 985.5154418945312, 951.0619506835938]","[1.512341022491455, 1.6085827350616455, 1.5604606866836548]"
7,"['Model_1', 'Model_2', 'Ensemble']","[8239.7373046875, 8225.2548828125, 8228.9765625]","[4038.1611328125, 4423.83935546875, 4231.001953125]","[0.7424212694168091, 0.8225405812263489, 0.7824811935424805]"
