Model,Train_RMSE,Validation_RMSE,Test_RMSE,Train_MAE,Validation_MAE,Test_MAE,Train_MAPE,Validation_MAPE,Test_MAPE
Model_1,3553.363525390625,4535.91162109375,3882.798828125,1452.9932861328125,1585.0191650390625,1499.9278564453125,1.0181946754455566,1.0661017894744873,0.9533789753913879
Model_2,3593.14013671875,4536.255859375,3901.90283203125,1567.1163330078125,1701.2886962890625,1624.997314453125,1.0652012825012207,1.2615703344345093,1.0175050497055054
Ensemble,,4533.20263671875,3890.50244140625,,1640.9693603515625,1561.4539794921875,,1.1612085103988647,0.982148289680481
