Country,Models,RMSE,MAE,MAPE
0,"['Model_1', 'Model_2', 'Ensemble']","[232.04376220703125, 580.2276000976562, 380.5672302246094]","[203.88790893554688, 501.3804626464844, 349.12127685546875]","[0.730327308177948, 1.8252825736999512, 1.2649528980255127]"
1,"['Model_1', 'Model_2', 'Ensemble']","[664.1515502929688, 698.2730102539062, 665.4688110351562]","[562.3466186523438, 589.858642578125, 576.1027221679688]","[3.6787588596343994, 3.711193799972534, 3.694977283477783]"
2,"['Model_1', 'Model_2', 'Ensemble']","[8032.37646484375, 7856.3408203125, 7918.4208984375]","[6453.97314453125, 6562.05078125, 6508.01025390625]","[3.5536203384399414, 3.2973971366882324, 3.4255073070526123]"
3,"['Model_1', 'Model_2', 'Ensemble']","[1780.98193359375, 1661.2188720703125, 1704.88232421875]","[1205.664794921875, 1279.8577880859375, 1241.1707763671875]","[1.376042366027832, 1.4176063537597656, 1.3951956033706665]"
4,"['Model_1', 'Model_2', 'Ensemble']","[3526.831787109375, 3542.848388671875, 3531.68994140625]","[1324.278564453125, 1518.33642578125, 1418.79150390625]","[2.3390331268310547, 2.774777412414551, 2.5529098510742188]"
5,"['Model_1', 'Model_2', 'Ensemble']","[2249.193359375, 2277.636962890625, 2260.603515625]","[1403.973876953125, 1561.4617919921875, 1482.716552734375]","[0.8692244291305542, 0.9657065272331238, 0.9174647927284241]"
6,"['Model_1', 'Model_2', 'Ensemble']","[1295.3248291015625, 1344.8868408203125, 1315.3653564453125]","[1155.8770751953125, 1234.51708984375, 1195.196533203125]","[1.9722949266433716, 2.117387056350708, 2.044840097427368]"
7,"['Model_1', 'Model_2', 'Ensemble']","[7255.33642578125, 7226.232421875, 7222.9755859375]","[5573.4931640625, 5689.64453125, 5625.12109375]","[1.233193039894104, 1.2739160060882568, 1.252047061920166]"
