Model,RMSE,MAE,MAPE
Model_1,4273.67236328125,2330.199951171875,1.6887368634343147
Model_2,4233.8720703125,2472.92041015625,1.9183535128831863
Ensemble,4240.9443359375,2399.46728515625,1.8007105216383934
XGBoost,43675.646509113765,38026.61203456998,188.38854106469208
Meta-Model,5307.65771484375,2349.236572265625,208.08138847351074
