Model,Train_RMSE,Validation_RMSE,Test_RMSE,Train_MAE,Validation_MAE,Test_MAE,Train_MAPE,Validation_MAPE,Test_MAPE
Model_1,4770.52978515625,4482.0458984375,4273.67236328125,2359.1748046875,2216.98291015625,2330.200439453125,1.682480812072754,1.5153523683547974,1.688736915588379
Model_2,4719.2236328125,4531.458984375,4233.8720703125,2454.861572265625,2340.83984375,2472.92041015625,1.876041054725647,1.838308334350586,1.91835355758667
Ensemble,,4494.583984375,4240.94482421875,,2263.945068359375,2399.46728515625,,1.590866208076477,1.8007105588912964
