Country,MAE,RMSE,MAPE
JP,277.69088740180075,771.4114135536191,0.19072073743783863
CA,48.58563692087654,152.2219055131779,0.2105738306347727
DE,149.9577320403876,474.4157809444647,0.14537324445095853
US,1132.4698047834306,3028.2776477150196,0.2505993337220092
CN,1188.4302793849733,3350.2691163503046,0.6143368148929945
KR,177.69183045549613,586.9987378771561,0.29222128022378696
CH,32.807110209189275,120.93228824963991,0.227354529253249
GB,90.79334307280863,426.48564445084594,0.18298812058730018
