Lag,MAE,RMSE,MAPE
3.0,397.98260863970324,1656.8049141477745,0.25918604645957455
