Lag,MAE,RMSE,MAPE
3.0,716.0856178622878,3005.552611062027,0.5878967284927972
