Lag,MAE,RMSE,MAPE
3.0,39636.03956266561,47668.19402436517,67.72234470170683
