Lag,MAE,RMSE,MAPE
3.0,349.71264042901834,1323.5335449865559,0.3554324044947814
