Lag,MAE,RMSE,MAPE
3.0,1087.7706247423184,3805.564776063857,0.7823307439798202
