Country,Models,RMSE,MAE,MAPE
0,"['Model_1', 'Model_2', 'Ensemble']","[563.2386474609375, 488.5243225097656, 407.5704040527344]","[434.6097106933594, 378.3236389160156, 300.06683349609375]","[1.5668246746063232, 1.357649564743042, 1.0798802375793457]"
1,"['Model_1', 'Model_2', 'Ensemble']","[662.2537841796875, 736.088623046875, 683.26708984375]","[431.72607421875, 640.694091796875, 535.3786010742188]","[3.2664780616760254, 4.555651664733887, 3.9060678482055664]"
2,"['Model_1', 'Model_2', 'Ensemble']","[7946.6064453125, 7035.54150390625, 7441.7373046875]","[6239.61865234375, 5385.41162109375, 5801.0751953125]","[2.8810012340545654, 2.295663356781006, 2.580493211746216]"
3,"['Model_1', 'Model_2', 'Ensemble']","[1521.98486328125, 1562.1190185546875, 1431.7418212890625]","[964.4813842773438, 1046.26123046875, 932.8176879882812]","[1.072785496711731, 1.0764080286026, 0.9995295405387878]"
4,"['Model_1', 'Model_2', 'Ensemble']","[3663.443359375, 3401.604248046875, 3510.85302734375]","[1448.170654296875, 1549.0867919921875, 1459.9835205078125]","[2.562439441680908, 2.7965087890625, 2.597165584564209]"
5,"['Model_1', 'Model_2', 'Ensemble']","[2224.4853515625, 2229.88525390625, 2198.632080078125]","[1539.8077392578125, 1404.701904296875, 1451.5660400390625]","[0.9640658497810364, 0.8847955465316772, 0.9122032523155212]"
6,"['Model_1', 'Model_2', 'Ensemble']","[1386.326171875, 1255.333984375, 1295.9478759765625]","[1192.1405029296875, 1027.484130859375, 1108.588134765625]","[1.9814919233322144, 1.6182284355163574, 1.7980607748031616]"
7,"['Model_1', 'Model_2', 'Ensemble']","[6848.13916015625, 6122.50390625, 6420.8564453125]","[5460.771484375, 5000.41748046875, 5133.37109375]","[1.2129935026168823, 1.0953054428100586, 1.1322911977767944]"
