Model,RMSE,MAE,MAPE
Model_1,4151.69580078125,2319.49462890625,1.7133485525846481
Model_2,3746.42529296875,2140.203125,1.6245037317276
Ensemble,3907.00048828125,2178.225830078125,1.5853771939873695
XGBoost,41898.29933930384,37004.577836959055,188.87609808178058
Meta-Model,5308.8076171875,2335.47607421875,208.05397033691406
