Model,Train_RMSE,Validation_RMSE,Test_RMSE,Train_MAE,Validation_MAE,Test_MAE,Train_MAPE,Validation_MAPE,Test_MAPE
Model_1,4379.22021484375,4920.982421875,4151.69580078125,2121.185302734375,2454.10400390625,2319.49462890625,1.4953871965408325,2.033097982406616,1.7133485078811646
Model_2,3683.5244140625,4496.2841796875,3746.425537109375,1803.6312255859375,2286.6845703125,2140.203369140625,1.3491986989974976,2.1448137760162354,1.6245033740997314
Ensemble,,4667.35205078125,3907.000732421875,,2312.128662109375,2178.225830078125,,1.9766231775283813,1.5853772163391113
