Country,Models,RMSE,MAE,MAPE
0,"['Model_1', 'Model_2', 'Ensemble']","[298.6706848144531, 295.72711181640625, 297.1928405761719]","[198.8890838623047, 195.9437255859375, 197.41612243652344]","[0.7100827693939209, 0.6993797421455383, 0.7047302722930908]"
1,"['Model_1', 'Model_2', 'Ensemble']","[206.26470947265625, 203.97769165039062, 205.1108856201172]","[134.4482421875, 132.8857421875, 133.3994140625]","[1.046791434288025, 1.0344221591949463, 1.0387831926345825]"
2,"['Model_1', 'Model_2', 'Ensemble']","[3499.171875, 3506.1494140625, 3502.584716796875]","[2692.843994140625, 2712.99658203125, 2702.919189453125]","[1.3979475498199463, 1.4055843353271484, 1.401766061782837]"
3,"['Model_1', 'Model_2', 'Ensemble']","[1245.7855224609375, 1244.92724609375, 1245.33447265625]","[483.23046875, 478.3663330078125, 480.7032775878906]","[0.42884597182273865, 0.425070196390152, 0.4268427789211273]"
4,"['Model_1', 'Model_2', 'Ensemble']","[2598.114013671875, 2594.602783203125, 2596.35546875]","[834.0235595703125, 827.9189453125, 830.97119140625]","[1.539623737335205, 1.5287750959396362, 1.5341994762420654]"
5,"['Model_1', 'Model_2', 'Ensemble']","[1604.6514892578125, 1600.3062744140625, 1602.4283447265625]","[809.39453125, 788.0589599609375, 798.7269287109375]","[0.49208322167396545, 0.47917380928993225, 0.4856286644935608]"
6,"['Model_1', 'Model_2', 'Ensemble']","[1568.43310546875, 1569.5155029296875, 1568.9642333984375]","[623.2507934570312, 631.0699462890625, 627.1605834960938]","[0.9569389820098877, 0.9675249457359314, 0.9622323513031006]"
7,"['Model_1', 'Model_2', 'Ensemble']","[8082.830078125, 8048.23095703125, 8065.43798828125]","[3132.89453125, 3051.977294921875, 3092.433837890625]","[0.5566087365150452, 0.5404446125030518, 0.5485261678695679]"
