Country,MAE,RMSE,MAPE
JP,36507.43363109265,40381.002419703575,23.302792985247684
GB,23834.523893113594,31304.59266336356,51.754457103972115
CA,20524.064764170143,27207.90596403979,87.73660611850183
US,63004.04390053134,84154.47995578886,15.795118231347491
DE,34161.36746830996,38468.54354802487,32.309218806818826
CH,118984.99560198149,123203.16328329883,834.2848970762365
KR,56116.249729934665,57586.6494428389,106.2047494284978
CN,110079.06245530256,139118.17900428295,51.824494876421376
