Lag,MAE,RMSE,MAPE
3.0,51201.613412819024,71497.14516859662,93.44537336654342
