Lag,MAE,RMSE,MAPE
3.0,503.9208193125339,2248.2853737760765,0.45604305370468773
