Country,MAE,RMSE,MAPE
CA,70.71091474186086,477.7974900319802,0.2622422206801009
KR,194.55359983477163,854.9318068382788,0.419316521096325
CH,93.97888843295037,440.4201115290491,0.7679176925822283
DE,321.69542067180754,1415.341995782228,0.3466290482603021
US,1461.4840868865635,9021.079485373719,0.33506094545430476
GB,277.5557699778206,1204.0451976555225,0.5447954428086194
CN,763.402911757129,2408.3449955344577,0.4092866884063101
JP,304.88708034839453,770.1708444401529,0.19223031419369999
