Lag,MAE,RMSE,MAPE
3.0,951.7807606026902,3487.188083953122,0.7921038279455462
