Lag,MAE,RMSE,MAPE
3.0,462.7048468660977,3622.1705850115923,0.37332876621509536
