Country,MAE,RMSE,MAPE
JP,44281.28302805481,44747.10982132536,27.26100184233288
CA,48555.13936648985,48607.3248357615,178.25812643870708
DE,14309.156123391627,17021.628326117414,12.624867741455292
US,64867.06119245551,77107.89456972507,13.413658792017003
CN,51412.3795700939,59026.081566705645,19.866526679958405
KR,20209.40279322603,24450.857270381457,43.45991153577749
CH,59887.35882065809,59927.92148464552,398.2477307782359
GB,27955.417457739608,31019.268526571985,66.72700588521003
