Country,Models,RMSE,MAE,MAPE
0,"['Model_1', 'Model_2', 'Ensemble']","[940.0552978515625, 6141.15185546875, 2813.879150390625]","[586.8043212890625, 4585.2353515625, 2154.881591796875]","[2.097283124923706, 16.635404586791992, 7.806037902832031]"
1,"['Model_1', 'Model_2', 'Ensemble']","[1921.050537109375, 5116.17333984375, 3435.752685546875]","[1576.4693603515625, 4806.62451171875, 3115.1630859375]","[11.550979614257812, 33.880714416503906, 22.156009674072266]"
2,"['Model_1', 'Model_2', 'Ensemble']","[30014.771484375, 36660.19921875, 32410.35546875]","[22776.109375, 29592.7109375, 25530.693359375]","[17.982521057128906, 21.079814910888672, 19.373149871826172]"
3,"['Model_1', 'Model_2', 'Ensemble']","[3765.23046875, 7340.48779296875, 5148.048828125]","[3218.607177734375, 6122.52490234375, 4543.82958984375]","[3.2639338970184326, 6.123066425323486, 4.589383602142334]"
4,"['Model_1', 'Model_2', 'Ensemble']","[5988.544921875, 11309.50390625, 7671.5576171875]","[2682.69140625, 7890.83544921875, 5037.1630859375]","[5.34843111038208, 16.86369514465332, 10.64039134979248]"
5,"['Model_1', 'Model_2', 'Ensemble']","[9723.7626953125, 12897.1279296875, 11042.349609375]","[8255.15625, 10260.107421875, 9143.134765625]","[5.043672561645508, 6.292539119720459, 5.599745750427246]"
6,"['Model_1', 'Model_2', 'Ensemble']","[6137.14404296875, 8038.38525390625, 6707.10986328125]","[5019.41064453125, 6851.19091796875, 5649.15283203125]","[7.3547468185424805, 12.396034240722656, 9.232147216796875]"
7,"['Model_1', 'Model_2', 'Ensemble']","[6792.49365234375, 16254.81640625, 9781.44140625]","[4567.63330078125, 12902.6064453125, 7644.767578125]","[0.9593485593795776, 2.648607015609741, 1.5672985315322876]"
