Model,RMSE,MAE,MAPE
Model_1,11952.1259765625,6301.92431640625,6.19371272623539
Model_2,16193.5126953125,10515.3935546875,12.647950649261475
Ensemble,13363.80078125,8029.71435546875,8.969221264123917
XGBoost,75002.95525789296,52589.96134355057,200.51972524099804
Meta-Model,8259.6435546875,3659.056396484375,207.1488618850708
