Model,Train_RMSE,Validation_RMSE,Test_RMSE,Train_MAE,Validation_MAE,Test_MAE,Train_MAPE,Validation_MAPE,Test_MAPE
Model_1,10847.3486328125,11381.0615234375,11952.1259765625,5528.81005859375,6113.10888671875,6301.92431640625,4.983764171600342,6.545953273773193,6.1937127113342285
Model_2,14610.8212890625,18946.34765625,16193.5126953125,9257.40625,10582.25,10515.3935546875,10.524543762207031,12.697219848632812,12.647951126098633
Ensemble,,14331.5927734375,13363.80078125,,7968.17138671875,8029.71435546875,,9.041831970214844,8.969222068786621
