Country,Models,RMSE,MAE,MAPE
0,"['Model_1', 'Model_2', 'Ensemble']","[273.8369140625, 291.8102722167969, 282.42340087890625]","[206.2427978515625, 225.8841552734375, 216.06362915039062]","[0.7339550852775574, 0.803228497505188, 0.768592357635498]"
1,"['Model_1', 'Model_2', 'Ensemble']","[224.00851440429688, 283.7706604003906, 252.46585083007812]","[201.1492919921875, 266.50048828125, 233.8248291015625]","[1.3826650381088257, 1.795852541923523, 1.5892585515975952]"
2,"['Model_1', 'Model_2', 'Ensemble']","[4643.03466796875, 4212.2646484375, 4403.9521484375]","[4223.41650390625, 3738.92236328125, 3981.169677734375]","[1.9988287687301636, 1.7997373342514038, 1.8992830514907837]"
3,"['Model_1', 'Model_2', 'Ensemble']","[1563.310546875, 1532.45361328125, 1547.6995849609375]","[847.381103515625, 797.3574829101562, 822.369384765625]","[0.7985984086990356, 0.7515094876289368, 0.775053858757019]"
4,"['Model_1', 'Model_2', 'Ensemble']","[2271.525146484375, 2274.928955078125, 2273.2109375]","[687.1004638671875, 680.0406494140625, 683.5706787109375]","[1.2750588655471802, 1.261708378791809, 1.2683833837509155]"
5,"['Model_1', 'Model_2', 'Ensemble']","[1791.847412109375, 1731.879150390625, 1760.7850341796875]","[1081.1328125, 955.307861328125, 1018.2197875976562]","[0.6548781394958496, 0.5789840221405029, 0.6169307231903076]"
6,"['Model_1', 'Model_2', 'Ensemble']","[1581.657470703125, 1567.2237548828125, 1574.318359375]","[999.6066284179688, 967.075927734375, 983.3422241210938]","[1.553891658782959, 1.5063416957855225, 1.5301182270050049]"
7,"['Model_1', 'Model_2', 'Ensemble']","[7098.17626953125, 7113.72412109375, 7101.17578125]","[3795.2763671875, 3392.3818359375, 3593.82666015625]","[0.7064291834831238, 0.6233192682266235, 0.6648737192153931]"
