Model,RMSE,MAE,MAPE
Model_1,3519.864501953125,1610.766845703125,1.0572874918580055
Model_2,3463.257568359375,1467.6712646484375,1.0154319927096367
Ensemble,3486.25634765625,1539.21875,1.0363598354160786
XGBoost,41724.72823391137,35867.773523565564,194.43380124446134
Meta-Model,5452.2744140625,2217.116455078125,209.5177412033081
