Model,RMSE,MAE,MAPE
Model_1,4386.15380859375,2067.413330078125,1.1951656080782413
Model_2,4406.72607421875,2070.91796875,1.1932088062167168
Ensemble,4396.369140625,2069.166259765625,1.194187719374895
XGBoost,41724.72823391137,35867.773523565564,194.43380124446134
Meta-Model,5811.43408203125,2567.7734375,209.61573123931885
