Country,Models,RMSE,MAE,MAPE
0,"['Model_1', 'Model_2', 'Ensemble']","[290.4430847167969, 293.8319091796875, 289.832763671875]","[156.54522705078125, 151.68663024902344, 149.4095458984375]","[0.5515497922897339, 0.5358415842056274, 0.5266359448432922]"
1,"['Model_1', 'Model_2', 'Ensemble']","[149.6126251220703, 141.3510284423828, 145.06996154785156]","[147.6707763671875, 141.187744140625, 144.4293212890625]","[1.0262748003005981, 0.9661076664924622, 0.9961912631988525]"
2,"['Model_1', 'Model_2', 'Ensemble']","[4260.82861328125, 4217.548828125, 4237.79052734375]","[3754.118408203125, 3713.835693359375, 3733.976806640625]","[1.8333362340927124, 1.8492398262023926, 1.8412880897521973]"
3,"['Model_1', 'Model_2', 'Ensemble']","[1195.721435546875, 1187.339111328125, 1191.094482421875]","[707.529052734375, 687.5390625, 697.5339965820312]","[0.6524165868759155, 0.6297458410263062, 0.6410810947418213]"
4,"['Model_1', 'Model_2', 'Ensemble']","[2940.7900390625, 2948.767578125, 2944.305419921875]","[734.5748901367188, 755.19580078125, 740.0223388671875]","[1.2810389995574951, 1.3122469186782837, 1.283387303352356]"
5,"['Model_1', 'Model_2', 'Ensemble']","[1606.7073974609375, 1629.469970703125, 1617.6031494140625]","[835.3345336914062, 880.0213012695312, 857.6786499023438]","[0.5087730288505554, 0.5353882908821106, 0.5220810770988464]"
6,"['Model_1', 'Model_2', 'Ensemble']","[1702.98388671875, 1704.66845703125, 1703.5523681640625]","[926.7974243164062, 929.2545166015625, 928.013916015625]","[1.4513041973114014, 1.4314367771148682, 1.4413317441940308]"
7,"['Model_1', 'Model_2', 'Ensemble']","[8336.21875, 8320.6357421875, 8327.3193359375]","[4122.77978515625, 4297.43115234375, 4210.10302734375]","[0.7627564668655396, 0.797756016254425, 0.7802557945251465]"
