Model,RMSE,MAE,MAPE
Model_1,3929.69287109375,1546.81591796875,0.9584699757397175
Model_2,3921.338623046875,1576.7161865234375,0.9634558111429214
Ensemble,3924.83251953125,1560.5557861328125,0.9571436792612076
XGBoost,43512.468233094136,36923.801443903256,193.43205420429496
Meta-Model,5431.5498046875,2302.7734375,209.8029375076294
