Model,Train_RMSE,Validation_RMSE,Test_RMSE,Train_MAE,Validation_MAE,Test_MAE,Train_MAPE,Validation_MAPE,Test_MAPE
Model_1,3553.2392578125,4598.59130859375,3929.692626953125,1464.39208984375,1616.6480712890625,1546.8160400390625,0.9913156628608704,1.0204029083251953,0.9584699869155884
Model_2,3566.523193359375,4604.5283203125,3921.3388671875,1495.2647705078125,1649.7352294921875,1576.7161865234375,1.0000526905059814,1.0455116033554077,0.9634557962417603
Ensemble,,4599.14697265625,3924.83251953125,,1632.3902587890625,1560.5556640625,,1.0302953720092773,0.9571436643600464
