Country,Models,RMSE,MAE,MAPE
0,"['Model_1', 'Model_2', 'Ensemble']","[1221.3358154296875, 2193.82763671875, 1645.911865234375]","[1015.0717163085938, 1708.8997802734375, 1301.4228515625]","[3.676868200302124, 6.191571235656738, 4.721071243286133]"
1,"['Model_1', 'Model_2', 'Ensemble']","[2181.923583984375, 1992.2091064453125, 2031.53564453125]","[1874.3741455078125, 1688.568359375, 1762.726318359375]","[13.442116737365723, 12.191060066223145, 12.672752380371094]"
2,"['Model_1', 'Model_2', 'Ensemble']","[28618.939453125, 30805.556640625, 29430.93359375]","[22315.298828125, 24264.0234375, 22854.275390625]","[16.405967712402344, 18.0802059173584, 17.141910552978516]"
3,"['Model_1', 'Model_2', 'Ensemble']","[4563.47412109375, 3809.98388671875, 3474.372314453125]","[2711.208251953125, 2605.941162109375, 2426.859130859375]","[2.6439425945281982, 2.735008955001831, 2.502246379852295]"
4,"['Model_1', 'Model_2', 'Ensemble']","[5670.080078125, 5570.50830078125, 5239.8212890625]","[2505.399658203125, 2978.097900390625, 2490.5654296875]","[5.504891872406006, 6.548522472381592, 5.460875511169434]"
5,"['Model_1', 'Model_2', 'Ensemble']","[5940.07373046875, 7387.669921875, 6457.5]","[4474.521484375, 5756.63720703125, 4782.0859375]","[2.715230941772461, 3.504424571990967, 2.904480218887329]"
6,"['Model_1', 'Model_2', 'Ensemble']","[4806.76953125, 5838.16015625, 5173.08984375]","[3582.33056640625, 4663.8662109375, 4047.336181640625]","[5.201679229736328, 7.130969524383545, 6.040398597717285]"
7,"['Model_1', 'Model_2', 'Ensemble']","[5918.5712890625, 7335.6416015625, 5093.13720703125]","[3011.414794921875, 4388.888671875, 2867.24755859375]","[0.6102573871612549, 0.9063876271247864, 0.5601791739463806]"
