Model,RMSE,MAE,MAPE
Model_1,11006.7265625,5253.83544921875,5.528648197650909
Model_2,11958.8525390625,6126.96533203125,6.5637752413749695
Ensemble,11200.439453125,5398.05224609375,5.821668729186058
XGBoost,74647.0380718893,52690.332394018915,200.9644631873844
Meta-Model,10597.21484375,5026.689453125,206.5453290939331
