Model,Train_RMSE,Validation_RMSE,Test_RMSE,Train_MAE,Validation_MAE,Test_MAE,Train_MAPE,Validation_MAPE,Test_MAPE
Model_1,9350.6142578125,11701.248046875,11006.7265625,3822.3466796875,5322.96533203125,5253.8359375,3.968099594116211,5.3859944343566895,5.528647422790527
Model_2,10002.2060546875,11564.4951171875,11958.8525390625,4676.1474609375,5744.07763671875,6126.9658203125,5.056914806365967,6.392658710479736,6.563775062561035
Ensemble,,11354.25,11200.4404296875,,5308.80078125,5398.05224609375,,5.640279769897461,5.821670055389404
