Country,Models,RMSE,MAE,MAPE
0,"['Model_1', 'Model_2', 'Ensemble']","[305.47894287109375, 281.5411682128906, 280.3949890136719]","[204.4619598388672, 68.19895935058594, 128.27096557617188]","[0.7191742062568665, 0.2299555093050003, 0.44516563415527344]"
1,"['Model_1', 'Model_2', 'Ensemble']","[328.2310485839844, 273.8036804199219, 300.9858703613281]","[327.8631591796875, 273.758544921875, 300.8111572265625]","[2.233222723007202, 1.873494267463684, 2.0533599853515625]"
2,"['Model_1', 'Model_2', 'Ensemble']","[6946.45361328125, 6753.55810546875, 6826.20751953125]","[4927.66650390625, 4365.89697265625, 4646.7822265625]","[1.9587205648422241, 1.7864680290222168, 1.8725942373275757]"
3,"['Model_1', 'Model_2', 'Ensemble']","[1410.6103515625, 1243.039794921875, 1303.16357421875]","[978.37109375, 582.775634765625, 779.72119140625]","[0.8962828516960144, 0.5245618224143982, 0.709693431854248]"
4,"['Model_1', 'Model_2', 'Ensemble']","[3115.91455078125, 3143.3671875, 3126.30029296875]","[972.0361328125, 738.9996948242188, 855.5177001953125]","[1.6466211080551147, 1.1807372570037842, 1.4136788845062256]"
5,"['Model_1', 'Model_2', 'Ensemble']","[2031.9466552734375, 1758.2010498046875, 1842.376708984375]","[1524.1456298828125, 827.8629150390625, 1171.24462890625]","[0.9244343042373657, 0.5021653771400452, 0.7105419039726257]"
6,"['Model_1', 'Model_2', 'Ensemble']","[1771.0355224609375, 1741.7666015625, 1754.02880859375]","[1206.63525390625, 1151.671630859375, 1176.6898193359375]","[1.9576728343963623, 1.9232584238052368, 1.9372529983520508]"
7,"['Model_1', 'Model_2', 'Ensemble']","[8243.57421875, 8402.9912109375, 8261.9296875]","[4867.404296875, 3363.25244140625, 4113.3154296875]","[0.914145827293396, 0.6024342775344849, 0.7578722238540649]"
