Model,RMSE,MAE,MAPE
Model_1,4324.38232421875,2013.1031494140625,1.267493050545454
Model_2,4318.91943359375,1484.233154296875,0.9391007013618946
Ensemble,4292.59765625,1746.175537109375,1.0986452922224998
XGBoost,43512.468233094136,36923.801443903256,193.43205420429496
Meta-Model,5869.54638671875,2560.999267578125,209.36126708984375
