Model,Train_RMSE,Validation_RMSE,Test_RMSE,Train_MAE,Validation_MAE,Test_MAE,Train_MAPE,Validation_MAPE,Test_MAPE
Model_1,4050.068115234375,6061.00439453125,4324.38232421875,1885.854248046875,2279.907958984375,2013.1033935546875,1.3111839294433594,1.7336132526397705,1.2674930095672607
Model_2,3956.951171875,5705.3232421875,4318.91943359375,1399.676025390625,1803.873779296875,1484.233154296875,0.9901273846626282,1.3518495559692383,0.9391006827354431
Ensemble,,5821.865234375,4292.59765625,,2039.58251953125,1746.175537109375,,1.5332216024398804,1.0986453294754028
