Country,MAE,RMSE,MAPE
JP,207.16400260459153,448.288752575608,0.13218595790461624
CA,75.34052570963418,142.46651429585145,0.27569803911153073
DE,187.59325874408157,343.42635419905736,0.17532634488150897
US,146.05220874818764,297.8473692606838,0.033732546575345856
CN,281.8871558902213,582.2430150473982,0.16330377046309413
KR,139.48175392794548,342.09790893853227,0.2035721092439803
CH,43.66692461143394,52.99307414987154,0.3178476423245798
GB,109.38355859678948,264.247448633479,0.2071736058873207
