Lag,MAE,RMSE,MAPE
3.0,701.3955693636344,2886.037007256434,0.6161089457311013
