Lag,MAE,RMSE,MAPE
3.0,155.6086979562999,355.31531528851514,0.17733740235018738
