Country,Models,RMSE,MAE,MAPE
0,"['Model_1', 'Model_2', 'Ensemble']","[1170.1563720703125, 2954.6953125, 1605.1253662109375]","[1012.7640380859375, 2558.03759765625, 1312.0130615234375]","[3.6466689109802246, 9.159624099731445, 4.72531270980835]"
1,"['Model_1', 'Model_2', 'Ensemble']","[1386.5296630859375, 1994.706787109375, 1411.6370849609375]","[1170.2802734375, 1736.8017578125, 1171.6177978515625]","[8.37553596496582, 12.74421215057373, 8.613875389099121]"
2,"['Model_1', 'Model_2', 'Ensemble']","[27992.703125, 32008.814453125, 29500.189453125]","[20793.462890625, 24885.046875, 21953.130859375]","[16.314144134521484, 18.48299217224121, 17.197420120239258]"
3,"['Model_1', 'Model_2', 'Ensemble']","[2598.2646484375, 4584.15771484375, 2653.049072265625]","[2142.128173828125, 3302.473876953125, 2295.49462890625]","[2.1494874954223633, 3.1345670223236084, 2.2498295307159424]"
4,"['Model_1', 'Model_2', 'Ensemble']","[5592.1318359375, 4534.30859375, 4300.94287109375]","[2643.83984375, 3678.150390625, 2833.2197265625]","[5.324483871459961, 7.242986679077148, 5.599298477172852]"
5,"['Model_1', 'Model_2', 'Ensemble']","[5372.80712890625, 7570.27294921875, 6283.95849609375]","[4227.38330078125, 6221.4931640625, 5082.94091796875]","[2.5975682735443115, 3.82833194732666, 3.1284756660461426]"
6,"['Model_1', 'Model_2', 'Ensemble']","[6411.4873046875, 7283.31640625, 6330.541015625]","[5056.9853515625, 6438.013671875, 5544.5078125]","[8.180937767028809, 10.863871574401855, 9.283001899719238]"
7,"['Model_1', 'Model_2', 'Ensemble']","[8631.2158203125, 10433.1591796875, 7711.4013671875]","[5324.7177734375, 8410.46484375, 5871.61572265625]","[1.0637340545654297, 1.7216020822525024, 1.1893433332443237]"
