Model,RMSE,MAE,MAPE
Model_1,4373.078125,2068.35888671875,1.2565876357257366
Model_2,4369.9423828125,2069.496826171875,1.2570565566420555
Ensemble,4371.4736328125,2068.917724609375,1.2567833065986633
XGBoost,43512.468233094136,36923.801443903256,193.43205420429496
Meta-Model,5897.4052734375,2588.97412109375,209.35368537902832
