Model,Train_RMSE,Validation_RMSE,Test_RMSE,Train_MAE,Validation_MAE,Test_MAE,Train_MAPE,Validation_MAPE,Test_MAPE
Model_1,4082.677001953125,5021.65771484375,4373.078125,1957.5177001953125,2125.190673828125,2068.358642578125,1.3240909576416016,1.3805174827575684,1.2565876245498657
Model_2,4076.32080078125,5194.2412109375,4369.9423828125,1958.5126953125,2210.74853515625,2069.496826171875,1.3242743015289307,1.5205857753753662,1.257056474685669
Ensemble,,5060.275390625,4371.4736328125,,2166.343505859375,2068.917724609375,,1.4479011297225952,1.256783127784729
