Country,RMSE,MAPE,MAE
CA,3318.5537088604156,inf,2804.2470684769905
CH,2353.8255475865026,,1736.112754238539
CN,51058.53109530568,,32197.22896113524
DE,10038.745697891032,385.1162102788087,8166.084355864174
GB,6101.758982755827,2307.270660668767,4997.800046848284
JP,25551.447675577547,,17327.177690061097
KR,9324.090513941572,,6288.536821016144
US,32168.745306588135,323.74051028350027,22155.616625580333
