RMSE,MAPE,MAE
24098.540144852792,,12600.811666528423
