Country,Models,RMSE,MAE,MAPE
0,"['Model_1', 'Model_2', 'Ensemble']","[259.15460205078125, 258.43231201171875, 258.7513732910156]","[177.59262084960938, 177.3685302734375, 177.41128540039062]","[0.6322108507156372, 0.6310957074165344, 0.6314011216163635]"
1,"['Model_1', 'Model_2', 'Ensemble']","[218.24620056152344, 213.37872314453125, 215.80018615722656]","[148.5794677734375, 146.007080078125, 147.156005859375]","[1.1437307596206665, 1.1222045421600342, 1.132032036781311]"
2,"['Model_1', 'Model_2', 'Ensemble']","[4310.90625, 4362.77001953125, 4336.78173828125]","[3881.704345703125, 3943.34375, 3912.522705078125]","[1.8625693321228027, 1.884902834892273, 1.8737359046936035]"
3,"['Model_1', 'Model_2', 'Ensemble']","[1492.824951171875, 1504.9656982421875, 1498.85791015625]","[697.5309448242188, 719.3324584960938, 708.431884765625]","[0.6561031341552734, 0.6769407391548157, 0.6665221452713013]"
4,"['Model_1', 'Model_2', 'Ensemble']","[2299.34033203125, 2295.11474609375, 2297.221435546875]","[697.2158203125, 697.0812377929688, 697.1486206054688]","[1.3461694717407227, 1.3428332805633545, 1.34450101852417]"
5,"['Model_1', 'Model_2', 'Ensemble']","[1724.8109130859375, 1739.5592041015625, 1732.1009521484375]","[926.6580200195312, 960.7603149414062, 943.7084350585938]","[0.5614477396011353, 0.5820305347442627, 0.5717387199401855]"
6,"['Model_1', 'Model_2', 'Ensemble']","[1565.7491455078125, 1569.1904296875, 1567.446533203125]","[886.8458251953125, 901.4909057617188, 894.1685791015625]","[1.3385679721832275, 1.362483263015747, 1.3505257368087769]"
7,"['Model_1', 'Model_2', 'Ensemble']","[7099.2431640625, 7093.26953125, 7096.041015625]","[3518.6806640625, 3602.496826171875, 3560.585693359375]","[0.6501046419143677, 0.6674641966819763, 0.6587838530540466]"
