Model,RMSE,MAE,MAPE
Model_1,3468.551025390625,1463.3829345703125,0.9566579014062881
Model_2,3474.83935546875,1493.9930419921875,0.9705378673970699
Ensemble,3471.593505859375,1478.6751708984375,0.9635425172746181
XGBoost,43512.468233094136,36923.801443903256,193.43205420429496
Meta-Model,5324.77294921875,2205.62451171875,209.5055341720581
