Model,Train_RMSE,Validation_RMSE,Test_RMSE,Train_MAE,Validation_MAE,Test_MAE,Train_MAPE,Validation_MAPE,Test_MAPE
Model_1,3372.0693359375,4025.808837890625,3468.551025390625,1446.729736328125,1453.8577880859375,1463.3829345703125,1.0963553190231323,1.0008834600448608,0.956657886505127
Model_2,3382.224365234375,4022.647216796875,3474.83935546875,1473.3812255859375,1473.7926025390625,1493.9931640625,1.1086218357086182,1.0039383172988892,0.9705377817153931
Ensemble,,4023.87158203125,3471.593505859375,,1462.650146484375,1478.6751708984375,,1.000498652458191,0.9635425209999084
