Country,MAE,RMSE,MAPE
KR,30240.42782410483,37016.64589800757,49.77060735806176
DE,55348.950548987516,74404.80341401632,49.48082032732413
GB,30903.35658594546,55561.324226279066,59.895601758761444
JP,80530.31341556078,105238.5355016713,50.32767652043743
CA,26008.285074185413,32198.43965299511,93.98382414002754
US,368763.00686054124,517005.1774351908,73.34829394161272
CN,280604.38312387274,590108.3716018145,133.3774989071767
CH,12958.285895482675,19181.43685956099,83.28246588734221
