Lag,MAE,RMSE,MAPE
3.0,142637.03151413708,336709.17993053707,68.95781294881526
