Lag,MAE,RMSE,MAPE
3.0,114651.17555871369,284319.1277125575,72.81341566241274
