Country,Models,RMSE,MAE,MAPE
0,"['Model_1', 'Model_2', 'Ensemble']","[5965.1787109375, 3763.965087890625, 3466.57470703125]","[4561.45263671875, 2364.75048828125, 2705.650146484375]","[16.334087371826172, 8.622797012329102, 9.71497917175293]"
1,"['Model_1', 'Model_2', 'Ensemble']","[9728.0263671875, 13343.935546875, 10741.5361328125]","[8226.083984375, 9860.767578125, 7847.22607421875]","[59.57310104370117, 71.13191223144531, 56.23933792114258]"
2,"['Model_1', 'Model_2', 'Ensemble']","[17760.193359375, 8030.2919921875, 11640.2080078125]","[12948.90625, 6262.52978515625, 8586.0341796875]","[7.378029823303223, 3.520699977874756, 5.095096111297607]"
3,"['Model_1', 'Model_2', 'Ensemble']","[12220.111328125, 5690.2236328125, 8650.7900390625]","[7645.1796875, 3053.422607421875, 4920.03369140625]","[7.502628326416016, 3.108664035797119, 4.861800670623779]"
4,"['Model_1', 'Model_2', 'Ensemble']","[19116.916015625, 11237.1630859375, 14517.958984375]","[14275.9541015625, 7380.67724609375, 10368.2578125]","[27.567121505737305, 15.162952423095703, 20.386600494384766]"
5,"['Model_1', 'Model_2', 'Ensemble']","[5177.11865234375, 4213.69140625, 4023.095703125]","[4186.54150390625, 3085.784912109375, 3081.22265625]","[2.5733988285064697, 1.88425874710083, 1.890446662902832]"
6,"['Model_1', 'Model_2', 'Ensemble']","[7466.19921875, 12174.564453125, 6181.38427734375]","[5455.88818359375, 5402.34619140625, 4456.46728515625]","[9.59508991241455, 12.740339279174805, 8.618840217590332]"
7,"['Model_1', 'Model_2', 'Ensemble']","[21876.416015625, 9781.7080078125, 15145.36328125]","[11028.7587890625, 5683.22314453125, 7746.45849609375]","[2.490081548690796, 1.2166774272918701, 1.7181569337844849]"
