Model,RMSE,MAE,MAPE
Model_1,13768.7333984375,8411.501953125,12.94897198677063
Model_2,8698.87109375,4942.38232421875,9.921476989984512
Ensemble,9967.515625,5974.31689453125,9.951496124267578
XGBoost,74475.2193935365,52589.56101718506,200.9138875519201
Meta-Model,9411.677734375,5213.58642578125,208.37135314941406
