Model,Train_RMSE,Validation_RMSE,Test_RMSE,Train_MAE,Validation_MAE,Test_MAE,Train_MAPE,Validation_MAPE,Test_MAPE
Model_1,7004.5322265625,12425.7431640625,13768.7333984375,4827.58349609375,7361.01708984375,8411.5029296875,7.365220069885254,12.240619659423828,12.948970794677734
Model_2,4863.19091796875,7192.68115234375,8698.87109375,2851.917236328125,4232.73193359375,4942.38232421875,5.329492568969727,9.252214431762695,9.921477317810059
Ensemble,,8406.0322265625,9967.515625,,5169.0791015625,5974.3173828125,,9.624309539794922,9.951497077941895
