Lag,MAE,RMSE,MAPE
3.0,880.9885204706403,3744.2337100781483,0.5203877229182945
