Dataset,adjusted_r_squared
Train,0.9989256858825684
Test,0.9987450242042542
