Country,Models,RMSE,MAE,MAPE
0,"['Model_1', 'Model_2', 'Ensemble']","[2.56248140335083, 1.9032456874847412, 2.1464526653289795]","[2.0172622203826904, 1.446851372718811, 1.6008892059326172]","[7.200075149536133, 5.221765995025635, 5.775577068328857]"
1,"['Model_1', 'Model_2', 'Ensemble']","[7.032766342163086, 9.752318382263184, 8.391899108886719]","[6.985030651092529, 9.696425437927246, 8.340728759765625]","[48.65525436401367, 67.53658294677734, 58.09591293334961]"
2,"['Model_1', 'Model_2', 'Ensemble']","[7.9051361083984375, 8.95864200592041, 8.189399719238281]","[6.288736820220947, 6.613738059997559, 6.175861358642578]","[2.6772642135620117, 3.3768415451049805, 2.952270030975342]"
3,"['Model_1', 'Model_2', 'Ensemble']","[3.509293794631958, 2.631777048110962, 2.696284294128418]","[2.871730089187622, 2.054046154022217, 2.166886806488037]","[2.623976945877075, 1.9294068813323975, 1.995387315750122]"
4,"['Model_1', 'Model_2', 'Ensemble']","[2.9182136058807373, 2.555945873260498, 2.4703681468963623]","[2.5397682189941406, 1.986901879310608, 2.0396313667297363]","[5.019275188446045, 4.238643646240234, 4.262423992156982]"
5,"['Model_1', 'Model_2', 'Ensemble']","[3.179959297180176, 4.6176910400390625, 3.695350408554077]","[2.7132318019866943, 3.5971784591674805, 2.996042013168335]","[1.6508934497833252, 2.1940267086029053, 1.8215360641479492]"
6,"['Model_1', 'Model_2', 'Ensemble']","[2.068357229232788, 2.967371940612793, 2.3081769943237305]","[1.5645606517791748, 2.4651708602905273, 1.7779576778411865]","[2.974761724472046, 4.283553123474121, 3.3312785625457764]"
7,"['Model_1', 'Model_2', 'Ensemble']","[8.889368057250977, 8.111737251281738, 8.381458282470703]","[6.127437114715576, 6.12449312210083, 6.081493854522705]","[1.1575464010238647, 1.148984432220459, 1.1427028179168701]"
