Model,Train_RMSE,Validation_RMSE,Test_RMSE,Train_MAE,Validation_MAE,Test_MAE,Train_MAPE,Validation_MAPE,Test_MAPE,Test_R2
Model_1,4.951775550842285,5.4751877784729,5.166182518005371,3.4710845947265625,3.7936697006225586,3.5058538913726807,5.344647407531738,6.726024150848389,4.362119197845459,0.9986843466758728
Model_2,5.4867634773254395,5.6976728439331055,5.3044753074646,3.558462381362915,3.742077350616455,3.5747556686401367,5.85557746887207,7.687802791595459,4.713474750518799,0.9986129403114319
Ensemble,,5.377645015716553,5.0456929206848145,,3.5889980792999268,3.352889060974121,,7.034759044647217,4.322582244873047,0.9987450242042542
