Country,Models,RMSE,MAE,MAPE
0,"['Model_1', 'Model_2', 'Ensemble']","[291.3914489746094, 325.2630310058594, 306.8569641113281]","[248.5700225830078, 275.57855224609375, 260.76934814453125]","[0.8877859711647034, 0.9905164837837219, 0.9344894289970398]"
1,"['Model_1', 'Model_2', 'Ensemble']","[1319.4420166015625, 950.6231079101562, 1119.5362548828125]","[1104.3082275390625, 696.2810668945312, 892.5578002929688]","[6.7050604820251465, 4.2328572273254395, 5.409589767456055]"
2,"['Model_1', 'Model_2', 'Ensemble']","[7703.248046875, 7249.6591796875, 7458.10595703125]","[6181.91064453125, 5702.30615234375, 5925.33984375]","[3.243274211883545, 3.0559563636779785, 3.141564130783081]"
3,"['Model_1', 'Model_2', 'Ensemble']","[1444.84912109375, 1378.8668212890625, 1400.0853271484375]","[1017.6820678710938, 856.769775390625, 919.8885498046875]","[1.1147323846817017, 0.9459730386734009, 1.0143177509307861]"
4,"['Model_1', 'Model_2', 'Ensemble']","[3484.218017578125, 3291.0888671875, 3381.5302734375]","[1223.1007080078125, 1052.056396484375, 1131.4075927734375]","[2.1908345222473145, 1.8806554079055786, 2.0257716178894043]"
5,"['Model_1', 'Model_2', 'Ensemble']","[2289.34228515625, 1916.6297607421875, 2085.45166015625]","[1795.9766845703125, 1275.9420166015625, 1535.95849609375]","[1.1110200881958008, 0.7875967025756836, 0.9493077993392944]"
6,"['Model_1', 'Model_2', 'Ensemble']","[1264.74267578125, 1253.3843994140625, 1250.7159423828125]","[1074.9757080078125, 1065.7730712890625, 1058.5074462890625]","[1.9139769077301025, 1.9218120574951172, 1.8994739055633545]"
7,"['Model_1', 'Model_2', 'Ensemble']","[6734.126953125, 6021.142578125, 6358.2392578125]","[4884.02001953125, 4378.73779296875, 4607.2373046875]","[1.0818521976470947, 0.9723378419876099, 1.0216341018676758]"
