Model,RMSE,MAE,MAPE
Model_1,4051.483154296875,2226.282958984375,1.738155260682106
Model_2,3712.60986328125,1956.1624755859375,1.5095660462975502
Ensemble,3869.28173828125,2080.191162109375,1.6132798045873642
XGBoost,41675.27539736186,36877.6321965209,189.45776928919088
Meta-Model,5388.8203125,2408.685546875,208.16168785095215
