Series,quarterly_employment_growth_corr,N_quarters
NN,-0.14406775087506585,56
Ridge_signed,-0.054964409675634276,56
Ridge_positive,-0.2945897265082919,56
Mosley,-0.08500534041207507,56
Sax,0.26941454062182846,56
