Country,Models,RMSE,MAE,MAPE
0,"['Model_1', 'Model_2', 'Ensemble']","[300.48541259765625, 298.5812072753906, 299.53021240234375]","[200.44577026367188, 198.5074005126953, 199.4740447998047]","[0.7158105373382568, 0.7087551355361938, 0.7122732996940613]"
1,"['Model_1', 'Model_2', 'Ensemble']","[207.00662231445312, 205.6024932861328, 206.2993621826172]","[134.71923828125, 133.388427734375, 134.0537109375]","[1.0497527122497559, 1.0396443605422974, 1.044697880744934]"
2,"['Model_1', 'Model_2', 'Ensemble']","[3505.123291015625, 3512.03857421875, 3508.541259765625]","[2699.428466796875, 2716.12451171875, 2707.772705078125]","[1.4003510475158691, 1.4062949419021606, 1.403321385383606]"
3,"['Model_1', 'Model_2', 'Ensemble']","[1245.398681640625, 1244.8463134765625, 1245.10986328125]","[483.7991943359375, 480.17071533203125, 481.98394775390625]","[0.4292587339878082, 0.42639976739883423, 0.4278281629085541]"
4,"['Model_1', 'Model_2', 'Ensemble']","[2600.87744140625, 2599.06640625, 2599.970703125]","[836.7443237304688, 832.2396240234375, 834.4920043945312]","[1.5441642999649048, 1.536122441291809, 1.5401432514190674]"
5,"['Model_1', 'Model_2', 'Ensemble']","[1605.0032958984375, 1601.5604248046875, 1603.251953125]","[811.0, 794.682861328125, 802.8423461914062]","[0.4930408298969269, 0.48316675424575806, 0.48810428380966187]"
6,"['Model_1', 'Model_2', 'Ensemble']","[1568.6456298828125, 1569.4078369140625, 1569.021728515625]","[621.7574462890625, 627.7136840820312, 624.7356567382812]","[0.9548884034156799, 0.9628807306289673, 0.9588849544525146]"
7,"['Model_1', 'Model_2', 'Ensemble']","[8083.30419921875, 8055.2626953125, 8069.2265625]","[3129.457763671875, 3064.772705078125, 3097.11767578125]","[0.5559346079826355, 0.5430384278297424, 0.5494869947433472]"
