Model,Train_RMSE,Validation_RMSE,Test_RMSE,Train_MAE,Validation_MAE,Test_MAE,Train_MAPE,Validation_MAPE,Test_MAPE
Model_1,3482.294189453125,4465.22509765625,3726.2548828125,1195.9521484375,1359.2386474609375,1210.3359375,0.9088127017021179,0.9441321492195129,0.8254463076591492
Model_2,3476.242919921875,4455.21337890625,3716.489990234375,1186.47900390625,1347.7203369140625,1198.3502197265625,0.9047360420227051,0.9391075968742371,0.8209502100944519
Ensemble,,4460.19482421875,3721.343994140625,,1353.443359375,1204.3427734375,,0.9415965676307678,0.8231969475746155
