Country,Models,RMSE,MAE,MAPE
0,"['Model_1', 'Model_2', 'Ensemble']","[302.49591064453125, 300.05023193359375, 301.0655822753906]","[167.8998260498047, 164.0662078857422, 165.36549377441406]","[0.5884236693382263, 0.5726978182792664, 0.5783306360244751]"
1,"['Model_1', 'Model_2', 'Ensemble']","[149.15782165527344, 175.35833740234375, 162.21710205078125]","[139.9139404296875, 162.6483154296875, 151.2811279296875]","[0.9047884345054626, 1.0451014041900635, 0.9749448895454407]"
2,"['Model_1', 'Model_2', 'Ensemble']","[6704.283203125, 6825.78076171875, 6764.529296875]","[5643.060546875, 5817.23779296875, 5730.15234375]","[2.441831350326538, 2.504701614379883, 2.4732666015625]"
3,"['Model_1', 'Model_2', 'Ensemble']","[1274.209228515625, 1289.4168701171875, 1281.3834228515625]","[591.2770385742188, 645.547607421875, 618.3738403320312]","[0.5333822965621948, 0.5842000842094421, 0.5587620139122009]"
4,"['Model_1', 'Model_2', 'Ensemble']","[2978.99755859375, 2988.05517578125, 2983.46484375]","[822.64599609375, 818.2609252929688, 819.8243408203125]","[1.422674536705017, 1.4002079963684082, 1.4105106592178345]"
5,"['Model_1', 'Model_2', 'Ensemble']","[1812.7623291015625, 1841.7120361328125, 1826.7708740234375]","[1083.8536376953125, 1153.54296875, 1118.69775390625]","[0.6573431491851807, 0.6995739340782166, 0.6784582138061523]"
6,"['Model_1', 'Model_2', 'Ensemble']","[1714.9273681640625, 1716.2919921875, 1715.159423828125]","[905.5933837890625, 959.8126831054688, 932.7025756835938]","[1.4896489381790161, 1.5655262470245361, 1.527586817741394]"
7,"['Model_1', 'Model_2', 'Ensemble']","[8045.44677734375, 8006.4326171875, 8024.05029296875]","[3564.09375, 3799.5673828125, 3681.83154296875]","[0.641160249710083, 0.6892158389091492, 0.665188193321228]"
