Model,RMSE,MAE,MAPE
Model_1,4185.00830078125,1668.8287353515625,1.0248607955873013
Model_2,4195.88134765625,1751.6695556640625,1.0633434168994427
Ensemble,4189.626953125,1710.085205078125,1.0437022894620895
XGBoost,41724.72823391137,35867.773523565564,194.43380124446134
Meta-Model,5758.3134765625,2521.79541015625,209.57322120666504
