Model,Train_RMSE,Validation_RMSE,Test_RMSE,Train_MAE,Validation_MAE,Test_MAE,Train_MAPE,Validation_MAPE,Test_MAPE
Model_1,3893.866943359375,4851.162109375,4185.00830078125,1632.3499755859375,1802.7740478515625,1668.82861328125,1.1156944036483765,1.5464295148849487,1.0248607397079468
Model_2,3909.63525390625,5005.82080078125,4195.880859375,1704.6053466796875,1890.7344970703125,1751.669677734375,1.1534804105758667,1.2206850051879883,1.0633435249328613
Ensemble,,4902.77978515625,4189.626953125,,1846.000244140625,1710.0853271484375,,1.378460168838501,1.043702244758606
