Country,MAE,RMSE,MAPE
CA,15947.90492363794,21726.068335740154,56.59274604793492
KR,55307.21837271666,57844.16826351281,88.20753880737978
CH,130833.27368605543,131685.58000000496,880.3119423703348
DE,35500.5133160118,39453.223800844884,32.49711576474319
US,47853.15366678462,61958.50040155041,9.659635471922776
GB,24346.42802734657,31328.72953142995,50.35366050539034
CN,111200.09102730952,139379.05403713178,37.14642822116999
JP,33853.52636906645,38925.10883721104,20.638283463885866
