Lag,MAE,RMSE,MAPE
3.0,48380.08651178628,68219.02957045892,80.26005484822512
