Lag,MAE,RMSE,MAPE
3.0,52589.56101718506,74475.2193935365,90.78504310630885
