Country,Models,RMSE,MAE,MAPE
0,"['Model_1', 'Model_2', 'Ensemble']","[14026.4228515625, 9193.9169921875, 11528.1884765625]","[8780.875, 6487.82763671875, 7474.87890625]","[31.691221237182617, 23.69733238220215, 27.08479118347168]"
1,"['Model_1', 'Model_2', 'Ensemble']","[14370.0, 2812.2275390625, 8293.314453125]","[13454.7431640625, 2524.29345703125, 7904.4296875]","[88.45014953613281, 17.97500228881836, 52.453857421875]"
2,"['Model_1', 'Model_2', 'Ensemble']","[66363.65625, 66674.84375, 66480.9296875]","[57314.03125, 57248.1640625, 57039.17578125]","[68.91560363769531, 68.09315490722656, 68.44816589355469]"
3,"['Model_1', 'Model_2', 'Ensemble']","[17918.5390625, 13794.80078125, 14987.6142578125]","[13776.498046875, 10963.2529296875, 12016.8583984375]","[15.391098022460938, 11.051159858703613, 12.75483512878418]"
4,"['Model_1', 'Model_2', 'Ensemble']","[17406.32421875, 10351.40625, 13502.4404296875]","[10178.61328125, 7670.9912109375, 8629.3203125]","[22.192474365234375, 16.751358032226562, 18.929689407348633]"
5,"['Model_1', 'Model_2', 'Ensemble']","[22921.18359375, 22121.927734375, 22360.384765625]","[18562.951171875, 15797.59765625, 17180.275390625]","[15.387975692749023, 14.08726978302002, 14.737622261047363]"
6,"['Model_1', 'Model_2', 'Ensemble']","[16206.015625, 15538.97265625, 15714.927734375]","[11889.9814453125, 11878.236328125, 11823.416015625]","[28.77099609375, 29.276174545288086, 28.892192840576172]"
7,"['Model_1', 'Model_2', 'Ensemble']","[36724.73046875, 36258.30859375, 36020.51953125]","[25066.404296875, 25147.31640625, 24621.482421875]","[6.8514227867126465, 6.878864765167236, 6.764242172241211]"
