Model,RMSE,MAE,MAPE
Model_1,30631.064453125,19768.65625,27.41895020008087
Model_2,29376.33203125,17899.669921875,22.756877541542053
Ensemble,29728.09375,18617.33984375,24.801132082939148
XGBoost,75024.27214560953,51919.40789877898,181.71233489626846
Meta-Model,13078.9619140625,7295.3984375,192.85247325897217
