Lag,MAE,RMSE,MAPE
3.0,1928.6409489946438,4319.474380696,1.1913930129288763
