RMSE,MAE,MAPE,R2
200.07133616111113,176.06158578746775,,-0.041663518338684424
