Country,MAE,RMSE,MAPE
KR,962.051105406824,1531.4188265972473,1.5113090663432458
DE,994.7933093597757,1376.2412993757616,0.9293082777570605
GB,640.3190877815628,1403.6049620164044,1.1512647350932308
JP,1537.4966682419058,2248.5384271939593,0.9500783878394075
CA,282.3246293841914,365.89569034889774,1.0109816360577848
US,4804.3329176335765,7002.797146531201,0.945447803481051
CN,4970.192786353577,9250.831514632922,2.3476013256210635
CH,304.3441808862885,482.84085854486784,1.9847407124200518
