Country,MAE,RMSE,MAPE
CA,15916.59686126899,21715.768424791633,56.465362661668685
KR,55100.32636633058,57633.241361441105,87.6800316620803
CH,130613.78128631749,131451.15018917556,878.8999980814949
DE,35847.95906388051,39653.87592992708,32.78171350647165
US,48230.84071432647,62398.774118866386,9.742817047413368
GB,24539.93862925501,31532.724376450697,50.817710859976664
CN,111516.66688604152,139947.75513358953,37.233115192252775
JP,33737.70625765228,38724.92085663151,20.565483935954624
