Country,Models,RMSE,MAE,MAPE
0,"['Model_1', 'Model_2', 'Ensemble']","[3033.163330078125, 2329.08349609375, 2530.957275390625]","[2226.400146484375, 1811.1005859375, 1964.783447265625]","[8.080148696899414, 6.558863162994385, 7.12343692779541]"
1,"['Model_1', 'Model_2', 'Ensemble']","[5776.81787109375, 2107.871337890625, 3828.490234375]","[5219.72900390625, 1933.367919921875, 3576.548828125]","[34.788692474365234, 13.659058570861816, 24.223875045776367]"
2,"['Model_1', 'Model_2', 'Ensemble']","[33344.2265625, 32837.54296875, 33067.46875]","[26366.66015625, 26136.390625, 26204.40234375]","[19.772872924804688, 19.267948150634766, 19.509458541870117]"
3,"['Model_1', 'Model_2', 'Ensemble']","[7455.318359375, 3871.18701171875, 4425.06640625]","[4564.51513671875, 2915.778564453125, 3195.971435546875]","[4.364520072937012, 2.9684367179870605, 3.19413423538208]"
4,"['Model_1', 'Model_2', 'Ensemble']","[7723.9140625, 5624.94482421875, 5874.58984375]","[5972.65966796875, 3290.572265625, 3941.666259765625]","[12.670548439025879, 7.292138576507568, 8.676945686340332]"
5,"['Model_1', 'Model_2', 'Ensemble']","[8713.2294921875, 7654.90625, 7940.037109375]","[7104.712890625, 5990.72607421875, 6481.1474609375]","[4.341192722320557, 3.646364450454712, 3.9541337490081787]"
6,"['Model_1', 'Model_2', 'Ensemble']","[5886.71142578125, 6059.7958984375, 5791.77001953125]","[4954.96826171875, 4869.14599609375, 4844.513671875]","[7.660354137420654, 7.271859169006348, 7.323878288269043]"
7,"['Model_1', 'Model_2', 'Ensemble']","[6425.82958984375, 7498.17822265625, 5574.1201171875]","[4035.620849609375, 4814.6015625, 3432.892822265625]","[0.8480323553085327, 1.0012412071228027, 0.6892914175987244]"
