Model,RMSE,MAE,MAPE
Model_1,13308.0498046875,7543.64501953125,9.450265020132065
Model_2,12664.37109375,6587.060546875,7.020620256662369
Ensemble,12697.49609375,6737.162109375,7.905743271112442
XGBoost,74647.0380718893,52690.332394018915,200.9644631873844
Meta-Model,10906.7861328125,5163.13623046875,206.4549207687378
