Model,Train_RMSE,Validation_RMSE,Test_RMSE,Train_MAE,Validation_MAE,Test_MAE,Train_MAPE,Validation_MAPE,Test_MAPE
Model_1,11201.572265625,12791.0927734375,13308.0498046875,6198.9794921875,7416.453125,7543.64501953125,7.807079792022705,10.005664825439453,9.450265884399414
Model_2,10593.890625,11607.4765625,12664.3720703125,5307.62353515625,6064.916015625,6587.060546875,5.679365634918213,6.904883861541748,7.020620346069336
Ensemble,,12035.4296875,12697.49609375,,6498.03076171875,6737.162109375,,8.135320663452148,7.905742645263672
