Lag,MAE,RMSE,MAPE
3.0,53.99356163827727,91.50331070761258,0.07781045983721178
