Country,MAE,RMSE,MAPE
CA,64.73410283708897,468.7871221919824,0.24039066078846033
KR,195.37089162150238,849.40958203313,0.4250170122785296
CH,86.50910388976642,416.5259569981479,0.7133158250328295
DE,304.33728410654146,1389.1029748655274,0.3290668416633728
US,1507.0408318596342,8458.571039073126,0.33843873686259507
GB,203.700260254027,1116.095678166795,0.44488617002724407
CN,773.9549168001265,2549.6169310650594,0.4129879844659273
JP,302.47315589065585,780.3561690014476,0.19066252518902635
