Country,MAE,RMSE,MAPE
KR,190.5755645479787,431.91040262262703,0.2939518211917195
DE,171.2354836506825,407.7652399813539,0.16269711646440202
GB,110.64158570983047,181.20238201067679,0.21903917400468162
JP,204.64490693206628,413.78766026433175,0.1247195734570557
CA,72.86348063138936,132.92523692806392,0.2590569761131271
US,119.65902847724874,219.3823829317159,0.02556257402729069
CN,152.50904159710427,358.91667558586147,0.10820378314620754
CH,50.569118348602125,59.14713228273348,0.3625058128327
