Country,Models,RMSE,MAE,MAPE
0,"['Model_1', 'Model_2', 'Ensemble']","[283.7232360839844, 296.9543762207031, 282.25042724609375]","[167.95240783691406, 159.9964599609375, 151.7943115234375]","[0.5925369262695312, 0.5591981410980225, 0.5338384509086609]"
1,"['Model_1', 'Model_2', 'Ensemble']","[291.32550048828125, 189.7618865966797, 189.86557006835938]","[248.4376220703125, 163.387939453125, 159.1180419921875]","[1.765385627746582, 1.086183786392212, 1.1283310651779175]"
2,"['Model_1', 'Model_2', 'Ensemble']","[4071.43115234375, 4244.166015625, 4154.72412109375]","[3426.141357421875, 3506.423583984375, 3458.17529296875]","[1.7247216701507568, 1.728573203086853, 1.722214937210083]"
3,"['Model_1', 'Model_2', 'Ensemble']","[1662.2518310546875, 1568.7744140625, 1611.6036376953125]","[729.6383056640625, 752.89990234375, 734.3126220703125]","[0.6931124925613403, 0.7102282643318176, 0.6963192224502563]"
4,"['Model_1', 'Model_2', 'Ensemble']","[2874.88330078125, 2668.62744140625, 2766.149658203125]","[632.02734375, 625.3121948242188, 599.3385620117188]","[1.0881272554397583, 1.1194698810577393, 1.055968999862671]"
5,"['Model_1', 'Model_2', 'Ensemble']","[1787.57470703125, 1797.7933349609375, 1790.9212646484375]","[985.2478637695312, 1045.768798828125, 1015.5081787109375]","[0.5963300466537476, 0.6324852705001831, 0.6144075393676758]"
6,"['Model_1', 'Model_2', 'Ensemble']","[1508.484130859375, 1595.96435546875, 1543.4866943359375]","[808.1751708984375, 929.5917358398438, 864.1140747070312]","[1.4139342308044434, 1.452787160873413, 1.4225784540176392]"
7,"['Model_1', 'Model_2', 'Ensemble']","[6742.5625, 7022.26416015625, 6877.09423828125]","[3158.763427734375, 3597.104248046875, 3376.838134765625]","[0.5765615701675415, 0.6630567908287048, 0.6196099519729614]"
