Model,Train_RMSE,Validation_RMSE,Test_RMSE,Train_MAE,Validation_MAE,Test_MAE,Train_MAPE,Validation_MAPE,Test_MAPE
Model_1,3274.301513671875,3930.26806640625,3391.609375,1318.5155029296875,1416.733154296875,1354.2427978515625,0.953989565372467,0.9903558492660522,0.9304251670837402
Model_2,3317.208251953125,4027.44775390625,3482.019775390625,1401.38671875,1511.0733642578125,1460.1741943359375,0.9571457505226135,1.0124800205230713,0.9410064816474915
Ensemble,,3974.638427734375,3432.345703125,,1446.2169189453125,1397.8284912109375,,0.9437965154647827,0.9137413501739502
