Model,RMSE,MAE,MAPE
Model_1,4051.483154296875,2226.282958984375,1.738155260682106
Model_2,3712.60986328125,1956.1624755859375,1.5095660462975502
Ensemble,3869.28173828125,2080.191162109375,1.6132798045873642
XGBoost,41898.29933930384,37004.577836959055,188.87609808178058
Meta-Model,5389.8291015625,2410.026611328125,208.16166400909424
