Model,Train_RMSE,Validation_RMSE,Test_RMSE,Train_MAE,Validation_MAE,Test_MAE,Train_MAPE,Validation_MAPE,Test_MAPE
Model_1,4658.53173828125,4610.2666015625,4051.483154296875,2316.711181640625,2252.4404296875,2226.282958984375,1.748228669166565,1.761972188949585,1.7381552457809448
Model_2,4388.19091796875,4293.52587890625,3712.60986328125,2041.299072265625,1968.2847900390625,1956.162353515625,1.5223082304000854,1.7588748931884766,1.5095657110214233
Ensemble,,4360.2666015625,3869.28173828125,,2096.888427734375,2080.191162109375,,1.7386425733566284,1.6132798194885254
