Lag,MAE,RMSE,MAPE
3.0,35867.773523565564,41724.72823391137,53.53154801288685
