Lag,MAE,RMSE,MAPE
3.0,66706.37722264853,82699.33876313192,120.07458995733052
