Country,Models,RMSE,MAE,MAPE
0,"['Model_1', 'Model_2', 'Ensemble']","[286.8249816894531, 286.7812805175781, 286.8000183105469]","[126.0712890625, 125.94351196289062, 126.00750732421875]","[0.44151395559310913, 0.4410642087459564, 0.4412895143032074]"
1,"['Model_1', 'Model_2', 'Ensemble']","[181.3267364501953, 179.19830322265625, 180.26235961914062]","[179.756103515625, 177.6171875, 178.6866455078125]","[1.2091379165649414, 1.1946663856506348, 1.2019023895263672]"
2,"['Model_1', 'Model_2', 'Ensemble']","[4146.0224609375, 4141.68701171875, 4143.8310546875]","[3624.53076171875, 3620.87744140625, 3622.704345703125]","[1.7664494514465332, 1.7667372226715088, 1.7665936946868896]"
3,"['Model_1', 'Model_2', 'Ensemble']","[1167.8544921875, 1166.5010986328125, 1167.1763916015625]","[627.2611694335938, 623.1102294921875, 625.1866455078125]","[0.5714369416236877, 0.5674717426300049, 0.5694551467895508]"
4,"['Model_1', 'Model_2', 'Ensemble']","[2980.314453125, 2979.963134765625, 2980.13818359375]","[741.3118896484375, 741.1346435546875, 741.2230224609375]","[1.2543940544128418, 1.2547063827514648, 1.2545496225357056]"
5,"['Model_1', 'Model_2', 'Ensemble']","[1629.0162353515625, 1627.1290283203125, 1628.071044921875]","[859.2720336914062, 855.758544921875, 857.515625]","[0.5225341320037842, 0.5204148888587952, 0.5214747190475464]"
6,"['Model_1', 'Model_2', 'Ensemble']","[1697.7139892578125, 1697.7459716796875, 1697.729248046875]","[915.8711547851562, 913.5612182617188, 914.7160034179688]","[1.4356187582015991, 1.4313578605651855, 1.4334875345230103]"
7,"['Model_1', 'Model_2', 'Ensemble']","[8292.3017578125, 8292.8388671875, 8292.56640625]","[3754.364013671875, 3744.2333984375, 3749.30078125]","[0.6827710270881653, 0.68059903383255, 0.681685209274292]"
