Model,Train_RMSE,Validation_RMSE,Test_RMSE,Train_MAE,Validation_MAE,Test_MAE,Train_MAPE,Validation_MAPE,Test_MAPE
Model_1,3575.307373046875,4619.23681640625,3905.343994140625,1404.8809814453125,1589.7205810546875,1458.8245849609375,0.9573723077774048,0.9934096336364746,0.9119364619255066
Model_2,3574.012939453125,4619.1259765625,3904.852294921875,1402.1177978515625,1586.7626953125,1455.144775390625,0.9549539685249329,0.9899863004684448,0.9096296429634094
Ensemble,,4619.17822265625,3905.093994140625,,1588.2386474609375,1456.985107421875,,0.9916729927062988,0.9107831716537476
