Country,RMSE,MAE,MAPE
CA,3364.980607597221,2543.9653151152156,inf
CH,1492.3883561842902,840.261598852132,inf
CN,41305.73192776618,28757.81063432037,inf
DE,7305.137701387806,6295.401963370066,inf
GB,4590.13352178727,3801.1804042343574,inf
JP,31155.121943775408,21767.859701123773,inf
KR,8015.984002597772,6507.585991400029,inf
US,22513.416227194994,15886.080796913338,inf
