Country,MAE,RMSE,MAPE
CA,103534.2006064179,106597.8998258635,369.5036484543098
KR,46778.37273294966,50622.94051389825,71.05401368862702
CH,20770.584884621097,35726.37025582623,171.79686384935027
DE,77211.41253249983,79531.4745113656,75.0972739047098
US,127886.78570974738,143645.1005430098,26.076281187148354
GB,105324.58402499037,109958.36495867828,211.45539921860333
CN,210707.35667208122,234290.5178819235,84.69913456247141
JP,147687.41071788562,149277.44733756917,90.24140469465756
