Country,Models,RMSE,MAE,MAPE
0,"['Model_1', 'Model_2', 'Ensemble']","[291.7640686035156, 197.4439697265625, 242.01388549804688]","[283.0912780761719, 181.86264038085938, 232.47715759277344]","[1.0162321329116821, 0.6521052718162537, 0.8341694474220276]"
1,"['Model_1', 'Model_2', 'Ensemble']","[664.9849853515625, 644.2467651367188, 649.1759643554688]","[513.4954223632812, 410.0787048339844, 461.787353515625]","[3.199460983276367, 2.50288987159729, 2.851177453994751]"
2,"['Model_1', 'Model_2', 'Ensemble']","[6765.74267578125, 6191.42333984375, 6267.0888671875]","[4055.21728515625, 4450.33984375, 4108.08203125]","[1.651534080505371, 2.157270669937134, 1.8191320896148682]"
3,"['Model_1', 'Model_2', 'Ensemble']","[1670.53955078125, 1498.796875, 1556.17919921875]","[1348.770263671875, 1134.834716796875, 1232.0845947265625]","[1.4410597085952759, 1.1996136903762817, 1.3101296424865723]"
4,"['Model_1', 'Model_2', 'Ensemble']","[10319.896484375, 4771.1416015625, 7424.39306640625]","[2764.46875, 1577.025634765625, 2170.746826171875]","[4.762611389160156, 2.76668119430542, 3.764644145965576]"
5,"['Model_1', 'Model_2', 'Ensemble']","[2387.11181640625, 1825.5067138671875, 2077.4345703125]","[1880.0225830078125, 1315.7659912109375, 1597.892578125]","[1.158068060874939, 0.8079136610031128, 0.9829897284507751]"
6,"['Model_1', 'Model_2', 'Ensemble']","[1262.2288818359375, 1252.3231201171875, 1226.3323974609375]","[1105.76806640625, 1126.6929931640625, 1091.4195556640625]","[1.8300294876098633, 1.8658781051635742, 1.8139641284942627]"
7,"['Model_1', 'Model_2', 'Ensemble']","[6944.23388671875, 6037.08056640625, 6376.47509765625]","[5006.6162109375, 4892.30029296875, 4856.4560546875]","[1.102319598197937, 1.0773357152938843, 1.0694081783294678]"
