Model,Train_RMSE,Validation_RMSE,Test_RMSE,Train_MAE,Validation_MAE,Test_MAE,Train_MAPE,Validation_MAPE,Test_MAPE
Model_1,4817.2041015625,4383.25146484375,5202.31884765625,2325.868896484375,2175.33984375,2259.815185546875,1.6661146879196167,1.6051127910614014,1.821977972984314
Model_2,4382.62939453125,4049.3271484375,3705.622802734375,2161.090576171875,2003.8798828125,2002.4154052734375,1.4318253993988037,1.440923810005188,1.462171196937561
Ensemble,,4107.44775390625,4315.18017578125,,2025.766357421875,2096.423828125,,1.473919153213501,1.6240971088409424
