Lag,MAE,RMSE,MAPE
3.0,38962.11426702122,46747.64960518627,68.39011200470988
