Country,MAE,RMSE,MAPE
JP,563100.032614338,961610.75149214,373.56923854868
CA,176625.47450258746,283661.30206007475,671.6927860924291
DE,207665.7959503424,377348.622925221,197.49498694412895
US,751343.9726677648,1384950.845346996,160.82170729824412
CN,790044.7742074033,1359975.4855076687,396.34850670734704
KR,416127.0456989812,458890.646710364,701.2631768699994
CH,158980.43447197392,253219.50607228838,1073.025566162209
GB,199569.56881108545,344689.10180559935,388.8208348018413
