Lag,MAE,RMSE,MAPE
3.0,420343.18741692626,828174.1024802617,445.74048584062183
