Country,Models,RMSE,MAE,MAPE
0,"['Model_1', 'Model_2', 'Ensemble']","[286.7738342285156, 286.8217468261719, 286.7931823730469]","[125.64689636230469, 125.3725814819336, 125.43862915039062]","[0.4399934411048889, 0.4390105605125427, 0.4392358064651489]"
1,"['Model_1', 'Model_2', 'Ensemble']","[177.19036865234375, 175.3746337890625, 176.28164672851562]","[175.5635986328125, 173.6739501953125, 174.618408203125]","[1.1804816722869873, 1.1672930717468262, 1.1738851070404053]"
2,"['Model_1', 'Model_2', 'Ensemble']","[4135.806640625, 4127.05029296875, 4131.419921875]","[3614.668212890625, 3605.061279296875, 3609.864501953125]","[1.765479564666748, 1.762978196144104, 1.764228343963623]"
3,"['Model_1', 'Model_2', 'Ensemble']","[1164.9246826171875, 1162.8983154296875, 1163.906494140625]","[618.3379516601562, 612.2606811523438, 615.2996215820312]","[0.5629079937934875, 0.5571205019950867, 0.5600143671035767]"
4,"['Model_1', 'Model_2', 'Ensemble']","[2979.824462890625, 2979.889404296875, 2979.85693359375]","[740.4122314453125, 739.2718505859375, 739.8421020507812]","[1.2539801597595215, 1.2527949810028076, 1.2533879280090332]"
5,"['Model_1', 'Model_2', 'Ensemble']","[1624.9659423828125, 1622.2470703125, 1623.6031494140625]","[851.296142578125, 845.5209350585938, 848.4083862304688]","[0.5177167057991028, 0.514225959777832, 0.5159711837768555]"
6,"['Model_1', 'Model_2', 'Ensemble']","[1697.6865234375, 1697.498291015625, 1697.591552734375]","[910.7705078125, 907.2200317382812, 908.9951171875]","[1.4262956380844116, 1.420183777809143, 1.4232395887374878]"
7,"['Model_1', 'Model_2', 'Ensemble']","[8294.1015625, 8296.541015625, 8295.30078125]","[3729.2744140625, 3706.217529296875, 3717.7451171875]","[0.6774473190307617, 0.6726285815238953, 0.6750380992889404]"
