Country,MAE,RMSE,MAPE
JP,41.6124135093143,67.02672330410036,0.02644577858171498
CA,37.57677027693453,65.91938723076669,0.13528666985406052
DE,35.2849926394486,49.844117182275305,0.034618362042530916
US,44.270918499939896,62.79445677497579,0.009195116494245767
CN,57.084464398580195,143.80252629141853,0.026618050217904875
KR,37.787357836690276,65.87865335528083,0.0642586114314685
CH,26.49886021599488,30.70569962658838,0.1853833644489005
GB,38.135543894678385,65.25994186879096,0.08064448964215537
