Country,MAE,RMSE,MAPE
KR,1369368.9399014576,2131846.877283556,2059.8156744786006
DE,1957043.8457676913,2445380.8108090176,1825.3593171294722
GB,341567.5631057492,720928.4700418761,595.8075595501277
JP,1605568.1544434691,2593014.531068653,986.9829845760272
CA,357372.4907406875,557469.4512973693,1257.5076042423839
US,3989227.915012932,9524009.517963894,772.4764845887021
CN,5904551.965105068,9492109.556946602,3013.867781900144
CH,552236.3229167154,808598.6398116315,3636.6025371616233
