Lag,MAE,RMSE,MAPE
3.0,2600112.569784489,6776397.435827188,1602.8061433710268
