Lag,MAE,RMSE,MAPE
3.0,2045867.3400336658,5051265.861913167,1579.8547391668717
