Country,Models,RMSE,MAE,MAPE
0,"['Model_1', 'Model_2', 'Ensemble']","[274.51226806640625, 279.0385437011719, 275.4555358886719]","[162.470703125, 175.37376403808594, 166.99188232421875]","[0.5700803399085999, 0.6129435896873474, 0.5844542384147644]"
1,"['Model_1', 'Model_2', 'Ensemble']","[267.22747802734375, 325.8621826171875, 295.4804382324219]","[253.81640625, 306.945068359375, 280.380859375]","[1.669992446899414, 1.9904268980026245, 1.830210566520691]"
2,"['Model_1', 'Model_2', 'Ensemble']","[6520.96728515625, 6741.12451171875, 6628.46240234375]","[4739.18115234375, 5078.4912109375, 4908.83251953125]","[1.9322853088378906, 2.047314167022705, 1.9897983074188232]"
3,"['Model_1', 'Model_2', 'Ensemble']","[1274.3519287109375, 1322.906494140625, 1294.61962890625]","[578.7835693359375, 721.9803466796875, 643.6550903320312]","[0.5215487480163574, 0.6540897488594055, 0.5806995034217834]"
4,"['Model_1', 'Model_2', 'Ensemble']","[2957.920166015625, 2996.4150390625, 2977.058349609375]","[933.1409912109375, 945.37255859375, 935.8566284179688]","[1.6356589794158936, 1.651761531829834, 1.639452576637268]"
5,"['Model_1', 'Model_2', 'Ensemble']","[1872.44677734375, 2021.3798828125, 1941.48583984375]","[1232.2269287109375, 1489.63427734375, 1360.9315185546875]","[0.7477238774299622, 0.9037158489227295, 0.8257203698158264]"
6,"['Model_1', 'Model_2', 'Ensemble']","[1711.6695556640625, 1754.110107421875, 1731.5767822265625]","[1113.109619140625, 1221.81982421875, 1167.46533203125]","[1.7470568418502808, 1.9132159948349, 1.8301373720169067]"
7,"['Model_1', 'Model_2', 'Ensemble']","[7846.521484375, 7773.54931640625, 7798.4912109375]","[3313.027587890625, 3889.884765625, 3593.60302734375]","[0.590423583984375, 0.7058361172676086, 0.6460349559783936]"
