Series,max_abs_monthly_vs_quarterly_annual_sum_diff
NN,5.684341886080802e-14
Ridge_signed,5.684341886080802e-14
Ridge_positive,1.1368683772161603e-13
Mosley,1.1368683772161603e-13
Sax,1.1368683772161603e-13
