Series,quarterly_employment_growth_corr,p_value,N_growth_observations
NN,0.34542753867706477,0.00979565152621548,55
Ridge_signed,0.3062309562566112,0.02297585943917682,55
Ridge_positive,-0.3390340222143977,0.011339032691956685,55
Mosley,-0.08500534041207385,0.5371984512217514,55
Sax,0.2694145406218293,0.046691734354259364,55
