benchmark,N_quarters,level_correlation,growth_correlation,growth_p_value
Mosley,72,0.8719017770816233,0.08514968598186473,0.48016793995823537
Sax,72,0.8927810597966029,0.2400040800239463,0.04380164447640786
