Lag,MAE,RMSE,MAPE
3.0,36923.801443903256,43512.468233094136,56.21055415600444
