Country,MAE,RMSE,MAPE
KR,179.23663072712412,497.64240052956353,0.2758418234263624
DE,155.92375140324006,425.72511528026246,0.14562591629698904
GB,92.94532974799297,431.70227121264884,0.1636737688703008
JP,208.42610283953738,705.9806819913439,0.12936577041506556
CA,28.005686053643302,89.42657530249049,0.10005842703331783
US,959.5790313604393,2506.8174372680733,0.1920420744809306
CN,1134.1899212296526,3193.658443359133,0.51726574010223
CH,68.34751265266259,168.12540111522642,0.4844271050410628
