Country,Models,RMSE,MAE,MAPE
0,"['Model_1', 'Model_2', 'Ensemble']","[1023.9557495117188, 878.5847778320312, 802.9164428710938]","[805.3448486328125, 541.6699829101562, 582.8660278320312]","[2.854978561401367, 1.9041677713394165, 2.0581932067871094]"
1,"['Model_1', 'Model_2', 'Ensemble']","[619.5107421875, 321.05963134765625, 345.852294921875]","[533.8218994140625, 274.3145751953125, 308.9375]","[3.7184290885925293, 1.7470037937164307, 1.9994769096374512]"
2,"['Model_1', 'Model_2', 'Ensemble']","[3717.34375, 5168.20556640625, 4243.8369140625]","[2908.726806640625, 4418.40673828125, 3644.8046875]","[1.1383854150772095, 2.2227606773376465, 1.6613540649414062]"
3,"['Model_1', 'Model_2', 'Ensemble']","[1858.9942626953125, 2212.51904296875, 1650.41015625]","[1222.94677734375, 1214.81640625, 951.6759033203125]","[1.205696940422058, 1.1603937149047852, 0.9249972105026245]"
4,"['Model_1', 'Model_2', 'Ensemble']","[8486.3037109375, 5234.6171875, 6600.57373046875]","[3681.0078125, 2468.29296875, 2888.3388671875]","[7.075736045837402, 4.978358745574951, 5.641891956329346]"
5,"['Model_1', 'Model_2', 'Ensemble']","[2209.3662109375, 2126.958740234375, 2074.632080078125]","[1572.52587890625, 1500.0589599609375, 1467.48193359375]","[0.9502887725830078, 0.9078716039657593, 0.8859364986419678]"
6,"['Model_1', 'Model_2', 'Ensemble']","[1668.443115234375, 2128.575927734375, 1413.0240478515625]","[935.8963623046875, 1374.4700927734375, 865.7998657226562]","[2.0437631607055664, 2.5844056606292725, 1.6060469150543213]"
7,"['Model_1', 'Model_2', 'Ensemble']","[6481.7314453125, 6063.15966796875, 5154.63232421875]","[3478.489501953125, 3880.8076171875, 3275.19970703125]","[0.6674038171768188, 0.7744790315628052, 0.6471726894378662]"
