Model,RMSE,MAE,MAPE
Model_1,4412.2998046875,2023.17578125,2.218109183013439
Model_2,3810.77783203125,2094.195556640625,1.9663749262690544
Ensemble,3644.33251953125,1855.5572509765625,1.820005476474762
XGBoost,41724.72823391137,35867.773523565564,194.43380124446134
Meta-Model,5604.3193359375,2649.26220703125,209.48035717010498
