Model,Train_RMSE,Validation_RMSE,Test_RMSE,Train_MAE,Validation_MAE,Test_MAE,Train_MAPE,Validation_MAPE,Test_MAPE
Model_1,1403.3013916015625,3050.62158203125,4412.2998046875,824.4239501953125,1877.5670166015625,2023.175537109375,0.9386274218559265,2.7754955291748047,2.218109130859375
Model_2,2244.1494140625,3723.139892578125,3810.77783203125,1254.0394287109375,1946.6412353515625,2094.1953125,1.0840717554092407,2.736063003540039,1.9663748741149902
Ensemble,,3005.15966796875,3644.332275390625,,1695.614501953125,1855.5572509765625,,2.3676700592041016,1.8200054168701172
