Country,Models,RMSE,MAE,MAPE
0,"['Model_1', 'Model_2', 'Ensemble']","[275.2884826660156, 274.7420654296875, 274.93017578125]","[129.79420471191406, 118.28094482421875, 124.03787994384766]","[0.45120880007743835, 0.4100286364555359, 0.4306198060512543]"
1,"['Model_1', 'Model_2', 'Ensemble']","[147.33270263671875, 141.04124450683594, 144.1728515625]","[146.9765625, 140.917236328125, 143.946533203125]","[0.9975085258483887, 0.960697591304779, 0.9791007041931152]"
2,"['Model_1', 'Model_2', 'Ensemble']","[4198.99755859375, 4015.769775390625, 4106.380859375]","[3699.19482421875, 3479.373779296875, 3589.28564453125]","[1.8458863496780396, 1.7743431329727173, 1.8101149797439575]"
3,"['Model_1', 'Model_2', 'Ensemble']","[1188.9368896484375, 1164.5625, 1176.382568359375]","[669.0973510742188, 615.0953369140625, 642.095947265625]","[0.6041775941848755, 0.5548624992370605, 0.5795196294784546]"
4,"['Model_1', 'Model_2', 'Ensemble']","[2955.419189453125, 2957.15234375, 2956.227294921875]","[665.2199096679688, 633.9769287109375, 649.59814453125]","[1.1402390003204346, 1.0838035345077515, 1.1120209693908691]"
5,"['Model_1', 'Model_2', 'Ensemble']","[1667.6168212890625, 1620.5118408203125, 1642.787841796875]","[897.074951171875, 771.0298461914062, 833.1107788085938]","[0.5451186895370483, 0.4690075218677521, 0.5065006017684937]"
6,"['Model_1', 'Model_2', 'Ensemble']","[1691.1187744140625, 1684.824951171875, 1687.7706298828125]","[934.1806030273438, 895.908447265625, 915.0444946289062]","[1.4883503913879395, 1.4417409896850586, 1.4650461673736572]"
7,"['Model_1', 'Model_2', 'Ensemble']","[8236.4736328125, 8267.0380859375, 8248.4267578125]","[4209.64453125, 3830.936279296875, 4020.29345703125]","[0.7786811590194702, 0.7001104354858398, 0.7393962144851685]"
