Model,RMSE,MAE,MAPE
Model_1,3891.945068359375,1546.4595947265625,0.9329469874501228
Model_2,3878.877685546875,1423.5726318359375,0.8735367096960545
Ensemble,3883.9013671875,1484.8826904296875,0.9031618013978004
XGBoost,43512.468233094136,36923.801443903256,193.43205420429496
Meta-Model,5427.31640625,2304.704345703125,209.80348587036133
