Model,Train_RMSE,Validation_RMSE,Test_RMSE,Train_MAE,Validation_MAE,Test_MAE,Train_MAPE,Validation_MAPE,Test_MAPE
Model_1,3570.660888671875,4525.61328125,3891.945068359375,1484.139892578125,1602.4107666015625,1546.4595947265625,0.9866361618041992,0.997795820236206,0.9329470992088318
Model_2,3541.97998046875,4538.1201171875,3878.877685546875,1375.1417236328125,1510.614013671875,1423.5726318359375,0.930288553237915,0.9508227109909058,0.8735365867614746
Ensemble,,4530.62744140625,3883.9013671875,,1555.643798828125,1484.8824462890625,,0.9741188883781433,0.903161883354187
