Country,Models,RMSE,MAE,MAPE
0,"['Model_1', 'Model_2', 'Ensemble']","[348.0398254394531, 399.6249084472656, 370.4052429199219]","[246.36985778808594, 311.3392639160156, 273.7784118652344]","[0.8685519695281982, 1.0977355241775513, 0.9649735689163208]"
1,"['Model_1', 'Model_2', 'Ensemble']","[159.01162719726562, 229.28065490722656, 191.59332275390625]","[134.73388671875, 179.979248046875, 157.356689453125]","[0.8623848557472229, 1.1250290870666504, 0.9937079548835754]"
2,"['Model_1', 'Model_2', 'Ensemble']","[3604.33056640625, 3610.50048828125, 3607.2802734375]","[2866.033447265625, 2851.9375, 2858.982666015625]","[1.5066978931427002, 1.4955750703811646, 1.5011355876922607]"
3,"['Model_1', 'Model_2', 'Ensemble']","[1259.8665771484375, 1252.3466796875, 1255.499267578125]","[545.5694580078125, 573.703125, 557.4609375]","[0.4806685149669647, 0.5086506009101868, 0.4921467900276184]"
4,"['Model_1', 'Model_2', 'Ensemble']","[2816.343017578125, 2877.0361328125, 2844.6064453125]","[808.4075927734375, 861.8052978515625, 834.82666015625]","[1.4581620693206787, 1.5358997583389282, 1.4963468313217163]"
5,"['Model_1', 'Model_2', 'Ensemble']","[1640.76318359375, 1661.93994140625, 1651.1556396484375]","[930.8845825195312, 973.641357421875, 952.260986328125]","[0.5655871629714966, 0.5919596552848816, 0.5787723064422607]"
6,"['Model_1', 'Model_2', 'Ensemble']","[1571.771728515625, 1591.7252197265625, 1579.436767578125]","[567.5748901367188, 561.9301147460938, 556.2412719726562]","[0.9217287302017212, 0.9400615692138672, 0.9062512516975403]"
7,"['Model_1', 'Model_2', 'Ensemble']","[8221.83984375, 8258.3525390625, 8239.8271484375]","[3402.508056640625, 3530.7548828125, 3466.63232421875]","[0.6107326149940491, 0.6371883153915405, 0.6239606142044067]"
