Model,RMSE,MAE,MAPE
Model_1,3808.833740234375,1294.4224853515625,0.8626595139503479
Model_2,3831.0078125,1340.46826171875,0.922154076397419
Ensemble,3819.36083984375,1315.219970703125,0.8862149901688099
XGBoost,41724.72823391137,35867.773523565564,194.43380124446134
Meta-Model,5626.8232421875,2390.23583984375,209.61346626281738
