Model,Train_RMSE,Validation_RMSE,Test_RMSE,Train_MAE,Validation_MAE,Test_MAE,Train_MAPE,Validation_MAPE,Test_MAPE
Model_1,3501.451416015625,4528.40869140625,3808.833984375,1252.244384765625,1429.0966796875,1294.4224853515625,0.9098925590515137,0.9634892344474792,0.8626595139503479
Model_2,3514.9638671875,4546.47509765625,3831.0078125,1296.078857421875,1481.28515625,1340.46826171875,0.9898045063018799,1.0627472400665283,0.9221540093421936
Ensemble,,4536.69677734375,3819.360595703125,,1452.2227783203125,1315.219970703125,,0.9989107251167297,0.8862149715423584
