draw,delta
1,0.0028267765067750096
2,0.003789245961024431
3,0.015068872352641085
4,0.011034311283104807
5,0.018819535358215365
6,0.014194545086319066
7,0.0027561279487905007
8,0.006157911763674239
9,-0.005534212708328965
10,0.015891133873870488
11,0.0034184892437830617
12,0.007388972796597079
13,0.015012914313941325
14,0.0071093662710827845
15,0.006664494305670267
16,-0.001337020071019289
17,-0.0028906333098225705
18,0.015038751700534213
19,0.007303405260662917
20,0.012370511714898903
