{
  "normal_draws": {
    "n": 20,
    "seed": 20260714,
    "sample_mean": 0.007754174982620736,
    "sample_sd": 0.006814338846613596,
    "minimum": -0.005534212708328965,
    "maximum": 0.018819535358215365
  },
  "fixed_1pct": {
    "N": 216,
    "Mosley_lvl": 0.7580812893216606,
    "Mosley_gr": 0.15915269833825574,
    "Mosley_gr_p": 0.019546825064296575,
    "Sax_lvl": 0.6643420951483224,
    "Sax_gr": -0.06875119165398691,
    "Sax_gr_p": 0.31566721898791056,
    "Mosley_q_lvl": 0.8718226393340207,
    "Mosley_q_gr": 0.08494441788057301,
    "Sax_q_lvl": 0.8927262536957635,
    "Sax_q_gr": 0.2399223928957107,
    "quarterly_employment_r": 0.34552719981967306,
    "quarterly_employment_p": 0.009773110035728732,
    "quarterly_employment_n": 55,
    "minimum_monthly_estimate": 18.616674244193234
  },
  "normal_mean": {
    "N": 216,
    "Mosley_lvl": 0.7581476374268106,
    "Mosley_gr": 0.15921434034105053,
    "Mosley_gr_p": 0.01949901359763196,
    "Sax_lvl": 0.6643852405093436,
    "Sax_gr": -0.0687854006139891,
    "Sax_gr_p": 0.3154259126125794,
    "Mosley_q_lvl": 0.8718730500558254,
    "Mosley_q_gr": 0.08507475016252443,
    "Sax_q_lvl": 0.8927610237900263,
    "Sax_q_gr": 0.23997361072411658,
    "quarterly_employment_r": 0.3454638044374955,
    "quarterly_employment_p": 0.009787443685653987,
    "quarterly_employment_n": 55,
    "minimum_monthly_estimate": 18.619212069815582,
    "estimator": "normal_mean",
    "draw": -1,
    "delta": 0.007754174982620736,
    "fixed_level_corr": 0.9999999927236365,
    "fixed_growth_corr": 0.9999999917304888,
    "fixed_monthly_mae": 0.0011775974707604958
  },
  "draw_dispersion": {
    "fixed_level_corr": {
      "mean": 0.9999998987756943,
      "sd": 1.942681237905175e-07,
      "min": 0.9999991352534272,
      "max": 0.9999999968846314
    },
    "fixed_growth_corr": {
      "mean": 0.9999998820962546,
      "sd": 2.268094484178667e-07,
      "min": 0.999998990295385,
      "max": 0.9999999963606464
    },
    "fixed_monthly_mae": {
      "mean": 0.003326821585527888,
      "sd": 0.002932832723768367,
      "min": 0.0007631980796166301,
      "max": 0.012828172989341868
    },
    "Mosley_lvl": {
      "mean": 0.7581474693048961,
      "sd": 0.0002437763650471532,
      "min": 0.7573607401565379,
      "max": 0.7584493575288966
    },
    "Mosley_gr": {
      "mean": 0.1592143531251665,
      "sd": 0.00022526353945201397,
      "min": 0.15848901643831168,
      "max": 0.15949536906204015
    },
    "Mosley_q_gr": {
      "mean": 0.08507485393993859,
      "sd": 0.0004769820866077258,
      "min": 0.0835388419013546,
      "max": 0.08566536651617578
    },
    "quarterly_employment_r": {
      "mean": 0.34546368121493864,
      "sd": 0.0002317660132851032,
      "min": 0.34517733006059814,
      "max": 0.3462106466812488
    }
  }
}