Country,Models,RMSE,MAE,MAPE
0,"['Model_1', 'Model_2', 'Ensemble']","[275.97369384765625, 275.3052978515625, 275.58624267578125]","[86.04193878173828, 95.68318176269531, 90.8628158569336]","[0.2934880554676056, 0.32818683981895447, 0.31083837151527405]"
1,"['Model_1', 'Model_2', 'Ensemble']","[157.72207641601562, 164.45083618164062, 161.08619689941406]","[157.5543212890625, 164.2413330078125, 160.89794921875]","[1.0733797550201416, 1.1181483268737793, 1.0957647562026978]"
2,"['Model_1', 'Model_2', 'Ensemble']","[4048.58935546875, 4108.373046875, 4078.162353515625]","[3523.694091796875, 3594.2216796875, 3558.95947265625]","[1.742631196975708, 1.7680575847625732, 1.7553445100784302]"
3,"['Model_1', 'Model_2', 'Ensemble']","[1148.8316650390625, 1158.995849609375, 1153.7392578125]","[548.7366943359375, 579.6596069335938, 564.1976318359375]","[0.491765558719635, 0.520902156829834, 0.5063332915306091]"
4,"['Model_1', 'Model_2', 'Ensemble']","[2986.88427734375, 2985.470458984375, 2986.16162109375]","[670.3155517578125, 684.9530029296875, 677.6345825195312]","[1.116229772567749, 1.1447397470474243, 1.1304852962493896]"
5,"['Model_1', 'Model_2', 'Ensemble']","[1628.626220703125, 1643.4046630859375, 1635.7423095703125]","[798.62109375, 841.7752075195312, 820.1743774414062]","[0.48549365997314453, 0.5116373300552368, 0.49855169653892517]"
6,"['Model_1', 'Model_2', 'Ensemble']","[1682.476318359375, 1684.9375, 1683.646728515625]","[876.691162109375, 897.6024780273438, 887.1460571289062]","[1.4161888360977173, 1.4457240104675293, 1.4309552907943726]"
7,"['Model_1', 'Model_2', 'Ensemble']","[8291.23828125, 8262.330078125, 8276.0048828125]","[3511.393310546875, 3661.91796875, 3586.657470703125]","[0.6323357820510864, 0.6636461019515991, 0.6479912996292114]"
