Model,RMSE,MAE,MAPE
Model_1,3893.297607421875,1366.1070556640625,0.8397173136472702
Model_2,3890.8564453125,1415.7391357421875,0.869477353990078
Ensemble,3891.721923828125,1390.919921875,0.8545953780412674
XGBoost,43512.468233094136,36923.801443903256,193.43205420429496
Meta-Model,5428.18701171875,2358.06640625,209.67869758605957
