Model,Train_RMSE,Validation_RMSE,Test_RMSE,Train_MAE,Validation_MAE,Test_MAE,Train_MAPE,Validation_MAPE,Test_MAPE
Model_1,3569.97412109375,4597.88916015625,3893.29736328125,1333.902587890625,1510.5858154296875,1366.1070556640625,0.897759199142456,0.9472497701644897,0.8397173285484314
Model_2,3574.283447265625,4586.29296875,3890.856689453125,1377.8443603515625,1553.64892578125,1415.7388916015625,0.925510823726654,0.9747177362442017,0.8694772720336914
Ensemble,,4591.82568359375,3891.7216796875,,1532.028076171875,1390.9200439453125,,0.9609161019325256,0.8545953035354614
