Lag,MAE,RMSE,MAPE
3.0,154747.86479634998,224022.19939288954,100.0
