Country,Models,RMSE,MAE,MAPE
0,"['Model_1', 'Model_2', 'Ensemble']","[437.8238830566406, 3202.752197265625, 1597.2012939453125]","[353.7728271484375, 2697.082763671875, 1302.3663330078125]","[1.2447409629821777, 9.597044944763184, 4.6519269943237305]"
1,"['Model_1', 'Model_2', 'Ensemble']","[1095.2777099609375, 7518.38818359375, 4113.27783203125]","[765.1741333007812, 6538.87939453125, 3484.638427734375]","[5.376902103424072, 44.506587982177734, 23.642601013183594]"
2,"['Model_1', 'Model_2', 'Ensemble']","[6912.22607421875, 8650.0966796875, 7316.03662109375]","[3525.160400390625, 6296.458984375, 4836.31982421875]","[1.339066743850708, 2.591427803039551, 1.9452807903289795]"
3,"['Model_1', 'Model_2', 'Ensemble']","[2471.14404296875, 5148.81884765625, 3213.300537109375]","[1412.4053955078125, 4353.66015625, 2662.424072265625]","[1.4406498670578003, 4.0817484855651855, 2.561277389526367]"
4,"['Model_1', 'Model_2', 'Ensemble']","[4307.51220703125, 5755.60546875, 4431.58642578125]","[2432.13623046875, 4457.72607421875, 3178.92626953125]","[5.029081344604492, 9.402175903320312, 6.559751987457275]"
5,"['Model_1', 'Model_2', 'Ensemble']","[3105.796630859375, 7826.75341796875, 4997.27734375]","[2418.358642578125, 6889.6396484375, 4303.79931640625]","[1.4597079753875732, 4.2332329750061035, 2.6355860233306885]"
6,"['Model_1', 'Model_2', 'Ensemble']","[2212.4833984375, 3999.097412109375, 2451.11669921875]","[1222.794189453125, 3400.755126953125, 1943.3419189453125]","[1.8476892709732056, 5.640816688537598, 3.140779495239258]"
7,"['Model_1', 'Model_2', 'Ensemble']","[4044.822265625, 8275.8681640625, 5603.63525390625]","[2551.924072265625, 6469.30419921875, 4217.17138671875]","[0.5415846705436707, 1.360741376876831, 0.8825449347496033]"
