Model,RMSE,MAE,MAPE
Model_1,3673.73779296875,1905.1785888671875,2.0449290052056313
Model_2,6453.94677734375,5015.1083984375,7.314658910036087
Ensemble,4514.658203125,3204.888671875,4.269866272807121
XGBoost,75002.95525789296,52589.96134355057,200.51972524099804
Meta-Model,6265.5322265625,2618.449951171875,208.04522037506104
