Model,Train_RMSE,Validation_RMSE,Test_RMSE,Train_MAE,Validation_MAE,Test_MAE,Train_MAPE,Validation_MAPE,Test_MAPE
Model_1,1991.4427490234375,5576.39892578125,3673.73779296875,1214.6458740234375,1909.8665771484375,1905.1785888671875,1.3142317533493042,2.3899331092834473,2.044929027557373
Model_2,12334.396484375,17605.115234375,6453.94677734375,4671.85791015625,5880.4013671875,5015.1083984375,6.617090702056885,9.007990837097168,7.314659118652344
Ensemble,,11304.2001953125,4514.65869140625,,3621.38037109375,3204.88916015625,,5.252997398376465,4.269866466522217
