Lag,MAE,RMSE,MAPE
3.0,1871.0341027616164,4247.368056119494,1.260319522145816
