Country,Models,RMSE,MAE,MAPE
0,"['Model_1', 'Model_2', 'Ensemble']","[276.5984802246094, 266.50848388671875, 271.4199523925781]","[198.04949951171875, 185.7411651611328, 191.7933807373047]","[0.7044130563735962, 0.6608186960220337, 0.6822464466094971]"
1,"['Model_1', 'Model_2', 'Ensemble']","[234.2122039794922, 221.0867919921875, 227.64776611328125]","[161.2520751953125, 151.5966796875, 156.424560546875]","[1.2385873794555664, 1.1652294397354126, 1.2019095420837402]"
2,"['Model_1', 'Model_2', 'Ensemble']","[4459.57373046875, 4347.73095703125, 4403.3330078125]","[4052.5693359375, 3925.712158203125, 3989.1416015625]","[1.913490653038025, 1.8751564025878906, 1.8943239450454712]"
3,"['Model_1', 'Model_2', 'Ensemble']","[1550.382080078125, 1515.4149169921875, 1532.7501220703125]","[752.9387817382812, 708.29931640625, 730.6195068359375]","[0.7082489728927612, 0.6668944358825684, 0.6875720620155334]"
4,"['Model_1', 'Model_2', 'Ensemble']","[2285.889404296875, 2290.794921875, 2288.2890625]","[718.1373901367188, 705.9680786132812, 712.052734375]","[1.385886549949646, 1.3663543462753296, 1.3761202096939087]"
5,"['Model_1', 'Model_2', 'Ensemble']","[1769.6187744140625, 1735.50439453125, 1752.253662109375]","[1009.9005737304688, 946.121826171875, 978.0035400390625]","[0.611517608165741, 0.5731632709503174, 0.59233558177948]"
6,"['Model_1', 'Model_2', 'Ensemble']","[1565.1937255859375, 1563.98828125, 1564.49267578125]","[921.2092895507812, 898.1693115234375, 909.6890258789062]","[1.3927662372589111, 1.360899806022644, 1.3768324851989746]"
7,"['Model_1', 'Model_2', 'Ensemble']","[7027.375, 7058.232421875, 7041.95361328125]","[3684.72119140625, 3538.125732421875, 3611.427001953125]","[0.6851467490196228, 0.654634416103363, 0.669891357421875]"
