Model,RMSE,MAE,MAPE
Model_1,3469.885986328125,1539.7998046875,1.007811352610588
Model_2,3461.042724609375,1479.4495849609375,0.9720177389681339
Ensemble,3465.030029296875,1509.61181640625,0.9898685850203037
XGBoost,43512.468233094136,36923.801443903256,193.43205420429496
Meta-Model,5313.13671875,2196.083251953125,209.5137119293213
