Model,Train_RMSE,Validation_RMSE,Test_RMSE,Train_MAE,Validation_MAE,Test_MAE,Train_MAPE,Validation_MAPE,Test_MAPE
Model_1,3389.880615234375,3994.48193359375,3469.8857421875,1511.6380615234375,1508.7509765625,1539.7999267578125,1.1438008546829224,1.0387704372406006,1.0078113079071045
Model_2,3373.042236328125,4007.277099609375,3461.042724609375,1460.6337890625,1460.9091796875,1479.4495849609375,1.111589789390564,1.0049654245376587,0.972017765045166
Ensemble,,4000.3115234375,3465.030029296875,,1482.965087890625,1509.612060546875,,1.0191316604614258,0.9898687601089478
