Lag,MAE,RMSE,MAPE
3.0,761.6220075232306,2993.856594504071,0.6772324679591377
