Country,RMSE,MAPE,MAE
CA,0.0007345072956018641,,0.00016867856391489366
CH,1085.6399060662602,,309.8088317846471
CN,22577.819691556546,,11201.4142778443
DE,8810.34254349495,,4902.057511877566
GB,3215.814096408864,inf,2702.803697804659
JP,21678.673440995513,,10139.422434971573
KR,7462.6040509646655,,4609.07998504236
US,29070.74582920353,inf,27002.50823796608
