RMSE,MAPE,MAE
15691.01556829343,,7608.38689324622
