Country,RMSE,MAE,MAPE
CA,0.003166813888078797,0.001981973126,inf
CH,5173.163773195799,2558.5558401396083,inf
CN,164839.7965487373,108152.91802597784,inf
DE,58771.62287720394,44943.99852445305,inf
GB,35850.31545283126,31757.923535061924,inf
JP,95083.33979598898,79249.87697075974,inf
KR,48589.99879375096,43584.32145560211,inf
US,339347.93758437055,317279.4604691025,inf
