Country,RMSE,MAE,MAPE
CA,0.000734507295601864,0.00016867856391489364,
CH,1085.63990606626,309.80883178464705,81.94429934119263
CN,22577.819691556542,11201.4142778443,72.83707075886807
DE,8810.34254349495,4902.057511877566,75.84729441578703
GB,3215.814096408864,2702.803697804659,69.05809478776033
JP,21678.673440995513,10139.422434971575,83.02839552334413
KR,7462.6040509646655,4609.07998504236,73.35713546447377
US,29070.74582920353,27002.50823796608,70.07681043341452
