Country,MAE,RMSE,MAPE
KR,86.87668572592348,145.59235410827617,0.1295417642064831
DE,83.79147670904936,130.47314843613566,0.07993670505059734
GB,54.32058896641689,73.65173423736894,0.11213828855874038
JP,73.39561903677489,101.34722352312087,0.04566424842041199
CA,54.366751875528585,97.98596590273246,0.19252937559958003
US,49.508175675242484,79.11973725769091,0.009789772593929054
CN,69.3088046812407,131.60945909012253,0.04542032875785646
CH,33.8190298748259,45.07057679715946,0.24342016821156448
