Lag,MAE,RMSE,MAPE
3.0,494.931109563343,2242.5828134517155,0.45343476908614977
