Lag,MAE,RMSE,MAPE
3.0,113742.26962249115,136090.33715060298,137.63689740306162
