Lag,MAE,RMSE,MAPE,R^2
3.0,53.36263531289255,80.86331504561123,0.0777542834849787,0.9999997445208172
