Lag,MAE,RMSE,MAPE,R^2
3.0,244494791.9524966,1734744492.1438696,136025.14608164196,-104036171.37273636
