Country,Models,RMSE,MAE,MAPE
0,"['Model_1', 'Model_2', 'Ensemble']","[275.2884826660156, 274.69940185546875, 274.9042663574219]","[129.79420471191406, 117.97132110595703, 123.88296508789062]","[0.45120880007743835, 0.40892305970191956, 0.43006661534309387]"
1,"['Model_1', 'Model_2', 'Ensemble']","[147.33270263671875, 140.93849182128906, 144.12158203125]","[146.9765625, 140.8172607421875, 143.8970947265625]","[0.9975085258483887, 0.9600871205329895, 0.9787993431091309]"
2,"['Model_1', 'Model_2', 'Ensemble']","[4198.99755859375, 4010.71630859375, 4103.796875]","[3699.19482421875, 3472.01123046875, 3585.606689453125]","[1.8458863496780396, 1.7725346088409424, 1.8092122077941895]"
3,"['Model_1', 'Model_2', 'Ensemble']","[1188.9368896484375, 1164.0333251953125, 1176.1016845703125]","[669.0973510742188, 613.8009033203125, 641.4476318359375]","[0.6041775941848755, 0.5536806583404541, 0.578927755355835]"
4,"['Model_1', 'Model_2', 'Ensemble']","[2955.419189453125, 2957.24609375, 2956.271484375]","[665.2199096679688, 633.6266479492188, 649.4226684570312]","[1.1402390003204346, 1.0829514265060425, 1.111594319343567]"
5,"['Model_1', 'Model_2', 'Ensemble']","[1667.6168212890625, 1619.9969482421875, 1642.5069580078125]","[897.074951171875, 769.2947387695312, 832.2446899414062]","[0.5451186895370483, 0.4679601788520813, 0.5059778094291687]"
6,"['Model_1', 'Model_2', 'Ensemble']","[1691.1187744140625, 1684.742919921875, 1687.724365234375]","[934.1806030273438, 895.3621215820312, 914.7721557617188]","[1.4883503913879395, 1.4411102533340454, 1.4647310972213745]"
7,"['Model_1', 'Model_2', 'Ensemble']","[8236.4736328125, 8267.7490234375, 8248.73828125]","[4209.64453125, 3829.06982421875, 4019.35791015625]","[0.7786811590194702, 0.699749767780304, 0.739215612411499]"
