Model,RMSE,MAE,MAPE
Model_1,3891.945068359375,1546.4595947265625,0.9329469874501228
Model_2,3878.548583984375,1421.890625,0.8725902996957302
Ensemble,3883.706298828125,1484.04150390625,0.9026888757944107
XGBoost,43512.468233094136,36923.801443903256,193.43205420429496
Meta-Model,5427.77978515625,2304.510009765625,209.79418754577637
