Model,Train_RMSE,Validation_RMSE,Test_RMSE,Train_MAE,Validation_MAE,Test_MAE,Train_MAPE,Validation_MAPE,Test_MAPE
Model_1,3570.660888671875,4525.61328125,3891.945068359375,1484.139892578125,1602.4107666015625,1546.4595947265625,0.9866361618041992,0.997795820236206,0.9329470992088318
Model_2,3541.80517578125,4538.140625,3878.548583984375,1373.9873046875,1508.7740478515625,1421.890625,0.9294741153717041,0.9497805237770081,0.872590184211731
Ensemble,,4530.62060546875,3883.70654296875,,1554.7449951171875,1484.0416259765625,,0.9736183285713196,0.9026888608932495
