Country,Models,RMSE,MAE,MAPE
0,"['Model_1', 'Model_2', 'Ensemble']","[0.3067971467971802, 0.24995768070220947, 0.22458702325820923]","[0.15456822514533997, 0.18444658815860748, 0.15516667068004608]","[0.538147509098053, 0.6584757566452026, 0.5478386878967285]"
1,"['Model_1', 'Model_2', 'Ensemble']","[0.6136161684989929, 0.4625392258167267, 0.5052520036697388]","[0.5645251274108887, 0.4155697822570801, 0.4900473356246948]","[3.7487640380859375, 2.9450087547302246, 3.346886157989502]"
2,"['Model_1', 'Model_2', 'Ensemble']","[3.4670448303222656, 3.7834420204162598, 3.0931029319763184]","[1.4685794115066528, 2.3018274307250977, 1.7869364023208618]","[0.4557860493659973, 1.017804741859436, 0.696539580821991]"
3,"['Model_1', 'Model_2', 'Ensemble']","[1.10260808467865, 1.364113688468933, 1.149053931236267]","[0.4701947867870331, 0.73218834400177, 0.5465538501739502]","[0.41610658168792725, 0.7231093049049377, 0.5188661813735962]"
4,"['Model_1', 'Model_2', 'Ensemble']","[2.3998782634735107, 2.4328460693359375, 2.4074676036834717]","[0.6279491186141968, 0.7362321615219116, 0.6473353505134583]","[1.1600556373596191, 1.3387227058410645, 1.177493929862976]"
5,"['Model_1', 'Model_2', 'Ensemble']","[1.6026661396026611, 1.746047854423523, 1.5395190715789795]","[0.8381108641624451, 1.108666181564331, 0.7614139318466187]","[0.5120724439620972, 0.675277590751648, 0.462322860956192]"
6,"['Model_1', 'Model_2', 'Ensemble']","[0.8099743723869324, 1.5860729217529297, 1.1190871000289917]","[0.5046106576919556, 0.7766268253326416, 0.5778791904449463]","[0.8422154784202576, 1.186408519744873, 0.871715247631073]"
7,"['Model_1', 'Model_2', 'Ensemble']","[3.4222700595855713, 5.537627220153809, 3.5770328044891357]","[2.511636734008789, 3.1614882946014404, 2.038282871246338]","[0.47959601879119873, 0.6464430689811707, 0.4043942391872406]"
