Model,Train_RMSE,Validation_RMSE,Test_RMSE,Train_MAE,Validation_MAE,Test_MAE,Train_MAPE,Validation_MAPE,Test_MAPE,Test_R2
Model_1,0.8929412961006165,2.4049227237701416,2.1390066146850586,0.5205738544464111,0.961554765701294,0.9485206007957458,0.47439444065093994,0.8160852193832397,0.7011227011680603,0.9997744560241699
Model_2,0.9598851203918457,2.4086101055145264,2.8958802223205566,0.5782126784324646,1.0604966878890991,1.2753715515136719,0.5435231924057007,1.0020318031311035,0.9269492030143738,0.9995865821838379
Ensemble,,2.2223706245422363,2.13944935798645,,0.8628794550895691,0.9156068563461304,,0.7933245897293091,0.7208877205848694,0.9997743368148804
