Country,Models,RMSE,MAE,MAPE
0,"['Model_1', 'Model_2', 'Ensemble']","[341.94073486328125, 327.8823547363281, 334.80059814453125]","[242.2240447998047, 226.23406982421875, 234.2019500732422]","[0.8663370013237, 0.8093369007110596, 0.8377480506896973]"
1,"['Model_1', 'Model_2', 'Ensemble']","[224.13938903808594, 220.11190795898438, 222.00694274902344]","[147.62158203125, 144.8134765625, 146.217529296875]","[1.1500738859176636, 1.1278355121612549, 1.138954997062683]"
2,"['Model_1', 'Model_2', 'Ensemble']","[3494.1083984375, 3466.5595703125, 3476.670654296875]","[2314.47607421875, 2450.337646484375, 2382.40625]","[1.2602277994155884, 1.310300350189209, 1.285264015197754]"
3,"['Model_1', 'Model_2', 'Ensemble']","[1273.45947265625, 1258.6290283203125, 1265.1695556640625]","[649.583740234375, 575.567138671875, 612.0347290039062]","[0.5780690312385559, 0.5097222328186035, 0.5433419942855835]"
4,"['Model_1', 'Model_2', 'Ensemble']","[2660.61328125, 2637.69384765625, 2649.05810546875]","[944.2158203125, 906.3692626953125, 925.2931518554688]","[1.7261992692947388, 1.6631494760513306, 1.6946755647659302]"
5,"['Model_1', 'Model_2', 'Ensemble']","[1747.400146484375, 1683.853759765625, 1713.9208984375]","[1206.5291748046875, 1063.6309814453125, 1135.0784912109375]","[0.7321631908416748, 0.645805835723877, 0.6889835596084595]"
6,"['Model_1', 'Model_2', 'Ensemble']","[1579.6541748046875, 1570.89794921875, 1574.8848876953125]","[519.5484619140625, 540.5952758789062, 528.0242309570312]","[0.8221889734268188, 0.8510186076164246, 0.8341494202613831]"
7,"['Model_1', 'Model_2', 'Ensemble']","[8890.8330078125, 8576.564453125, 8730.55859375]","[4629.482421875, 4098.73291015625, 4364.10595703125]","[0.8547584414482117, 0.7490332126617432, 0.8018955588340759]"
