Model,Train_RMSE,Validation_RMSE,Test_RMSE,Train_MAE,Validation_MAE,Test_MAE,Train_MAPE,Validation_MAPE,Test_MAPE
Model_1,3702.782958984375,4768.751953125,4033.470703125,1439.2044677734375,1643.5313720703125,1509.7469482421875,1.0166057348251343,1.0731384754180908,0.9469712972640991
Model_2,3609.5078125,4648.646484375,3909.634521484375,1349.0194091796875,1540.5517578125,1398.4854736328125,0.9750814437866211,1.0258680582046509,0.8985688090324402
Ensemble,,4707.41064453125,3969.850830078125,,1591.6646728515625,1453.7330322265625,,1.049117922782898,0.9223206639289856
