Country,Models,RMSE,MAE,MAPE
0,"['Model_1', 'Model_2', 'Ensemble']","[275.2218322753906, 274.62457275390625, 274.8312072753906]","[129.4132843017578, 117.43724060058594, 123.4252700805664]","[0.44984301924705505, 0.40701380372047424, 0.42842844128608704]"
1,"['Model_1', 'Model_2', 'Ensemble']","[147.17213439941406, 140.81776428222656, 143.9805145263672]","[146.8193359375, 140.700439453125, 143.760009765625]","[0.9964882135391235, 0.9593932628631592, 0.9779416918754578]"
2,"['Model_1', 'Model_2', 'Ensemble']","[4193.5546875, 4002.358154296875, 4096.837890625]","[3691.723388671875, 3459.515625, 3575.615234375]","[1.8440070152282715, 1.7694270610809326, 1.8067147731781006]"
3,"['Model_1', 'Model_2', 'Ensemble']","[1188.239013671875, 1163.1817626953125, 1175.3192138671875]","[667.55078125, 611.693115234375, 639.621826171875]","[0.6027549505233765, 0.5517504811286926, 0.5772528052330017]"
4,"['Model_1', 'Model_2', 'Ensemble']","[2955.50244140625, 2957.414306640625, 2956.39599609375]","[664.7283935546875, 633.076171875, 648.9033203125]","[1.1391322612762451, 1.081541657447815, 1.110338568687439]"
5,"['Model_1', 'Model_2', 'Ensemble']","[1666.8731689453125, 1619.1572265625, 1641.7047119140625]","[895.2652587890625, 766.403076171875, 829.7826538085938]","[0.5440245866775513, 0.4662137031555176, 0.5044909119606018]"
6,"['Model_1', 'Model_2', 'Ensemble']","[1690.98583984375, 1684.6180419921875, 1687.594482421875]","[933.453125, 894.4940795898438, 913.9745483398438]","[1.4874417781829834, 1.4400432109832764, 1.4637436866760254]"
7,"['Model_1', 'Model_2', 'Ensemble']","[8237.02734375, 8268.83203125, 8249.5556640625]","[4206.0703125, 3825.477294921875, 4015.775634765625]","[0.7779600024223328, 0.699038028717041, 0.738499641418457]"
