Model,RMSE,MAE,MAPE
Model_1,3891.466552734375,1544.37646484375,0.9317710064351559
Model_2,3877.97705078125,1419.0032958984375,0.8709912188351154
Ensemble,3883.16943359375,1481.540283203125,0.901291985064745
XGBoost,43512.468233094136,36923.801443903256,193.43205420429496
Meta-Model,5427.77978515625,2304.510009765625,209.79418754577637
