Model,Train_RMSE,Validation_RMSE,Test_RMSE,Train_MAE,Validation_MAE,Test_MAE,Train_MAPE,Validation_MAPE,Test_MAPE
Model_1,3570.269287109375,4525.62353515625,3891.466552734375,1482.58642578125,1600.68408203125,1544.37646484375,0.985594630241394,0.9967842102050781,0.9317710995674133
Model_2,3541.52734375,4538.20751953125,3877.97705078125,1372.0096435546875,1505.7196044921875,1419.0032958984375,0.9281029105186462,0.9481424689292908,0.8709912896156311
Ensemble,,4530.65625,3883.169677734375,,1552.2828369140625,1481.540283203125,,0.9723113775253296,0.9012921452522278
