Country,MAE,RMSE,MAPE
JP,43375.5450378703,44055.41686271107,26.628835985119952
CA,45999.22322523774,46270.802259230055,169.81817381735192
DE,18043.775246823796,21665.35473854405,15.916369514933384
US,63752.502369804635,75331.57381051297,13.197815543332702
CN,43722.713146803995,50943.73405860169,17.123563117935074
KR,22924.1924468146,27417.58730382433,48.76876513751514
CH,46713.26719874955,47265.8005775807,316.4283470774803
GB,27624.072100354635,31710.116011584723,67.25891819244895
