Lag,MAE,RMSE,MAPE
3.0,38366.000520459274,45661.52192680136,64.02130148055896
