Lag,MAE,RMSE,MAPE
3.0,36877.6321965209,41675.27539736186,59.85364511342207
