Country,Models,RMSE,MAE,MAPE
0,"['Model_1', 'Model_2', 'Ensemble']","[255.64268493652344, 253.67575073242188, 246.1277313232422]","[133.4315948486328, 139.1486358642578, 126.11502838134766]","[0.4703786373138428, 0.4903705418109894, 0.4431133568286896]"
1,"['Model_1', 'Model_2', 'Ensemble']","[148.4494171142578, 208.15814208984375, 173.0218963623047]","[121.2257080078125, 186.4317626953125, 153.8287353515625]","[0.8413766622543335, 1.3560776710510254, 1.0987271070480347]"
2,"['Model_1', 'Model_2', 'Ensemble']","[4226.1611328125, 4149.7451171875, 4181.138671875]","[3585.787841796875, 3547.614501953125, 3560.429443359375]","[1.7321490049362183, 1.782197117805481, 1.7537437677383423]"
3,"['Model_1', 'Model_2', 'Ensemble']","[1384.7864990234375, 1383.4642333984375, 1375.1756591796875]","[772.3394165039062, 579.4976806640625, 675.3801879882812]","[0.7252323031425476, 0.5403297543525696, 0.6323637366294861]"
4,"['Model_1', 'Model_2', 'Ensemble']","[2880.498779296875, 2871.02099609375, 2872.426513671875]","[563.0440673828125, 660.1286010742188, 592.6138916015625]","[0.9478529691696167, 1.1328705549240112, 1.0043076276779175]"
5,"['Model_1', 'Model_2', 'Ensemble']","[1943.103271484375, 1679.5303955078125, 1776.9315185546875]","[1237.8651123046875, 819.821044921875, 1016.3064575195312]","[0.749443769454956, 0.49813976883888245, 0.6162236928939819]"
6,"['Model_1', 'Model_2', 'Ensemble']","[1582.70849609375, 1549.2459716796875, 1549.0716552734375]","[1035.3577880859375, 800.382568359375, 906.3880615234375]","[1.616708517074585, 1.2542418241500854, 1.3996267318725586]"
7,"['Model_1', 'Model_2', 'Ensemble']","[6610.3076171875, 7319.6435546875, 6910.07275390625]","[3814.02685546875, 3259.460693359375, 3516.922119140625]","[0.7132600545883179, 0.5901482701301575, 0.6475138664245605]"
