Model,RMSE,MAE,MAPE
Model_1,3362.713134765625,1536.9888916015625,0.9522619657218456
Model_2,3566.042724609375,1330.6610107421875,0.858160387724638
Ensemble,3438.76220703125,1422.73974609375,0.8887868374586105
XGBoost,41724.72823391137,35867.773523565564,194.43380124446134
Meta-Model,5508.73388671875,2230.96875,209.52379703521729
