Country,Models,RMSE,MAE,MAPE
0,"['Model_1', 'Model_2', 'Ensemble']","[289.276123046875, 288.3133239746094, 287.38623046875]","[120.1997299194336, 103.30509948730469, 107.93950653076172]","[0.41537755727767944, 0.3558084964752197, 0.3717626631259918]"
1,"['Model_1', 'Model_2', 'Ensemble']","[117.4660415649414, 79.60356140136719, 97.63494873046875]","[111.7080078125, 69.0333251953125, 90.3707275390625]","[0.7931497097015381, 0.5137097835540771, 0.6534299850463867]"
2,"['Model_1', 'Model_2', 'Ensemble']","[4183.0439453125, 4582.44287109375, 4345.1259765625]","[3706.7998046875, 3999.538818359375, 3853.169921875]","[1.830474615097046, 1.8997573852539062, 1.8651161193847656]"
3,"['Model_1', 'Model_2', 'Ensemble']","[1135.4237060546875, 1145.3389892578125, 1138.8873291015625]","[483.6614685058594, 461.9861145019531, 472.8239440917969]","[0.43176594376564026, 0.4140743613243103, 0.42292019724845886]"
4,"['Model_1', 'Model_2', 'Ensemble']","[2987.938720703125, 3021.526123046875, 3003.79736328125]","[652.125, 660.65771484375, 653.7425537109375]","[1.0800985097885132, 1.0803133249282837, 1.0737314224243164]"
5,"['Model_1', 'Model_2', 'Ensemble']","[1613.5396728515625, 1611.3515625, 1606.9100341796875]","[755.485107421875, 645.8462524414062, 694.7041625976562]","[0.459333598613739, 0.3927970230579376, 0.42213112115859985]"
6,"['Model_1', 'Model_2', 'Ensemble']","[1665.1424560546875, 1676.1507568359375, 1669.6905517578125]","[818.4512329101562, 898.3411865234375, 858.3954467773438]","[1.343705654144287, 1.4958117008209229, 1.4197577238082886]"
7,"['Model_1', 'Model_2', 'Ensemble']","[8333.91015625, 8374.048828125, 8353.0947265625]","[3355.08154296875, 3269.059326171875, 3312.072998046875]","[0.6000580191612244, 0.5830673575401306, 0.5915629863739014]"
