Model,Train_RMSE,Validation_RMSE,Test_RMSE,Train_MAE,Validation_MAE,Test_MAE,Train_MAPE,Validation_MAPE,Test_MAPE
Model_1,3570.61669921875,4625.64501953125,3920.070556640625,1315.0455322265625,1491.006103515625,1333.71728515625,0.88587886095047,0.9232605695724487,0.821962833404541
Model_2,3633.4384765625,4768.06982421875,3982.812744140625,1314.513671875,1538.9462890625,1338.5277099609375,0.8857561349868774,1.018504023551941,0.820177435874939
Ensemble,,4684.576171875,3946.00634765625,,1513.00048828125,1334.4622802734375,,0.9667890071868896,0.8179711103439331
