Country,Models,RMSE,MAE,MAPE
0,"['Model_1', 'Model_2', 'Ensemble']","[307.43353271484375, 372.0285339355469, 282.2828063964844]","[197.8050537109375, 241.9888916015625, 126.01058959960938]","[0.6940749883651733, 0.8356621265411377, 0.4339905083179474]"
1,"['Model_1', 'Model_2', 'Ensemble']","[205.75486755371094, 311.0697021484375, 96.1319580078125]","[203.7291259765625, 266.7320556640625, 71.4171142578125]","[1.428249716758728, 1.722216248512268, 0.43349969387054443]"
2,"['Model_1', 'Model_2', 'Ensemble']","[7023.990234375, 4126.462890625, 4941.07080078125]","[6033.0322265625, 3471.25732421875, 4539.43212890625]","[2.584167003631592, 1.6756865978240967, 2.0751237869262695]"
3,"['Model_1', 'Model_2', 'Ensemble']","[1394.954345703125, 1353.3026123046875, 1300.521484375]","[946.9924926757812, 566.5992431640625, 724.5523681640625]","[0.8766638040542603, 0.5336290597915649, 0.6749365329742432]"
4,"['Model_1', 'Model_2', 'Ensemble']","[3041.248291015625, 2945.55517578125, 2979.46142578125]","[897.6668701171875, 857.1480712890625, 820.4124755859375]","[1.4733099937438965, 1.5341728925704956, 1.3627655506134033]"
5,"['Model_1', 'Model_2', 'Ensemble']","[1926.1795654296875, 1693.5516357421875, 1732.147705078125]","[1349.53515625, 813.0919799804688, 986.9474487304688]","[0.8187287449836731, 0.4936487078666687, 0.600049614906311]"
6,"['Model_1', 'Model_2', 'Ensemble']","[1733.96630859375, 1473.3404541015625, 1560.651123046875]","[1075.8509521484375, 663.6048583984375, 816.4025268554688]","[1.795250415802002, 1.048117995262146, 1.3002864122390747]"
7,"['Model_1', 'Model_2', 'Ensemble']","[8170.20947265625, 6669.9501953125, 7346.9775390625]","[4492.0849609375, 3033.11767578125, 3702.844482421875]","[0.8356963992118835, 0.551032304763794, 0.6797731518745422]"
