Model,RMSE,MAE,MAPE
Model_1,3757.725341796875,1237.62451171875,0.854767020791769
Model_2,3780.649169921875,1267.84521484375,0.8693310432136059
Ensemble,3769.033935546875,1252.6358642578125,0.8619524538516998
XGBoost,41724.72823391137,35867.773523565564,194.43380124446134
Meta-Model,5594.787109375,2387.796142578125,209.6078634262085
