Model,Train_RMSE,Validation_RMSE,Test_RMSE,Train_MAE,Validation_MAE,Test_MAE,Train_MAPE,Validation_MAPE,Test_MAPE
Model_1,3974.889892578125,4967.73974609375,4296.94970703125,1906.86083984375,2089.929931640625,1999.8450927734375,1.289095401763916,1.3704289197921753,1.229846715927124
Model_2,3241.62353515625,3927.990234375,3350.254638671875,1269.3519287109375,1414.062744140625,1303.6270751953125,0.9795681834220886,1.0717997550964355,0.9144152402877808
Ensemble,,4361.087890625,3685.0048828125,,1668.943603515625,1570.87548828125,,1.0644882917404175,0.9457235932350159
