Country,MAE,RMSE,MAPE
JP,421.935050760891,1032.789330092677,0.27042814413407007
CA,96.56021098729825,174.3226491798329,0.35520616902265056
DE,327.6754920733391,601.6594883779181,0.30116494381390546
US,306.53479096332524,713.1072172934696,0.06969247295927622
CN,385.7914567467428,902.3535313329386,0.2579516246203993
KR,258.71716037142915,659.5212053781685,0.3734485290595594
CH,80.66711426070952,100.25976974577054,0.5726324236714567
GB,155.0791148285356,371.5728991731848,0.29269754751190036
