Country,Models,RMSE,MAE,MAPE
0,"['Model_1', 'Model_2', 'Ensemble']","[728.0478515625, 699.2498779296875, 710.8455810546875]","[579.3199462890625, 546.2612915039062, 560.2298583984375]","[2.068922996520996, 1.9498772621154785, 2.000333309173584]"
1,"['Model_1', 'Model_2', 'Ensemble']","[654.2000122070312, 560.18359375, 606.4290161132812]","[532.690185546875, 455.8653564453125, 494.277587890625]","[3.957023859024048, 3.407209634780884, 3.682115316390991]"
2,"['Model_1', 'Model_2', 'Ensemble']","[6460.318359375, 7554.6201171875, 6910.1943359375]","[5332.1259765625, 5889.953125, 5523.962890625]","[1.8707249164581299, 1.9974029064178467, 1.8864502906799316]"
3,"['Model_1', 'Model_2', 'Ensemble']","[1987.1790771484375, 1803.271240234375, 1890.56396484375]","[839.2129516601562, 756.5145874023438, 790.9955444335938]","[0.7616048455238342, 0.6894450783729553, 0.7191532254219055]"
4,"['Model_1', 'Model_2', 'Ensemble']","[2851.92138671875, 2829.892822265625, 2838.37158203125]","[1118.2891845703125, 1059.5196533203125, 1087.9180908203125]","[2.0609054565429688, 1.9744887351989746, 2.015362024307251]"
5,"['Model_1', 'Model_2', 'Ensemble']","[1762.8095703125, 1812.3231201171875, 1778.0091552734375]","[950.1207275390625, 976.7034912109375, 941.878173828125]","[0.576812207698822, 0.5919640064239502, 0.5713179111480713]"
6,"['Model_1', 'Model_2', 'Ensemble']","[1424.072509765625, 1435.2974853515625, 1427.583740234375]","[830.900634765625, 827.2992553710938, 824.6851196289062]","[1.304030418395996, 1.2829694747924805, 1.2871922254562378]"
7,"['Model_1', 'Model_2', 'Ensemble']","[4720.24365234375, 4877.458984375, 4764.4580078125]","[2268.82421875, 2650.433837890625, 2428.2861328125]","[0.41798892617225647, 0.4882960021495819, 0.44587236642837524]"
