Model,RMSE,MAE,MAPE
Model_1,3226.20703125,1536.779052734375,1.277026254683733
Model_2,3475.58837890625,1630.896240234375,1.247894112020731
Ensemble,3318.144287109375,1564.6051025390625,1.2512137182056904
XGBoost,41724.72823391137,35867.773523565564,194.43380124446134
Meta-Model,5425.4560546875,2259.244384765625,209.33866500854492
