Model,Train_RMSE,Validation_RMSE,Test_RMSE,Train_MAE,Validation_MAE,Test_MAE,Train_MAPE,Validation_MAPE,Test_MAPE
Model_1,3090.177734375,3177.279296875,3226.207275390625,1463.701416015625,1556.2958984375,1536.7789306640625,1.3694522380828857,1.6409337520599365,1.2770261764526367
Model_2,3017.589111328125,3208.1396484375,3475.58837890625,1454.544921875,1573.8228759765625,1630.89599609375,1.3005931377410889,1.576117992401123,1.247894287109375
Ensemble,,3167.7568359375,3318.14453125,,1558.45556640625,1564.6051025390625,,1.6054120063781738,1.251213788986206
