Country,MAE,RMSE,MAPE
JP,934529.2580821709,1890372.700801818,612.9972931574332
CA,270458.9094951981,548315.4822580202,1095.5385754149042
DE,1190021.141707361,2639730.6340556387,1162.8155677793939
US,5286168.9220017055,8843923.191927824,1123.7427414279625
CN,2647119.599712677,5759088.527391085,1108.7761440168697
KR,931483.9612031033,1904847.5868728948,1338.8383454022708
CH,485114.0213685662,746015.7612450256,3176.5891741734754
GB,566355.4257662995,1169488.6079614463,1068.6333982401725
