Lag,MAE,RMSE,MAPE
3.0,1595808.7278213783,4099695.6616112916,1162.9761334338145
