Country,MAE,RMSE,MAPE
KR,347610.51247776474,434891.360274618,508.2966786231345
DE,439030.1654173018,480089.4316290226,411.8409378163823
GB,231286.23014052084,1024997.2412038465,385.1295544520126
JP,568157.165320215,718998.6348343692,350.83662692255706
CA,39218.53868758174,64874.90407793198,141.80223598835724
US,1702703.1604238113,3567534.9675229243,313.55777702320455
CN,1850407.9150336045,4789021.642886428,1001.1718266352938
CH,110745.9709845831,133986.61593120513,762.8183298569616
