Lag,MAE,RMSE,MAPE
3.0,678732.4271337484,2177387.7766041677,446.53083125259576
