Lag,MAE,RMSE,MAPE
3.0,910420.5643469053,4447320.70097617,504.5905395036649
