Lag,MAE,RMSE,MAPE
3.0,12838.409268023534,21056.447539126464,14.597508685052194
