Country,Models,RMSE,MAE,MAPE
0,"['Model_1', 'Model_2', 'Ensemble']","[487.1228942871094, 1193.0167236328125, 660.8215942382812]","[355.3665466308594, 942.6534423828125, 509.57037353515625]","[1.2494666576385498, 3.354654550552368, 1.821923017501831]"
1,"['Model_1', 'Model_2', 'Ensemble']","[826.1727905273438, 8008.119140625, 3985.46044921875]","[702.60205078125, 4372.2841796875, 2242.21630859375]","[4.852099895477295, 30.477813720703125, 15.735593795776367]"
2,"['Model_1', 'Model_2', 'Ensemble']","[26469.048828125, 30168.56640625, 27701.484375]","[19774.630859375, 23471.31640625, 20682.505859375]","[15.329952239990234, 18.07250213623047, 16.433259963989258]"
3,"['Model_1', 'Model_2', 'Ensemble']","[3007.017578125, 3563.740966796875, 2754.4833984375]","[2127.83349609375, 2016.9183349609375, 1728.2078857421875]","[2.100458860397339, 1.7944844961166382, 1.6206058263778687]"
4,"['Model_1', 'Model_2', 'Ensemble']","[3730.265625, 4734.1904296875, 3606.156494140625]","[1997.9017333984375, 2981.788818359375, 2142.438720703125]","[4.110886096954346, 5.835607051849365, 4.219831943511963]"
5,"['Model_1', 'Model_2', 'Ensemble']","[2779.008056640625, 4772.4873046875, 3113.531982421875]","[2275.50244140625, 3680.976806640625, 2495.295654296875]","[1.3947694301605225, 2.232827663421631, 1.5153818130493164]"
6,"['Model_1', 'Model_2', 'Ensemble']","[4849.75830078125, 5689.0810546875, 4186.6044921875]","[3303.868408203125, 4681.990234375, 3289.746337890625]","[5.073470115661621, 7.221221923828125, 4.917951583862305]"
7,"['Model_1', 'Model_2', 'Ensemble']","[8275.826171875, 12035.591796875, 9376.224609375]","[5347.55322265625, 7282.1767578125, 5569.87646484375]","[1.0522979497909546, 1.4472136497497559, 1.1003351211547852]"
