Model,Train_RMSE,Validation_RMSE,Test_RMSE,Train_MAE,Validation_MAE,Test_MAE,Train_MAPE,Validation_MAPE,Test_MAPE
Model_1,8647.6318359375,10260.6494140625,10091.560546875,3504.425537109375,4236.61083984375,4546.642578125,2.9244465827941895,4.4219279289245605,4.2097697257995605
Model_2,10110.380859375,13612.998046875,12053.619140625,4759.61181640625,6423.3662109375,6014.3525390625,4.846759796142578,8.64140796661377,6.791821002960205
Ensemble,,11013.640625,10595.76953125,,4653.927734375,4772.3994140625,,5.582047462463379,4.921669960021973
