Lag,MAE,RMSE,MAPE
3.0,48638.77635799768,68565.03524980687,80.65098887290571
