Country,Models,RMSE,MAE,MAPE
0,"['Model_1', 'Model_2', 'Ensemble']","[453.9745788574219, 514.451416015625, 363.31317138671875]","[259.2193298339844, 271.21221923828125, 202.0111541748047]","[0.8970548510551453, 0.9381436109542847, 0.7010846138000488]"
1,"['Model_1', 'Model_2', 'Ensemble']","[388.351318359375, 509.86260986328125, 425.3045959472656]","[317.3143310546875, 369.490234375, 340.7376708984375]","[1.9387036561965942, 2.41320538520813, 2.1521947383880615]"
2,"['Model_1', 'Model_2', 'Ensemble']","[1897.647705078125, 2797.627685546875, 2128.281005859375]","[1456.2540283203125, 2415.589111328125, 1863.039306640625]","[0.644239604473114, 0.9877537488937378, 0.7727183699607849]"
3,"['Model_1', 'Model_2', 'Ensemble']","[2070.551025390625, 1551.919189453125, 1618.468994140625]","[1135.3123779296875, 929.510986328125, 993.4139404296875]","[1.0568475723266602, 0.8659112453460693, 0.9218313694000244]"
4,"['Model_1', 'Model_2', 'Ensemble']","[3073.3076171875, 2756.733154296875, 2748.79443359375]","[1249.935791015625, 928.2406005859375, 1013.3630981445312]","[2.4751789569854736, 1.6682114601135254, 1.885067343711853]"
5,"['Model_1', 'Model_2', 'Ensemble']","[2111.466552734375, 1932.13427734375, 1965.9285888671875]","[1175.7354736328125, 1077.643798828125, 1077.5067138671875]","[0.7155435085296631, 0.6574693322181702, 0.6565454602241516]"
6,"['Model_1', 'Model_2', 'Ensemble']","[1884.00244140625, 1530.4248046875, 1464.2816162109375]","[935.8164672851562, 879.9501953125, 776.6488647460938]","[1.7865536212921143, 1.623830795288086, 1.4285048246383667]"
7,"['Model_1', 'Model_2', 'Ensemble']","[7601.51220703125, 8015.76025390625, 7759.880859375]","[4342.1923828125, 4318.6962890625, 4300.09130859375]","[0.8034749031066895, 0.7967455983161926, 0.7934958934783936]"
