Model,RMSE,MAE,MAPE
Model_1,3609.458984375,1560.716064453125,1.2133624404668808
Model_2,3700.19287109375,1556.5572509765625,1.0953091084957123
Ensemble,3563.48779296875,1496.5899658203125,1.047820784151554
XGBoost,41724.72823391137,35867.773523565564,194.43380124446134
Meta-Model,4991.2392578125,2150.009765625,209.3357801437378
