Model,Train_RMSE,Validation_RMSE,Test_RMSE,Train_MAE,Validation_MAE,Test_MAE,Train_MAPE,Validation_MAPE,Test_MAPE
Model_1,1428.2762451171875,3793.5380859375,3609.458740234375,823.7816772460938,1612.1004638671875,1560.7161865234375,0.6299277544021606,2.0737102031707764,1.213362455368042
Model_2,1705.958740234375,4003.09716796875,3700.19287109375,972.0986328125,1696.1690673828125,1556.55712890625,0.8458053469657898,2.3298611640930176,1.0953091382980347
Ensemble,,3781.90234375,3563.48779296875,,1556.86767578125,1496.58984375,,1.9910567998886108,1.047820806503296
