Lag,MAE,RMSE,MAPE
1.0,945.5781939495256,2970.4012230238563,0.9498045235045383
2.0,1602.8181326279864,4796.442136272845,1.3463798561657603
3.0,1757.6957889569394,4225.542990081982,1.6017271913410538
