Country,MAE,RMSE,MAPE
JP,287.5133991422157,778.4924665486051,0.19724061547763072
CA,50.567827782463915,147.73350382476283,0.2154483193161653
DE,174.7081511985586,491.2509410415134,0.16904498211424626
US,1218.1591977260405,2955.945853268805,0.2675333700519099
CN,1155.2073310878236,3278.8367682423327,0.5975852019805834
KR,200.31438879065905,572.6001240167815,0.32670176769393977
CH,38.864058864215025,93.72993376890207,0.27889292421861145
GB,102.67722037224591,438.3241270104208,0.20459861910770644
