Lag,MAE,RMSE,MAPE
3.0,756.9116436643333,2994.2959461587852,0.6096564562044977
