Lag,MAE,RMSE,MAPE
3.0,727.8388704061892,2946.5814378973296,0.6600393931908438
