Lag,MAE,RMSE,MAPE
3.0,730.4808544769271,1737.7367791804843,1.0380664755475324
