Country,MAE,RMSE,MAPE
KR,1062.8034750484965,1605.389846619223,1.6637006687049913
DE,1109.8921210640765,1461.2087989574063,1.0377998671682656
GB,615.3227002470961,1498.4337010231584,1.081275921089248
JP,1754.9946750645267,2430.9660561362657,1.0841482395721513
CA,307.48445089879635,395.5888884187264,1.096446251901353
US,5324.159206570796,7459.053061547205,1.046287873772003
CN,5295.52370084929,9445.773179436455,2.518147449113306
CH,349.4582606060175,501.10258773076424,2.2833266931548644
