Country,Models,RMSE,MAE,MAPE
0,"['Model_1', 'Model_2', 'Ensemble']","[946.8336791992188, 637.28515625, 631.9662475585938]","[610.8638916015625, 503.87115478515625, 474.3238830566406]","[2.1851372718811035, 1.7785062789916992, 1.6947444677352905]"
1,"['Model_1', 'Model_2', 'Ensemble']","[5482.783203125, 14098.8583984375, 9456.0361328125]","[2943.79345703125, 4221.19580078125, 3413.81396484375]","[20.61377716064453, 28.711091995239258, 23.43768882751465]"
2,"['Model_1', 'Model_2', 'Ensemble']","[26104.56640625, 25149.90625, 25333.849609375]","[19974.41015625, 18728.287109375, 18611.6015625]","[14.515660285949707, 14.753605842590332, 14.361679077148438]"
3,"['Model_1', 'Model_2', 'Ensemble']","[3269.350341796875, 1505.551025390625, 2044.328369140625]","[1966.3486328125, 1022.8611450195312, 1378.80810546875]","[1.7869951725006104, 0.9915971159934998, 1.2826974391937256]"
4,"['Model_1', 'Model_2', 'Ensemble']","[8136.86328125, 5565.40576171875, 6723.4599609375]","[2722.40283203125, 2259.649169921875, 2376.269775390625]","[5.952971458435059, 4.823686599731445, 5.127030372619629]"
5,"['Model_1', 'Model_2', 'Ensemble']","[3646.45751953125, 4605.46630859375, 3599.867431640625]","[2740.657958984375, 3428.24462890625, 2809.21484375]","[1.6549538373947144, 2.0560848712921143, 1.687544822692871]"
6,"['Model_1', 'Model_2', 'Ensemble']","[2889.479248046875, 5529.80322265625, 3721.57958984375]","[2192.546630859375, 3991.088623046875, 2713.0859375]","[3.412745475769043, 5.69587516784668, 3.950047016143799]"
7,"['Model_1', 'Model_2', 'Ensemble']","[6244.947265625, 5718.7841796875, 4980.8369140625]","[4290.4501953125, 4091.2431640625, 3384.035400390625]","[0.8397874236106873, 0.8326312303543091, 0.6823356747627258]"
