Model,Train_RMSE,Validation_RMSE,Test_RMSE,Train_MAE,Validation_MAE,Test_MAE,Train_MAPE,Validation_MAPE,Test_MAPE
Model_1,8365.0712890625,8590.2099609375,10180.8994140625,3229.75732421875,3850.24169921875,4582.3046875,2.819481372833252,4.183553695678711,5.025933265686035
Model_2,8955.388671875,10018.0810546875,10185.931640625,3835.9609375,4300.91162109375,4603.1865234375,3.33949613571167,4.428307056427002,5.522367000579834
Ensemble,,9058.333984375,9846.6572265625,,3819.905517578125,4258.8759765625,,3.9725441932678223,4.961805820465088
