Country,Models,RMSE,MAE,MAPE
0,"['Model_1', 'Model_2', 'Ensemble']","[296.9893798828125, 298.55389404296875, 297.7383728027344]","[146.4240264892578, 148.6870880126953, 147.5557098388672]","[0.5107289552688599, 0.5185350179672241, 0.5146325826644897]"
1,"['Model_1', 'Model_2', 'Ensemble']","[73.10397338867188, 63.78327941894531, 68.36345672607422]","[69.2852783203125, 61.5535888671875, 65.4197998046875]","[0.49984216690063477, 0.43756160140037537, 0.46870434284210205]"
2,"['Model_1', 'Model_2', 'Ensemble']","[7311.5703125, 7419.92333984375, 7365.57763671875]","[6462.9189453125, 6522.54931640625, 6492.73583984375]","[2.759676694869995, 2.7774713039398193, 2.7685749530792236]"
3,"['Model_1', 'Model_2', 'Ensemble']","[1358.98193359375, 1364.12841796875, 1361.5401611328125]","[862.0382080078125, 863.157958984375, 862.59765625]","[0.7884805798530579, 0.7888584136962891, 0.7886688113212585]"
4,"['Model_1', 'Model_2', 'Ensemble']","[3147.610107421875, 3154.381591796875, 3150.98046875]","[924.802734375, 929.033203125, 926.9186401367188]","[1.5417003631591797, 1.5460349321365356, 1.5438690185546875]"
5,"['Model_1', 'Model_2', 'Ensemble']","[1949.1802978515625, 1959.55126953125, 1954.3538818359375]","[1371.85302734375, 1383.9527587890625, 1377.903076171875]","[0.8316237330436707, 0.8388959765434265, 0.8352599143981934]"
6,"['Model_1', 'Model_2', 'Ensemble']","[1748.9984130859375, 1753.5679931640625, 1751.14404296875]","[1036.313720703125, 1017.6366577148438, 1026.975341796875]","[1.7146363258361816, 1.6841901540756226, 1.6994141340255737]"
7,"['Model_1', 'Model_2', 'Ensemble']","[8271.484375, 8273.205078125, 8272.314453125]","[4782.28662109375, 4767.60546875, 4774.94873046875]","[0.8977055549621582, 0.8945834636688232, 0.8961451053619385]"
