Model,Train_RMSE,Validation_RMSE,Test_RMSE,Train_MAE,Validation_MAE,Test_MAE,Train_MAPE,Validation_MAPE,Test_MAPE
Model_1,4051.41259765625,5048.34912109375,4386.1533203125,1977.032958984375,2149.666015625,2067.413330078125,1.278246283531189,1.334315299987793,1.1951656341552734
Model_2,4069.309814453125,5102.755859375,4406.72607421875,1981.721923828125,2188.689208984375,2070.91796875,1.28024160861969,1.6487833261489868,1.193208932876587
Ensemble,,5067.10107421875,4396.36865234375,,2168.418212890625,2069.16650390625,,1.4847638607025146,1.1941877603530884
