Model,RMSE,MAE,MAPE
Model_1,3283.749755859375,1636.6376953125,1.5030555427074432
Model_2,3275.22119140625,1605.6627197265625,1.477676723152399
Ensemble,3279.352783203125,1621.150146484375,1.490365993231535
XGBoost,43512.468233094136,36923.801443903256,193.43205420429496
Meta-Model,5470.47607421875,2386.041259765625,209.64481830596924
