Model,Train_RMSE,Validation_RMSE,Test_RMSE,Train_MAE,Validation_MAE,Test_MAE,Train_MAPE,Validation_MAPE,Test_MAPE
Model_1,3481.64453125,4464.1142578125,3725.244140625,1195.272216796875,1358.2401123046875,1209.57177734375,0.9077097177505493,0.9424901604652405,0.8240245580673218
Model_2,3473.890380859375,4451.43115234375,3712.916015625,1183.3016357421875,1343.529052734375,1194.245361328125,0.9025189876556396,0.9358118176460266,0.8180570602416992
Ensemble,,4457.7353515625,3719.032470703125,,1350.8406982421875,1201.8846435546875,,0.9391227960586548,0.8209733366966248
