Country,Models,RMSE,MAE,MAPE
0,"['Model_1', 'Model_2', 'Ensemble']","[1340.6412353515625, 2279.198974609375, 1590.437255859375]","[999.8807983398438, 1837.6134033203125, 1192.07373046875]","[3.5458896160125732, 6.583856105804443, 4.238902568817139]"
1,"['Model_1', 'Model_2', 'Ensemble']","[7193.6923828125, 6949.82275390625, 5816.412109375]","[3998.844970703125, 4792.42041015625, 3627.845703125]","[28.497678756713867, 37.12001419067383, 27.12324333190918]"
2,"['Model_1', 'Model_2', 'Ensemble']","[28181.224609375, 27621.302734375, 27153.349609375]","[21796.802734375, 21211.5234375, 20830.099609375]","[16.089750289916992, 16.447811126708984, 16.08981704711914]"
3,"['Model_1', 'Model_2', 'Ensemble']","[3422.806884765625, 4024.25, 2954.594970703125]","[2482.37109375, 3117.245361328125, 2078.347412109375]","[2.434077739715576, 2.9717178344726562, 2.0904457569122314]"
4,"['Model_1', 'Model_2', 'Ensemble']","[8934.83203125, 5330.06396484375, 5085.22998046875]","[3100.97998046875, 4177.10400390625, 3160.321044921875]","[7.117177486419678, 8.46585750579834, 6.69242000579834]"
5,"['Model_1', 'Model_2', 'Ensemble']","[4427.484375, 4976.21923828125, 3637.0107421875]","[3389.492431640625, 3958.60400390625, 3040.279541015625]","[2.048055648803711, 2.41614031791687, 1.8435550928115845]"
6,"['Model_1', 'Model_2', 'Ensemble']","[4820.19775390625, 6920.55712890625, 5299.19189453125]","[3358.82666015625, 5800.60498046875, 4198.21337890625]","[5.038268566131592, 9.555357933044434, 6.602844715118408]"
7,"['Model_1', 'Model_2', 'Ensemble']","[8427.4716796875, 9428.2353515625, 8189.4541015625]","[4278.6982421875, 6589.30419921875, 4820.36328125]","[0.8214419484138489, 1.3645464181900024, 0.9620282053947449]"
