Model,Train_RMSE,Validation_RMSE,Test_RMSE,Train_MAE,Validation_MAE,Test_MAE,Train_MAPE,Validation_MAPE,Test_MAPE
Model_1,9144.564453125,11303.3828125,11293.7978515625,3835.908935546875,5011.7451171875,5299.02490234375,3.996215343475342,5.460123062133789,6.337800025939941
Model_2,10241.2685546875,10781.8955078125,11136.9482421875,5700.53759765625,5807.28955078125,6318.498046875,7.035082817077637,8.049908638000488,8.222074508666992
Ensemble,,10524.087890625,10545.3447265625,,4857.40087890625,5259.17431640625,,5.920443058013916,6.4460954666137695
