Country,Models,RMSE,MAE,MAPE
0,"['Model_1', 'Model_2', 'Ensemble']","[238.17640686035156, 241.5344696044922, 239.78323364257812]","[186.97189331054688, 187.7219696044922, 187.22201538085938]","[0.6588869690895081, 0.6604242324829102, 0.6591952443122864]"
1,"['Model_1', 'Model_2', 'Ensemble']","[623.8504028320312, 609.7960205078125, 616.6031494140625]","[335.73779296875, 343.354736328125, 336.99853515625]","[1.9979666471481323, 2.047685384750366, 2.0062265396118164]"
2,"['Model_1', 'Model_2', 'Ensemble']","[7281.90869140625, 7325.51953125, 7303.6591796875]","[5957.33251953125, 6006.77734375, 5982.05517578125]","[2.8894379138946533, 2.912459135055542, 2.9009482860565186]"
3,"['Model_1', 'Model_2', 'Ensemble']","[1360.2685546875, 1361.87890625, 1361.0185546875]","[949.8079223632812, 944.634521484375, 947.1875610351562]","[1.054661512374878, 1.0488656759262085, 1.0517375469207764]"
4,"['Model_1', 'Model_2', 'Ensemble']","[3433.69091796875, 3438.62158203125, 3436.10791015625]","[1240.3824462890625, 1237.6885986328125, 1238.9166259765625]","[2.1936726570129395, 2.186066150665283, 2.189720869064331]"
5,"['Model_1', 'Model_2', 'Ensemble']","[2393.631591796875, 2383.5400390625, 2388.5078125]","[1963.4327392578125, 1937.6336669921875, 1950.533447265625]","[1.2124310731887817, 1.1960499286651611, 1.2042407989501953]"
6,"['Model_1', 'Model_2', 'Ensemble']","[1254.83935546875, 1270.9261474609375, 1262.781982421875]","[1122.6993408203125, 1143.1324462890625, 1132.9158935546875]","[1.8661940097808838, 1.8967515230178833, 1.8814725875854492]"
7,"['Model_1', 'Model_2', 'Ensemble']","[6313.005859375, 6348.7373046875, 6330.79736328125]","[4138.111328125, 4188.83349609375, 4163.47265625]","[0.8990740180015564, 0.9096351265907288, 0.9043546319007874]"
