Model,RMSE,MAE,MAPE
Model_1,3847.6826171875,2068.464111328125,1.4626359567046165
Model_2,3866.04541015625,2079.51806640625,1.4681202359497547
Ensemble,3856.807861328125,2073.857666015625,1.464667171239853
XGBoost,41898.29933930384,37004.577836959055,188.87609808178058
Meta-Model,5355.884765625,2401.55224609375,208.00809860229492
