Model,Train_RMSE,Validation_RMSE,Test_RMSE,Train_MAE,Validation_MAE,Test_MAE,Train_MAPE,Validation_MAPE,Test_MAPE
Model_1,4603.21826171875,4205.05224609375,3847.6826171875,2287.045166015625,2113.78466796875,2068.464111328125,1.5407450199127197,1.7816622257232666,1.4626359939575195
Model_2,4616.20654296875,4151.1474609375,3866.045166015625,2300.446533203125,2076.01953125,2079.517822265625,1.5523316860198975,1.4679046869277954,1.4681202173233032
Ensemble,,4167.61669921875,3856.8076171875,,2093.899169921875,2073.857421875,,1.6173995733261108,1.4646672010421753
