Country,MAE,RMSE,MAPE
JP,161381.0405934441,161858.15797445943,99.99999999999993
CA,27690.33430124112,27798.62735656467,99.99999999999964
DE,105713.66664927069,107185.87883543786,99.99999999999991
US,490495.63675654295,502314.862801076,99.99999999999997
CN,256277.4142257493,287790.9503354152,99.99999999999996
KR,69134.76576432219,73625.24195652409,99.99999999999983
CH,15511.31829572377,15683.344147522164,99.99999999999932
GB,51775.434515504865,54322.02432673193,99.99999999999979
