Lag,MAE,RMSE,MAPE
3.0,440.0045702255014,2076.5228076556755,0.383361377874267
