Lag,MAE,RMSE,MAPE
3.0,1846.753233163383,4027.2510857536954,1.1588062428195451
