Country,Lag,MAE,RMSE,MAPE
CA,1,144.5580014526388,318.7748559739108,0.6397201098064077
CA,2,144.55769623248256,318.8042101326704,0.6398977477012712
CA,3,144.52244528881417,318.9101067160925,0.6403334997279388
DE,1,763.3352859306117,1417.8906684671913,0.835480665370177
DE,2,780.6517641176504,1428.6624232876527,0.855612265255557
DE,3,781.4808785175787,1429.0298034585496,0.8564666500456221
JP,1,969.8941818777715,1974.6374313192478,0.6853972945807171
JP,2,938.1321139096468,1966.2308711342105,0.6662074465405313
JP,3,940.2361023666874,1966.3683675884806,0.667511084561964
KR,1,697.6057305809866,1362.6415170315931,1.4535762083414467
KR,2,774.7618696596775,1383.0616462910737,1.6024336492670126
KR,3,796.7401353225172,1387.6823265977737,1.6495361810946962
CH,1,236.4443854152899,414.3297673358245,1.8111514231508732
CH,2,239.05628831436397,415.141958856601,1.8304373501399975
CH,3,239.5800981347459,410.7243939983727,1.811374024110858
GB,1,458.5591713267528,1497.313461044818,1.0232405128436073
GB,2,466.51242216770123,1500.8224863456605,1.0413195792756373
GB,3,467.80823749460944,1501.2115687162927,1.0441642623500853
US,1,4156.239303609994,7559.5983628489375,0.9631137589863127
US,2,4293.676298859357,7625.2984001634595,0.9978827955556548
US,3,4295.1811314592205,7626.146585973315,0.9982410026444224
CN,1,4355.9697836994965,7821.490520116125,2.8973537342004496
CN,2,4792.808215619843,7883.008933133129,3.1445742722548875
CN,3,4897.180951955379,7905.1681122663085,3.226726648092213
