Country,Models,RMSE,MAE,MAPE
0,"['Model_1', 'Model_2', 'Ensemble']","[471.8826599121094, 567.9642333984375, 437.0147399902344]","[364.08984375, 384.4558410644531, 283.7809143066406]","[1.285123348236084, 1.3771419525146484, 1.009177565574646]"
1,"['Model_1', 'Model_2', 'Ensemble']","[1194.515380859375, 1123.1920166015625, 1125.883544921875]","[1034.70068359375, 907.3883666992188, 942.9697875976562]","[7.0598578453063965, 6.301558971405029, 6.517435073852539]"
2,"['Model_1', 'Model_2', 'Ensemble']","[26274.373046875, 34697.15625, 29416.064453125]","[18966.0390625, 24610.978515625, 21445.5546875]","[14.379973411560059, 16.561811447143555, 15.381266593933105]"
3,"['Model_1', 'Model_2', 'Ensemble']","[1957.8052978515625, 2162.53076171875, 1948.4893798828125]","[1314.3675537109375, 1557.6058349609375, 1386.0667724609375]","[1.3224501609802246, 1.5583610534667969, 1.3956170082092285]"
4,"['Model_1', 'Model_2', 'Ensemble']","[9505.5888671875, 9845.970703125, 9651.056640625]","[3049.06591796875, 3078.799072265625, 2956.681884765625]","[6.580901145935059, 6.739016532897949, 6.415341854095459]"
5,"['Model_1', 'Model_2', 'Ensemble']","[3536.765380859375, 3747.432373046875, 3307.830810546875]","[2930.677978515625, 2826.492431640625, 2783.890869140625]","[1.7827993631362915, 1.7364542484283447, 1.7029311656951904]"
6,"['Model_1', 'Model_2', 'Ensemble']","[5706.478515625, 4689.4404296875, 5050.3876953125]","[4110.1923828125, 3567.473876953125, 3793.614013671875]","[5.75921630859375, 5.010734558105469, 5.272669792175293]"
7,"['Model_1', 'Model_2', 'Ensemble']","[6207.62060546875, 6582.8134765625, 5206.0419921875]","[3905.09375, 4120.98974609375, 3416.88525390625]","[0.8103335499763489, 0.8364090919494629, 0.7166120409965515]"
