Model,RMSE,MAE,MAPE
Model_1,10419.8037109375,4521.236328125,4.551006853580475
Model_2,13110.6640625,5185.57080078125,4.741110652685165
Ensemble,11304.7802734375,4684.48681640625,4.509148746728897
XGBoost,75002.95525789296,52589.96134355057,200.51972524099804
Meta-Model,10201.224609375,3765.22265625,206.26771450042725
