Model,Train_RMSE,Validation_RMSE,Test_RMSE,Train_MAE,Validation_MAE,Test_MAE,Train_MAPE,Validation_MAPE,Test_MAPE
Model_1,9277.939453125,8911.47265625,10419.8037109375,3802.376953125,3644.1953125,4521.236328125,3.2148544788360596,3.723437786102295,4.551007270812988
Model_2,9703.298828125,11509.30859375,13110.6640625,3909.971435546875,4190.95361328125,5185.57080078125,3.3598549365997314,4.016179084777832,4.741110801696777
Ensemble,,10033.0048828125,11304.7802734375,,3788.101806640625,4684.486328125,,3.6181702613830566,4.509148597717285
