Lag,MAE,RMSE,MAPE,R^2
3.0,40080.643117704654,199060.06018093324,51294.37515052624,-1369876.0601707122
