Lag,MAE,RMSE,MAPE,R^2
3.0,0.12431897703083752,0.19819792171530187,0.17938808666822503,0.9999985029021663
