Lag,MAE,RMSE,MAPE
3.0,51529.08980467076,73571.24107462575,75.34540537418151
