Lag,MAE,RMSE,MAPE
3.0,51525.17759782659,71881.7975717889,93.96682871157515
