Country,Models,RMSE,MAE,MAPE
0,"['Model_1', 'Model_2', 'Ensemble']","[260.1217041015625, 3006.143798828125, 1551.0546875]","[157.48452758789062, 2717.186279296875, 1404.530029296875]","[0.5573740005493164, 9.920747756958008, 5.126157283782959]"
1,"['Model_1', 'Model_2', 'Ensemble']","[155.90301513671875, 15950.52734375, 7942.72216796875]","[133.4239501953125, 15774.541015625, 7854.33837890625]","[0.9601122736930847, 110.87263488769531, 55.198604583740234]"
2,"['Model_1', 'Model_2', 'Ensemble']","[4237.27978515625, 283177.78125, 140512.265625]","[3596.489990234375, 252012.359375, 124949.2890625]","[1.72304105758667, 85.36956024169922, 42.3067626953125]"
3,"['Model_1', 'Model_2', 'Ensemble']","[1477.552734375, 77758.609375, 38634.2734375]","[635.4813232421875, 76098.2109375, 37779.40234375]","[0.6195006370544434, 70.55331420898438, 35.00755310058594]"
4,"['Model_1', 'Model_2', 'Ensemble']","[2668.899169921875, 26894.869140625, 13780.806640625]","[645.6636962890625, 22154.20703125, 11287.234375]","[1.1153430938720703, 37.19036865234375, 18.912109375]"
5,"['Model_1', 'Model_2', 'Ensemble']","[1636.4591064453125, 134820.53125, 67183.375]","[741.438232421875, 134677.265625, 67108.46875]","[0.4511091411113739, 81.39801788330078, 40.56047058105469]"
6,"['Model_1', 'Model_2', 'Ensemble']","[1556.40771484375, 45455.0703125, 22661.662109375]","[852.7113037109375, 36888.6484375, 18349.2421875]","[1.352365255355835, 45.39572525024414, 22.5075626373291]"
7,"['Model_1', 'Model_2', 'Ensemble']","[6566.6806640625, 473382.34375, 236923.90625]","[3102.346923828125, 465836.71875, 232894.59375]","[0.5668681859970093, 93.65164184570312, 46.78583908081055]"
