Model,RMSE,MAE,MAPE
Model_1,3308.980224609375,1314.54736328125,0.8648962713778019
Model_2,221505.171875,143388.296875,63.16401958465576
Ensemble,110665.9609375,71523.0625,31.499511003494263
XGBoost,41724.72823391137,35867.773523565564,194.43380124446134
Meta-Model,5482.408203125,2210.9521484375,209.46028232574463
