Model,Train_RMSE,Validation_RMSE,Test_RMSE,Train_MAE,Validation_MAE,Test_MAE,Train_MAPE,Validation_MAPE,Test_MAPE
Model_1,3250.80078125,3910.965576171875,3308.97998046875,1273.7701416015625,1406.3828125,1314.547119140625,0.8916828036308289,0.9493556022644043,0.8648961782455444
Model_2,202681.125,209249.21875,221505.171875,126568.9609375,125290.59375,143388.3125,61.123390197753906,61.88993453979492,63.16402053833008
Ensemble,,104789.3671875,110665.953125,,62653.24609375,71523.0625,,30.875349044799805,31.499507904052734
