Lag,MAE,RMSE,MAPE
3.0,827.4698106168079,3885.415694046616,0.4812756623149461
