Lag,MAE,RMSE,MAPE
3.0,359.8365726455257,1492.3583407489775,0.22427656596218226
