Model,Train_RMSE,Validation_RMSE,Test_RMSE,Train_MAE,Validation_MAE,Test_MAE,Train_MAPE,Validation_MAPE,Test_MAPE
Model_1,4045.915771484375,4998.3427734375,4307.14990234375,1924.84326171875,2119.31640625,2018.03857421875,1.3091233968734741,1.418082594871521,1.2295628786087036
Model_2,4040.5107421875,4985.1142578125,4306.03369140625,1913.404296875,2102.188720703125,2005.3759765625,1.3010085821151733,1.399701476097107,1.2210047245025635
Ensemble,,4991.4140625,4306.5615234375,,2110.751953125,2011.6881103515625,,1.408892035484314,1.2252306938171387
