Model,Train_RMSE,Validation_RMSE,Test_RMSE,Train_MAE,Validation_MAE,Test_MAE,Train_MAPE,Validation_MAPE,Test_MAPE
Model_1,9853.0830078125,9364.1435546875,10980.7587890625,4590.544921875,4368.51904296875,5404.48193359375,4.481597900390625,5.215305328369141,5.600625991821289
Model_2,11406.1826171875,11541.7841796875,12726.8828125,6680.2607421875,6745.162109375,7311.66796875,7.149061679840088,8.024174690246582,7.8352532386779785
Ensemble,,10120.119140625,11372.9296875,,5268.56884765625,5896.36865234375,,5.971124649047852,6.158022403717041
