Country,Models,RMSE,MAE,MAPE
0,"['Model_1', 'Model_2', 'Ensemble']","[319.4759826660156, 325.7917785644531, 322.6146240234375]","[232.95497131347656, 240.4183349609375, 236.68678283691406]","[0.827274739742279, 0.8539171814918518, 0.8405964970588684]"
1,"['Model_1', 'Model_2', 'Ensemble']","[149.82740783691406, 158.0110321044922, 153.89515686035156]","[124.2923583984375, 131.4854736328125, 127.8890380859375]","[0.8968330025672913, 0.944039523601532, 0.9204369187355042]"
2,"['Model_1', 'Model_2', 'Ensemble']","[3642.276123046875, 3626.48486328125, 3634.15673828125]","[2964.296630859375, 2926.218994140625, 2945.258056640625]","[1.5374032258987427, 1.5227247476577759, 1.5300642251968384]"
3,"['Model_1', 'Model_2', 'Ensemble']","[1237.173828125, 1240.6529541015625, 1238.83447265625]","[510.3005065917969, 529.0910034179688, 519.2026977539062]","[0.44813236594200134, 0.4650890827178955, 0.4561225473880768]"
4,"['Model_1', 'Model_2', 'Ensemble']","[2600.782470703125, 2607.488525390625, 2604.125732421875]","[836.9810791015625, 850.05908203125, 843.5203857421875]","[1.536963939666748, 1.5601801872253418, 1.5485726594924927]"
5,"['Model_1', 'Model_2', 'Ensemble']","[1608.3270263671875, 1618.694091796875, 1613.353271484375]","[844.5028686523438, 884.9140625, 864.6729125976562]","[0.5129702687263489, 0.5373878479003906, 0.5251579284667969]"
6,"['Model_1', 'Model_2', 'Ensemble']","[1573.9912109375, 1574.351318359375, 1574.1337890625]","[593.6088256835938, 578.9512329101562, 586.2218627929688]","[0.9725965261459351, 0.9528014659881592, 0.9626384973526001]"
7,"['Model_1', 'Model_2', 'Ensemble']","[8134.12548828125, 8198.2333984375, 8165.87890625]","[3077.791748046875, 3224.68994140625, 3151.24267578125]","[0.5447518825531006, 0.574119508266449, 0.5594359636306763]"
