Lag,MAE,RMSE,MAPE
3.0,140.58909981040364,317.7229389647364,0.1816555333476864
