Country,MAE,RMSE,MAPE
KR,466003.5903613977,522576.80450272665,687.4830577024946
DE,397615.0804855218,467611.4177857996,387.58248932295913
GB,378624.18765228684,751232.3755203882,622.7875067090424
JP,1364092.431115766,2508853.965357991,840.5660625847704
CA,111770.06843661855,136852.72979147232,402.2844309662705
US,5797265.802363055,7156295.214194127,1131.8327725825325
CN,3987916.480268399,7308500.881695547,1840.2667060680249
CH,90932.37190704254,105486.93554965322,611.0559500397039
