Lag,MAE,RMSE,MAPE
3.0,1636223.8776283886,3784174.311067555,811.8929787146703
