Lag,MAE,RMSE,MAPE
3.0,1812085.2058657166,3584080.9148596767,759.3916146818772
