Country,MAE,RMSE,MAPE
JP,44856.3843680014,45284.60995373202,27.645250248716984
CA,48177.61310260114,48240.94604070083,178.84384400058292
DE,14422.660650043892,17386.509843656666,12.598903071806197
US,62314.06213588263,74856.55081582125,12.755793370779807
CN,52550.11445528656,59590.47426934202,20.72893299778992
KR,19663.628144208247,23837.382496162973,41.90938570934853
CH,59358.33188671465,59399.013405266545,394.80888354327305
GB,26929.03757333995,30004.824326996524,63.54394476036551
