Lag,MAE,RMSE,MAPE
3.0,38026.61203456998,43675.646509113765,62.97261000142586
