Country,Models,RMSE,MAE,MAPE
0,"['Model_1', 'Model_2', 'Ensemble']","[2825.782470703125, 984.3764038085938, 1686.9908447265625]","[2229.787109375, 791.6343383789062, 1424.542236328125]","[7.904520034790039, 2.8104207515716553, 5.04737663269043]"
1,"['Model_1', 'Model_2', 'Ensemble']","[11465.7314453125, 1526.4515380859375, 5875.12744140625]","[6247.96240234375, 1218.9990234375, 3541.48291015625]","[46.30958557128906, 8.550663948059082, 25.956865310668945]"
2,"['Model_1', 'Model_2', 'Ensemble']","[32740.51953125, 28588.19140625, 29284.251953125]","[25616.966796875, 22666.947265625, 22827.9375]","[19.322343826293945, 15.5580415725708, 17.00521469116211]"
3,"['Model_1', 'Model_2', 'Ensemble']","[4520.2392578125, 4097.7119140625, 3721.069580078125]","[3873.827392578125, 3215.960205078125, 3123.411376953125]","[3.883420705795288, 3.164072275161743, 3.1037495136260986]"
4,"['Model_1', 'Model_2', 'Ensemble']","[5272.4462890625, 4945.5751953125, 4006.614013671875]","[4367.8310546875, 2991.107177734375, 3088.1455078125]","[9.065370559692383, 5.397428035736084, 5.9808244705200195]"
5,"['Model_1', 'Model_2', 'Ensemble']","[8201.77734375, 7322.69775390625, 7521.318359375]","[6824.11279296875, 6136.32470703125, 6459.6416015625]","[4.168734550476074, 3.67592453956604, 3.9087679386138916]"
6,"['Model_1', 'Model_2', 'Ensemble']","[6477.71484375, 6878.93701171875, 6409.44287109375]","[5384.833984375, 5461.345703125, 5346.388671875]","[8.749935150146484, 8.689568519592285, 8.585394859313965]"
7,"['Model_1', 'Model_2', 'Ensemble']","[14164.0771484375, 12529.4873046875, 10968.69140625]","[10998.779296875, 10033.64453125, 8217.2421875]","[2.3442907333374023, 2.084418773651123, 1.7187641859054565]"
