Model,RMSE,MAE,MAPE
Model_1,16512.228515625,4719.2646484375,4.027917236089706
Model_2,11255.771484375,4845.66357421875,4.756106808781624
Ensemble,11826.998046875,4170.79931640625,4.0342506021261215
XGBoost,74647.0380718893,52690.332394018915,200.9644631873844
Meta-Model,15999.44921875,5429.453125,207.365083694458
