Model,Train_RMSE,Validation_RMSE,Test_RMSE,Train_MAE,Validation_MAE,Test_MAE,Train_MAPE,Validation_MAPE,Test_MAPE
Model_1,11804.326171875,14183.427734375,13641.240234375,6619.2275390625,7799.36474609375,8029.04052734375,7.180245876312256,8.569235801696777,9.708209037780762
Model_2,11635.0009765625,11041.978515625,11822.43359375,6331.08740234375,6115.0966796875,6729.69091796875,5.1416730880737305,6.100034236907959,5.934623718261719
Ensemble,,11901.390625,11841.22265625,,6434.11962890625,6764.01318359375,,6.971530437469482,7.338737487792969
