Country,MAE,RMSE,MAPE
JP,161323.03613417325,161776.5701412121,99.99999999999993
CA,27508.26394042461,27639.31022581899,99.99999999999963
DE,105920.70754350424,107339.97340228764,99.9999999999999
US,496623.23116626067,507705.19758936536,99.99999999999999
CN,253563.12509855698,283690.2822274665,99.99999999999997
KR,68598.58546535442,72839.93658405938,99.99999999999983
CH,15494.88591602169,15666.379691108721,99.99999999999935
GB,52335.385219320175,54778.87939169317,99.9999999999998
