Country,MAE,RMSE,MAPE
JP,388.0230159610694,781.1649597541038,0.3097208082627571
GB,389.6892654831393,1108.5983315075307,0.8473804027225535
CA,56.852244348092526,115.68366145290373,0.2686608328293553
US,1406.3022509547332,3204.4195963036514,0.3501462175295972
DE,309.26755314525053,597.356366877721,0.34910350302658233
CH,72.54154910656504,153.14083676285222,0.7348652866148819
KR,189.98328712617248,464.513253926669,0.5360982140277074
CN,1097.2433285604316,2605.0021556211454,0.768043213771398
