Lag,MAE,RMSE,MAPE
3.0,505.5986082475369,1594.877798920978,0.490122596357564
