Lag,MAE,RMSE,MAPE
3.0,1533.7309290756434,4346.733892606825,1.0935497383625925
