Country,MAE,RMSE,MAPE
CA,153.6877209791847,230.0048430386216,0.5529849882345739
KR,349.2554527783833,584.2521909508039,0.7043854797206445
CH,208.57085170847716,238.90043078718784,1.5299737689138708
DE,565.7752141369288,1411.3985756238217,0.5881663799842584
US,162.45791264840548,352.6029268864914,0.034316136638157343
GB,273.85358979081707,356.782472808259,0.5805856122002278
CN,335.52518934110486,1612.0018099830004,0.33462745118065335
JP,501.03791808426024,739.7975990074398,0.30803135362587897
