Country,MAE,RMSE,MAPE
KR,53.30101688725008,80.60469396143544,0.08140389299203692
DE,66.9904648200533,103.91224687520443,0.06435088476018504
GB,47.87272737743672,74.15460961734982,0.09836929116975239
JP,55.821028594109414,87.22361147358401,0.03434105715687394
CA,49.756215352639266,87.94727810276663,0.17627370118562138
US,49.96097744306343,79.12337564771873,0.009973068942985008
CN,66.982776345363,132.3077994639004,0.03464672325338861
CH,21.936270703083427,33.155703210169236,0.1643441460380823
