,NN,Sax,Mosley
NN,1.0,-0.08662093805787904,0.37936907506880446
Sax,-0.08662093805787904,1.0,0.17348352553615576
Mosley,0.37936907506880446,0.17348352553615576,1.0
