,NN,Sax,Mosley
NN,1.0,0.7244186266090253,0.866430363623742
Sax,0.7244186266090253,1.0,0.8731041692239095
Mosley,0.866430363623742,0.8731041692239095,1.0
