Lag,MAE,RMSE,MAPE
3.0,335.7571478710789,1375.168794062054,0.20921426855532568
