Lag,MAE,RMSE,MAPE
3.0,294.9304245523485,1300.0111711496481,0.19179415653636397
