Country,MAE,RMSE,MAPE
KR,175.004847438651,488.3123124853005,0.27670900144753097
DE,154.54458334139153,419.718708376348,0.1453589823054644
GB,105.77375567561653,466.76903643718407,0.18693326298547544
JP,202.05417038217882,684.774756460003,0.125342136480263
CA,28.919871162191455,97.54278076332963,0.10355660098470362
US,870.9155690154473,2279.4784638130263,0.17066198028274063
CN,1042.5858587173643,2963.493616735851,0.47920419969825934
CH,50.193426314708724,107.24150146162052,0.34411253376802525
