Lag,MAE,RMSE,MAPE
3.0,809.5506514174608,3221.6177536141495,0.49694465178351244
