Lag,MAE,RMSE,MAPE
3.0,336.23567573302125,1381.3315638830315,0.21326885021817807
