Country,MAE,RMSE,MAPE
JP,439340.1927995521,859207.4462321604,276.5120801602427
CA,87575.16375412609,105103.11278582424,316.5223282405956
DE,366720.4864266256,502629.63519445417,326.97525950311973
US,1775226.0965433614,2925736.5305854664,367.9087376747499
CN,2002294.285276144,4807878.503878131,1082.6786493638656
KR,278298.0318075332,294129.65250429715,470.3876612665138
CH,28513.048045043295,30936.272519030095,195.1838472782214
GB,207094.6839854144,413792.6230681415,438.95801039583347
