Lag,MAE,RMSE,MAPE
3.0,668108.3410099103,2003105.836571362,440.5903766468196
