Lag,MAE,RMSE,MAPE
3.0,677499.7650927145,1915971.9022773574,466.00685152061254
