Country,Models,RMSE,MAE,MAPE
0,"['Model_1', 'Model_2', 'Ensemble']","[1983.55859375, 3180.4951171875, 2436.770263671875]","[989.43310546875, 1508.2772216796875, 1068.5316162109375]","[3.576488494873047, 5.455842018127441, 3.860663890838623]"
1,"['Model_1', 'Model_2', 'Ensemble']","[1322.27587890625, 1804.841552734375, 1461.5618896484375]","[1055.1890869140625, 1318.4296875, 1113.877197265625]","[6.902090549468994, 9.385995864868164, 7.64332914352417]"
2,"['Model_1', 'Model_2', 'Ensemble']","[6238.99560546875, 5484.9560546875, 5798.337890625]","[4930.4716796875, 4589.04296875, 4759.7578125]","[2.303529739379883, 2.2993619441986084, 2.3014464378356934]"
3,"['Model_1', 'Model_2', 'Ensemble']","[10948.62890625, 3269.291259765625, 6262.5126953125]","[3342.35205078125, 2046.8292236328125, 2382.94970703125]","[3.715250253677368, 2.282970666885376, 2.635829448699951]"
4,"['Model_1', 'Model_2', 'Ensemble']","[4855.57861328125, 3817.562744140625, 3954.018310546875]","[3015.802490234375, 2280.650634765625, 2280.856689453125]","[6.042580604553223, 4.3382744789123535, 4.367629528045654]"
5,"['Model_1', 'Model_2', 'Ensemble']","[2764.1962890625, 3232.55126953125, 2475.763916015625]","[1879.83837890625, 2330.919921875, 1822.662353515625]","[1.1601085662841797, 1.4430872201919556, 1.1165975332260132]"
6,"['Model_1', 'Model_2', 'Ensemble']","[1659.92333984375, 1438.3035888671875, 1111.79736328125]","[1345.3480224609375, 1143.7398681640625, 822.84033203125]","[2.2241170406341553, 1.8968528509140015, 1.5002208948135376]"
7,"['Model_1', 'Model_2', 'Ensemble']","[4647.30615234375, 4033.43408203125, 4048.67041015625]","[3321.299072265625, 2957.012939453125, 2937.583251953125]","[0.7295088171958923, 0.6481401920318604, 0.6421198844909668]"
