Model,RMSE,MAE,MAPE
Model_1,5628.880859375,2582.843994140625,2.9042769223451614
Model_2,3562.431640625,2322.024658203125,2.8226563706994057
Ensemble,4044.702880859375,2203.843017578125,2.489982172846794
XGBoost,41898.29933930384,37004.577836959055,188.87609808178058
Meta-Model,5220.59375,2607.14892578125,208.04169178009033
