Model,Train_RMSE,Validation_RMSE,Test_RMSE,Train_MAE,Validation_MAE,Test_MAE,Train_MAPE,Validation_MAPE,Test_MAPE
Model_1,2512.587890625,4949.380859375,5628.880859375,1574.3189697265625,2673.443115234375,2582.843994140625,1.7657978534698486,3.780212640762329,2.9042770862579346
Model_2,2137.630126953125,5044.78759765625,3562.431640625,1327.5369873046875,2635.617431640625,2322.024658203125,1.47321617603302,4.237985610961914,2.8226559162139893
Ensemble,,4469.78271484375,4044.703125,,2346.813232421875,2203.84326171875,,3.3891196250915527,2.4899821281433105
