Lag,MAE,RMSE,MAPE
3.0,37970.58699570071,43591.627848082695,63.48339442665907
