Model,Train_RMSE,Validation_RMSE,Test_RMSE,Train_MAE,Validation_MAE,Test_MAE,Train_MAPE,Validation_MAPE,Test_MAPE
Model_1,3316.90478515625,3901.202880859375,3362.71337890625,1486.23876953125,1596.660888671875,1536.9888916015625,1.004240870475769,1.1425094604492188,0.9522620439529419
Model_2,3357.625732421875,4166.83251953125,3566.04296875,1314.8685302734375,1426.427978515625,1330.660888671875,0.884564995765686,0.9174699187278748,0.8581601977348328
Ensemble,,4014.039306640625,3438.762451171875,,1497.971923828125,1422.73974609375,,1.0141524076461792,0.8887868523597717
