Lag,MAE,RMSE,MAPE
3.0,530.9807026674996,2359.230089828568,0.499703807211532
