Country,MAE,RMSE,MAPE
CA,16262.246250849286,22013.750387784323,57.76773823932055
KR,54902.99551031774,57376.78499170819,87.11960076009031
CH,131092.41942088568,132124.33672861694,884.6706611563272
DE,36060.68642729191,39322.44558557625,32.95073074528422
US,48882.839671167145,63052.93046520531,9.881523555393736
GB,24633.19212576758,31598.972998870155,51.15624169782507
CN,111959.6694060375,140499.72647845515,37.37008269406153
JP,33164.33773952908,38079.50779377583,20.214173739335312
