Country,MAE,RMSE,MAPE
JP,40062.849690843614,43801.10989972199,25.586423268298958
GB,22229.267842409798,28728.033872861757,49.10356343065668
CA,20777.733365782224,27356.17146851864,90.85140569342299
US,59345.560829730646,81043.68413585355,14.840517936981302
DE,31945.947613082633,36430.77289618426,30.268721136965866
CH,111292.12488607956,115610.57428827735,791.7440155688469
KR,50366.12277130435,51787.8602578478,91.44085061765492
CN,110131.06968866207,142229.0502890182,53.78736294261238
