Lag,MAE,RMSE,MAPE
3.0,48856.29503037846,69105.23489487157,90.3930092981069
