Lag,MAE,RMSE,MAPE
3.0,51665.04524587987,74757.03345276823,73.27540713136432
