Country,MAE,RMSE,MAPE
KR,130.13217753284894,310.6722182448607,0.20091909681117737
DE,194.16170821495825,417.3675473509794,0.17881675720283757
GB,120.2043340130726,214.79424895280619,0.24063891213856833
JP,128.77050245612307,305.36686402534843,0.0792188074612419
CA,64.40396595064583,125.47041983636254,0.22962940134582696
US,125.02017215768582,298.21830534929575,0.027167176730812516
CN,161.29678960290005,414.07608659778344,0.09943665587005882
CH,37.626200751875935,45.26942231981869,0.2723580855494528
