Country,MAE,RMSE,MAPE
JP,311.8803185990956,805.229357184964,0.21473268543913626
CA,45.05308223325542,153.3286240967582,0.19127982343897376
DE,164.1865495665245,456.25257654134487,0.16235829714592176
US,1240.156918365865,2790.989635311529,0.2895620743800225
CN,1329.637704272934,3411.9236161636295,0.6756128472801002
KR,212.1964186380995,647.2225770561618,0.3357418745995347
CH,39.96743178671546,126.0594408624509,0.2676681317387892
GB,118.17492233268656,526.8353699206369,0.24322722657685106
