Lag,MAE,RMSE,MAPE
3.0,450.1327631810282,1636.0993539612252,0.2936106876176139
