Lag,MAE,RMSE,MAPE
3.0,930.1123000331529,3213.202808955151,0.6736886470304284
