Country,Models,RMSE,MAE,MAPE
0,"['Model_1', 'Model_2', 'Ensemble']","[294.11505126953125, 319.0901184082031, 305.4186096191406]","[224.8076629638672, 249.45181274414062, 235.65846252441406]","[0.7899819612503052, 0.875502347946167, 0.8273664712905884]"
1,"['Model_1', 'Model_2', 'Ensemble']","[611.3886108398438, 607.2107543945312, 605.8914184570312]","[490.1376037597656, 507.79931640625, 487.0401306152344]","[3.0583136081695557, 3.106921911239624, 2.9850289821624756]"
2,"['Model_1', 'Model_2', 'Ensemble']","[6666.1328125, 6723.27001953125, 6686.1005859375]","[5048.13134765625, 4879.80078125, 4937.18115234375]","[2.2474939823150635, 2.1191089153289795, 2.1674673557281494]"
3,"['Model_1', 'Model_2', 'Ensemble']","[1396.04833984375, 1453.4573974609375, 1423.25341796875]","[937.5045166015625, 1026.0048828125, 981.354248046875]","[1.0552377700805664, 1.1417250633239746, 1.0979905128479004]"
4,"['Model_1', 'Model_2', 'Ensemble']","[2910.868896484375, 3089.646484375, 2995.755859375]","[1143.9437255859375, 1257.6485595703125, 1192.6973876953125]","[2.1440963745117188, 2.3156816959381104, 2.210689067840576]"
5,"['Model_1', 'Model_2', 'Ensemble']","[2438.547607421875, 2523.7626953125, 2480.71533203125]","[2065.99365234375, 2130.241943359375, 2097.422607421875]","[1.272217035293579, 1.3124552965164185, 1.2919319868087769]"
6,"['Model_1', 'Model_2', 'Ensemble']","[1286.7108154296875, 1329.51708984375, 1307.08349609375]","[1150.318115234375, 1200.3729248046875, 1175.3458251953125]","[1.7617669105529785, 1.885368824005127, 1.8235681056976318]"
7,"['Model_1', 'Model_2', 'Ensemble']","[5938.53173828125, 6166.16064453125, 6045.79833984375]","[4045.395263671875, 4016.096923828125, 4019.960205078125]","[0.8701625466346741, 0.8637893199920654, 0.8645243644714355]"
