Model,RMSE,MAE,MAPE
Model_1,3580.350341796875,1973.5836181640625,1.4392334036529064
Model_2,3684.59033203125,1998.978515625,1.4942282810807228
Ensemble,3628.25146484375,1979.9000244140625,1.4577453956007957
XGBoost,43591.627848082695,37970.58699570071,189.0200059172933
Meta-Model,5178.94921875,2218.244873046875,207.89284706115723
