Country,MAE,RMSE,MAPE
JP,389.16164900003076,826.7542448671095,0.30712829725900653
GB,268.41461661395397,872.8083314889086,0.5948754330279513
CA,47.473460011001976,94.06252359603444,0.2262472681502397
US,1039.6153817988404,2600.292292996576,0.2754920132490656
DE,248.86391894531636,521.3884563747466,0.28499871415117645
CH,59.345873766135576,142.18598259727216,0.5983854479437956
KR,181.82675389059887,406.06214527463675,0.48125493504054867
CN,832.3224255921101,2388.8208484824268,0.6099598489003315
