Lag,MAE,RMSE,MAPE
3.0,401.33972823458066,1370.443232754217,0.39962284502444184
