Lag,MAE,RMSE,MAPE
3.0,1269.086344544351,3995.5817152398813,0.8748891185929505
