Lag,MAE,RMSE,MAPE
3.0,844.0967355545032,3880.4601657343733,0.48103522642536733
