RMSE,MAE,MAPE,R2
200.1705196536719,176.17180319905032,,-0.042696564218536626
