Country,MAE,RMSE,MAPE
JP,93075.99413397028,96293.78062034088,57.80832309720368
GB,45101.01790765678,52150.38367801419,93.35610680344463
CA,46747.5564812437,51166.42715382517,185.49688923440797
US,81362.96396155829,101434.61944770964,19.34316927881008
DE,19507.057865122944,26344.581611649184,20.998344051135525
CH,61345.20952873141,68476.19729551263,481.0002018356859
KR,15728.987216203725,20547.247286474707,29.261049522998395
CN,154077.23363508287,188459.8151876998,67.79856068980449
