Lag,MAE,RMSE,MAPE
3.0,64052.84605654984,93568.44523732332,77.41039795459244
