Lag,MAE,RMSE,MAPE
3.0,61158.9832093557,86631.19558905649,90.2968429883072
