Model,RMSE,MAE,MAPE
Model_1,27753.232421875,16325.2216796875,20.169511437416077
Model_2,27879.38671875,16222.0947265625,19.69335973262787
Ensemble,27772.27734375,16242.11328125,19.89484578371048
XGBoost,73272.46972507177,51524.78360836923,185.3542111148618
Meta-Model,20202.16015625,11728.1923828125,195.82359790802002
