Country,MAE,RMSE,MAPE
JP,279.45375414548636,779.476254279252,0.19216784138787749
CA,49.93555430694103,153.6844088853599,0.22131756255629495
DE,139.33630789537136,466.825169357954,0.13547151012675585
US,926.2403135935136,2443.2981522771984,0.2128486509584092
CN,1100.1617375618687,3270.2545299952244,0.5657553294015072
KR,170.11844315493653,578.1421773605814,0.2798172712687009
CH,26.92135941787932,100.65091090443167,0.1857181711176615
GB,81.83615886147956,421.8373177225864,0.16450472352961226
