Lag,MAE,RMSE,MAPE
3.0,355.88181436415425,1497.3066079718296,0.242813896694945
