Lag,MAE,RMSE,MAPE
3.0,658.8349030449133,2778.860205264248,0.5424025503265232
