Model,Train_RMSE,Validation_RMSE,Test_RMSE,Train_MAE,Validation_MAE,Test_MAE,Train_MAPE,Validation_MAPE,Test_MAPE
Model_1,3572.71728515625,4619.478515625,3904.439697265625,1398.0081787109375,1582.5516357421875,1450.0120849609375,0.9517824053764343,0.9859904646873474,0.9065041542053223
Model_2,3571.21142578125,4620.4033203125,3904.091796875,1391.9576416015625,1576.48828125,1442.6339111328125,0.9477390646934509,0.9814225435256958,0.9024830460548401
Ensemble,,4619.93505859375,3904.2568359375,,1579.50244140625,1446.31396484375,,0.9836445450782776,0.9044607281684875
