Lag,MAE,RMSE,MAPE
3.0,48484.04825855058,68377.04783393764,80.2144017249807
