Lag,MAE,RMSE,MAPE
3.0,1938.2198190935533,4273.589128873715,1.1661210909317825
