Country,Models,RMSE,MAE,MAPE
0,"['Model_1', 'Model_2', 'Ensemble']","[1404.472900390625, 1639.7015380859375, 1109.39013671875]","[1129.907470703125, 1231.16748046875, 855.4490966796875]","[3.98330020904541, 4.430076599121094, 3.034027099609375]"
1,"['Model_1', 'Model_2', 'Ensemble']","[1634.4560546875, 1656.2625732421875, 1012.373046875]","[1412.9195556640625, 1226.463134765625, 935.0074462890625]","[9.705984115600586, 8.662578582763672, 6.361018180847168]"
2,"['Model_1', 'Model_2', 'Ensemble']","[26039.33203125, 31128.201171875, 28110.392578125]","[19123.091796875, 23938.57421875, 21325.29296875]","[14.91700267791748, 17.631855010986328, 16.205108642578125]"
3,"['Model_1', 'Model_2', 'Ensemble']","[2886.05224609375, 3902.5166015625, 2680.493896484375]","[1882.8079833984375, 3266.302734375, 2064.16064453125]","[1.827746868133545, 3.1813974380493164, 2.0364699363708496]"
4,"['Model_1', 'Model_2', 'Ensemble']","[3777.036865234375, 4210.35302734375, 3248.499755859375]","[1954.3544921875, 3168.15185546875, 2065.87158203125]","[3.8214099407196045, 6.315843105316162, 3.8521506786346436]"
5,"['Model_1', 'Model_2', 'Ensemble']","[3610.68115234375, 6233.43603515625, 4567.44140625]","[2751.938232421875, 5432.0478515625, 3865.86376953125]","[1.6823852062225342, 3.305107831954956, 2.3495476245880127]"
6,"['Model_1', 'Model_2', 'Ensemble']","[5542.21240234375, 6098.9755859375, 5395.65478515625]","[4161.74658203125, 4845.9814453125, 4185.1953125]","[6.187765598297119, 8.852303504943848, 6.860753059387207]"
7,"['Model_1', 'Model_2', 'Ensemble']","[4415.05419921875, 12879.0009765625, 8106.39404296875]","[2956.55908203125, 10162.5166015625, 6122.7060546875]","[0.6105966567993164, 2.094675064086914, 1.259106159210205]"
