Model,Train_RMSE,Validation_RMSE,Test_RMSE,Train_MAE,Validation_MAE,Test_MAE,Train_MAPE,Validation_MAPE,Test_MAPE
Model_1,8632.671875,8439.4306640625,9761.54296875,3452.124755859375,3849.992431640625,4462.89453125,3.5002901554107666,4.664943218231201,4.817612171173096
Model_2,10829.58203125,11626.3046875,12444.4345703125,5893.70556640625,6256.4150390625,6796.27734375,5.530552387237549,6.818734645843506,6.4930620193481445
Ensemble,,9544.7470703125,10707.794921875,,4663.52734375,5266.8681640625,,5.177626609802246,4.991827011108398
