Lag,MAE,RMSE,MAPE
3.0,880.0269631128377,3138.2431955073216,0.740560790564981
