Country,Models,RMSE,MAE,MAPE
0,"['Model_1', 'Model_2', 'Ensemble']","[356.28009033203125, 347.3834533691406, 347.373779296875]","[248.3828582763672, 233.19586181640625, 235.73031616210938]","[0.8752982020378113, 0.813386857509613, 0.8258615732192993]"
1,"['Model_1', 'Model_2', 'Ensemble']","[576.5592041015625, 603.2364501953125, 579.6067504882812]","[291.6768798828125, 365.27557373046875, 323.90826416015625]","[2.1263680458068848, 2.6319663524627686, 2.3526008129119873]"
2,"['Model_1', 'Model_2', 'Ensemble']","[8569.3447265625, 8522.7333984375, 8544.4033203125]","[4641.02783203125, 4489.09716796875, 4565.0625]","[2.3116447925567627, 2.213395595550537, 2.2625203132629395]"
3,"['Model_1', 'Model_2', 'Ensemble']","[1077.9837646484375, 1059.959716796875, 1067.2935791015625]","[371.5008239746094, 405.9578552246094, 387.84814453125]","[0.3387552797794342, 0.3641127347946167, 0.35062339901924133]"
4,"['Model_1', 'Model_2', 'Ensemble']","[3538.318115234375, 3548.003662109375, 3541.504150390625]","[1130.6968994140625, 1139.0018310546875, 1131.582275390625]","[1.8376390933990479, 1.8572237491607666, 1.8393229246139526]"
5,"['Model_1', 'Model_2', 'Ensemble']","[1858.6707763671875, 1838.6380615234375, 1848.054443359375]","[977.1904907226562, 961.96875, 969.580810546875]","[0.5958830714225769, 0.5862386226654053, 0.5910615921020508]"
6,"['Model_1', 'Model_2', 'Ensemble']","[1348.1468505859375, 1318.0574951171875, 1330.2744140625]","[450.3033142089844, 434.8190002441406, 440.0302429199219]","[0.6268261671066284, 0.6212257146835327, 0.621256947517395]"
7,"['Model_1', 'Model_2', 'Ensemble']","[3968.2880859375, 3818.626708984375, 3889.5810546875]","[1610.957763671875, 1513.27783203125, 1562.1165771484375]","[0.3393097221851349, 0.3212469518184662, 0.33027809858322144]"
