Model,Train_RMSE,Validation_RMSE,Test_RMSE,Train_MAE,Validation_MAE,Test_MAE,Train_MAPE,Validation_MAPE,Test_MAPE
Model_1,4263.56494140625,2015.400634765625,3683.233642578125,1276.394775390625,727.9661254882812,1228.8082275390625,0.8663289546966553,0.7554193735122681,1.0224405527114868
Model_2,4228.22216796875,1985.676025390625,3648.461181640625,1250.9857177734375,728.2678833007812,1202.418701171875,0.8859730362892151,0.8341003060340881,1.030888557434082
Ensemble,,1998.836181640625,3664.2001953125,,723.7208251953125,1213.81103515625,,0.7829828858375549,1.0213602781295776
