Country,MAE,RMSE,MAPE
JP,28530.801076314485,34867.63899761054,18.182990843639043
GB,35892.19179428778,44977.4452321663,83.80638075871305
CA,32043.883461670488,45471.16771446827,160.7050533376174
US,53489.35199356443,70269.75471825352,12.834767370194996
DE,47677.580807532046,51962.72533795028,48.198592649575254
CH,133957.78643804236,136854.64459361506,1002.4445012921724
KR,74808.4082434174,78110.53241303089,157.19186548128053
CN,110645.63289901057,134390.46381583874,68.11079139357079
