Lag,MAE,RMSE,MAPE
3.0,57364.03456561172,75317.87102096443,127.26422677169529
