Lag,MAE,RMSE,MAPE
3.0,58441.73025458451,76341.22809653889,99.08440200332188
