Country,Models,RMSE,MAE,MAPE
0,"['Model_1', 'Model_2', 'Ensemble']","[303.3810119628906, 285.2801818847656, 282.8881530761719]","[175.1158447265625, 105.5688705444336, 131.3189239501953]","[0.6185726523399353, 0.3646661937236786, 0.4585135579109192]"
1,"['Model_1', 'Model_2', 'Ensemble']","[211.26107788085938, 171.44277954101562, 190.51919555664062]","[200.635009765625, 169.0517578125, 184.8428955078125]","[1.421059012413025, 1.1820521354675293, 1.3015522956848145]"
2,"['Model_1', 'Model_2', 'Ensemble']","[4149.93310546875, 5202.896484375, 4236.740234375]","[3580.13427734375, 4578.82080078125, 3757.027587890625]","[1.7940475940704346, 2.1093509197235107, 1.8537530899047852]"
3,"['Model_1', 'Model_2', 'Ensemble']","[1176.3687744140625, 1184.375732421875, 1158.469482421875]","[647.36083984375, 545.4933471679688, 577.7781982421875]","[0.5879160165786743, 0.4910871982574463, 0.5238337516784668]"
4,"['Model_1', 'Model_2', 'Ensemble']","[2941.6396484375, 3049.793212890625, 2980.319091796875]","[678.9747924804688, 711.0579223632812, 688.701171875]","[1.177372932434082, 1.1593444347381592, 1.1555969715118408]"
5,"['Model_1', 'Model_2', 'Ensemble']","[1640.572509765625, 1666.6380615234375, 1606.2281494140625]","[835.3895874023438, 699.77734375, 735.9456787109375]","[0.5083610415458679, 0.42523908615112305, 0.4473639130592346]"
6,"['Model_1', 'Model_2', 'Ensemble']","[1663.2083740234375, 1683.1851806640625, 1666.5045166015625]","[916.6102905273438, 945.9832763671875, 914.5515747070312]","[1.512341022491455, 1.56416916847229, 1.4956673383712769]"
7,"['Model_1', 'Model_2', 'Ensemble']","[8239.7373046875, 8343.041015625, 8271.4921875]","[4038.1611328125, 3537.32958984375, 3702.23046875]","[0.7424212694168091, 0.6391772627830505, 0.6728864908218384]"
