Lag,MAE,RMSE,MAPE
3.0,433.78910703779917,2074.1082086809674,0.38077293100465853
