Model,Train_RMSE,Validation_RMSE,Test_RMSE,Train_MAE,Validation_MAE,Test_MAE,Train_MAPE,Validation_MAPE,Test_MAPE
Model_1,3483.534423828125,4489.45654296875,3757.725341796875,1224.685546875,1384.542724609375,1237.6246337890625,0.9352647066116333,0.9616358280181885,0.8547670245170593
Model_2,3498.23046875,4512.96337890625,3780.64892578125,1248.34619140625,1413.3536376953125,1267.84521484375,0.9481959939002991,0.9771226644515991,0.8693310618400574
Ensemble,,4501.095703125,3769.033935546875,,1398.923095703125,1252.6358642578125,,0.9693548083305359,0.8619523644447327
