Country,MAE,RMSE,MAPE
KR,165.17137313937252,473.9426159024554,0.2501318849806681
DE,159.93486804412325,430.37129707629214,0.14957610107970098
GB,91.13996404849928,403.98025687304226,0.16477111772383854
JP,213.16545238921864,721.4081986048193,0.1323841678572239
CA,27.350744869621142,85.96990751297713,0.09742150056923705
US,1017.7461396974469,2822.6885346016693,0.19996027800296814
CN,1118.9996304284036,3163.4049580973656,0.5172520425388216
CH,65.94947721313432,161.90580047176658,0.47639451463412197
