Lag,MAE,RMSE,MAPE
3.0,364.5398920225873,1557.594019078249,0.22202434873181692
