Lag,MAE,RMSE,MAPE
3.0,888.540428897068,3724.6779075079426,0.517089803306387
