Country,Models,RMSE,MAE,MAPE
0,"['Model_1', 'Model_2', 'Ensemble']","[878.5875244140625, 6141.15185546875, 2898.438232421875]","[629.1685180664062, 4585.2353515625, 2277.80517578125]","[2.2352588176727295, 16.635404586791992, 8.236379623413086]"
1,"['Model_1', 'Model_2', 'Ensemble']","[1996.2802734375, 5116.17333984375, 3431.68701171875]","[1634.86181640625, 4806.62451171875, 3092.5126953125]","[12.1957368850708, 33.880714416503906, 22.17367935180664]"
2,"['Model_1', 'Model_2', 'Ensemble']","[30357.38671875, 36660.19921875, 32594.052734375]","[22623.3984375, 29592.7109375, 25490.515625]","[18.07872772216797, 21.079814910888672, 19.428924560546875]"
3,"['Model_1', 'Model_2', 'Ensemble']","[3800.770751953125, 7340.48779296875, 5173.86669921875]","[3283.035888671875, 6122.52490234375, 4556.4609375]","[3.3378641605377197, 6.123066425323486, 4.612204551696777]"
4,"['Model_1', 'Model_2', 'Ensemble']","[6081.2216796875, 11309.50390625, 7673.42431640625]","[2886.61669921875, 7890.83544921875, 5069.19775390625]","[5.79594087600708, 16.86369514465332, 10.670859336853027]"
5,"['Model_1', 'Model_2', 'Ensemble']","[9961.3544921875, 12897.1279296875, 11175.8916015625]","[8424.947265625, 10260.107421875, 9261.9755859375]","[5.1495561599731445, 6.292539119720459, 5.672728061676025]"
6,"['Model_1', 'Model_2', 'Ensemble']","[6212.544921875, 8038.38525390625, 6762.01708984375]","[5115.15966796875, 6851.19091796875, 5708.349609375]","[7.5093889236450195, 12.396034240722656, 9.339920997619629]"
7,"['Model_1', 'Model_2', 'Ensemble']","[7864.61669921875, 16254.81640625, 10000.9892578125]","[4986.19189453125, 12902.6064453125, 7717.861328125]","[1.0441675186157227, 2.648607015609741, 1.5837658643722534]"
