Model,RMSE,MAE,MAPE
Model_1,12177.7255859375,6418.13427734375,6.375847011804581
Model_2,16193.5126953125,10515.3935546875,12.647950649261475
Ensemble,13462.1767578125,8080.333984375,9.066750854253769
XGBoost,75002.95525789296,52589.96134355057,200.51972524099804
Meta-Model,9455.1884765625,3941.873779296875,206.70123100280762
