Model,Train_RMSE,Validation_RMSE,Test_RMSE,Train_MAE,Validation_MAE,Test_MAE,Train_MAPE,Validation_MAPE,Test_MAPE
Model_1,11050.0244140625,11529.896484375,12177.7255859375,5688.12353515625,6176.01611328125,6418.13427734375,5.135305404663086,6.684892654418945,6.375846862792969
Model_2,14610.8212890625,18946.34765625,16193.5126953125,9257.40625,10582.25,10515.3935546875,10.524543762207031,12.697219848632812,12.647951126098633
Ensemble,,14395.548828125,13462.1767578125,,8035.6865234375,8080.3330078125,,9.110983848571777,9.066750526428223
