Country,MAE,RMSE,MAPE
JP,3719.029804242784,7696.891678051696,3.1586748819273245
GB,2621.923805222686,3746.010378093179,5.759057605258306
CA,1747.797679856824,2290.2570315165626,8.303012998340554
US,7195.151558565749,18227.644202580002,2.091283647047154
DE,2127.265914014912,3678.07115229161,2.5996647346530692
CH,3237.1001616814633,6744.476714712093,27.08630561702484
KR,4260.116799015487,6169.1346584974135,7.831252115203757
CN,26562.814780034023,34609.94041733146,38.76446615343787
