Lag,MAE,RMSE,MAPE
3.0,8748.257976734409,19552.52133573009,11.783807143819587
