Lag,MAE,RMSE,MAPE
3.0,6192.847749215472,14258.356425657208,9.947864510983234
