Country,MAE,RMSE,MAPE
JP,518.5579822475443,712.4032456262469,0.3402081561893394
GB,398.8544093434155,609.7333914629537,0.8877497302141346
CA,238.1078138215323,308.8346432176487,1.057898578885641
US,116.75799459222702,262.73496626504254,0.03207543378478137
DE,555.598999400617,968.1931203228154,0.5907634553050743
CH,177.62674433973626,234.65180773044912,1.5568909100456687
KR,345.79875944471144,553.2838522053213,0.9132310834197263
CN,310.89088466496804,618.2664186578504,0.5571553801637754
