Dataset,adjusted_r_squared
Train,0.9999537467956543
Test,0.999556839466095
