Country,Models,RMSE,MAE,MAPE
0,"['Model_1', 'Model_2', 'Ensemble']","[418.2864685058594, 376.1685791015625, 386.8675537109375]","[293.50103759765625, 254.91946411132812, 263.7787170410156]","[1.0295826196670532, 0.9000702500343323, 0.9265153408050537]"
1,"['Model_1', 'Model_2', 'Ensemble']","[185.5940704345703, 162.89266967773438, 122.31781768798828]","[159.8955078125, 151.743896484375, 100.0225830078125]","[1.1421951055526733, 1.0221657752990723, 0.6836470365524292]"
2,"['Model_1', 'Model_2', 'Ensemble']","[2888.54638671875, 4273.48779296875, 3125.530517578125]","[1622.6119384765625, 3397.84033203125, 2208.96142578125]","[0.5556817650794983, 1.1954203844070435, 0.7104310989379883]"
3,"['Model_1', 'Model_2', 'Ensemble']","[1036.6187744140625, 1720.6925048828125, 1328.6221923828125]","[622.9046630859375, 993.4000244140625, 747.1934204101562]","[0.5816485285758972, 0.9228392243385315, 0.6915302276611328]"
4,"['Model_1', 'Model_2', 'Ensemble']","[2046.4013671875, 1687.4927978515625, 1737.236572265625]","[701.8043823242188, 777.2214965820312, 616.7057495117188]","[1.2131174802780151, 1.3218398094177246, 1.0565849542617798]"
5,"['Model_1', 'Model_2', 'Ensemble']","[3204.357666015625, 2238.885986328125, 2465.682373046875]","[1434.0120849609375, 1744.51025390625, 1394.98828125]","[0.8728002905845642, 1.0606426000595093, 0.8494133353233337]"
6,"['Model_1', 'Model_2', 'Ensemble']","[1443.697265625, 1002.4397583007812, 1160.641845703125]","[628.922119140625, 631.3043212890625, 583.4597778320312]","[0.9252105951309204, 0.9824113845825195, 0.8716565370559692]"
7,"['Model_1', 'Model_2', 'Ensemble']","[6407.29296875, 6425.2275390625, 6147.67626953125]","[3381.765869140625, 4321.34130859375, 3692.15380859375]","[0.6505758762359619, 0.8557798266410828, 0.7215564846992493]"
