Model,Train_RMSE,Validation_RMSE,Test_RMSE,Train_MAE,Validation_MAE,Test_MAE,Train_MAPE,Validation_MAPE,Test_MAPE,Test_R2
Model_1,827.734130859375,2870.92333984375,3180.77294921875,512.1305541992188,1138.44921875,1252.5970458984375,0.4836544394493103,0.8651788234710693,0.8310297727584839,0.9995012879371643
Model_2,1553.0279541015625,2733.206298828125,3225.478515625,928.48291015625,1380.98193359375,1699.8682861328125,0.6340920329093933,1.1247692108154297,1.0184520483016968,0.9994871616363525
Ensemble,,2515.818359375,2998.16748046875,,1123.0968017578125,1356.2666015625,,0.8840183615684509,0.821880042552948,0.999556839466095
