Type,R_squared
Train,0.9999580257505185
Validation,0.9997803151703157
Test,0.9996892400705721
