Dataset,R_squared
Train,0.9999651312828064
Test,0.9995419383049011
