Country,MAE,RMSE,MAPE
JP,292.98378911300165,781.8187579894785,0.20215269786581633
CA,51.120520691918784,168.85210474625802,0.22039218088948398
DE,175.5886097564744,483.0641221086748,0.1737272879726669
US,1117.667566568086,2546.5940428492445,0.25491156310041474
CN,1384.7216107715465,3512.1252556541767,0.6763032395805159
KR,213.31549467861834,649.7041712433264,0.34152687568107853
CH,45.37011893745818,134.24253985078298,0.3179302404259933
GB,108.66924058662553,537.9008964162001,0.2318678630520135
