Lag,MAE,RMSE,MAPE
3.0,438.4795590567945,1606.1532243839283,0.2942158684483372
