Lag,MAE,RMSE,MAPE
3.0,908.0520169330979,3139.2350935399804,0.7260585242117925
