Country,MAE,RMSE,MAPE
KR,1009.9173182303834,1510.274619127777,1.5727535139036994
DE,984.6934531079775,1356.5276693686214,0.9227090055780441
GB,490.64916815316644,1405.3869858305504,0.8612102990903373
JP,1704.336697725508,2339.9882470820908,1.052039092573698
CA,260.22240193102664,369.0712205840254,0.9203056354278862
US,4706.336231448486,6927.1739850300155,0.9200522836738004
CN,5067.141790257184,9102.740954060406,2.387558222277818
CH,339.2510247519319,477.5532610890327,2.187576065908297
