Country,Models,RMSE,MAE,MAPE
0,"['Model_1', 'Model_2', 'Ensemble']","[285.3576354980469, 293.02996826171875, 282.8286437988281]","[128.6825714111328, 154.46221923828125, 127.91092681884766]","[0.44773486256599426, 0.5399449467658997, 0.4432620108127594]"
1,"['Model_1', 'Model_2', 'Ensemble']","[155.03363037109375, 223.71336364746094, 187.002197265625]","[136.3038330078125, 212.7716064453125, 174.5379638671875]","[0.9485910534858704, 1.509202003479004, 1.2288976907730103]"
2,"['Model_1', 'Model_2', 'Ensemble']","[4374.1142578125, 5401.7314453125, 4806.5576171875]","[3915.832275390625, 4736.08447265625, 4325.95751953125]","[1.9037916660308838, 2.1122937202453613, 2.0080432891845703]"
3,"['Model_1', 'Model_2', 'Ensemble']","[1171.135986328125, 1139.416748046875, 1153.604248046875]","[601.0543823242188, 566.6395874023438, 583.0691528320312]","[0.5427590012550354, 0.5195426940917969, 0.5305477976799011]"
4,"['Model_1', 'Model_2', 'Ensemble']","[2979.243408203125, 2962.225830078125, 2967.80859375]","[705.89892578125, 652.0528564453125, 678.7305908203125]","[1.181447148323059, 1.1402413845062256, 1.1604809761047363]"
5,"['Model_1', 'Model_2', 'Ensemble']","[1657.0281982421875, 1643.2054443359375, 1648.575927734375]","[885.953125, 867.0834350585938, 874.1654663085938]","[0.5383998155593872, 0.5281169414520264, 0.5318539142608643]"
6,"['Model_1', 'Model_2', 'Ensemble']","[1668.4359130859375, 1666.402587890625, 1665.837158203125]","[903.00146484375, 859.8967895507812, 881.4487915039062]","[1.4652608633041382, 1.4268205165863037, 1.4460409879684448]"
7,"['Model_1', 'Model_2', 'Ensemble']","[8240.7841796875, 8211.56640625, 8224.83984375]","[3858.31494140625, 4018.0791015625, 3931.95166015625]","[0.7045084238052368, 0.7369714975357056, 0.7193407416343689]"
