Model,RMSE,MAE,MAPE
Model_1,3882.798828125,1499.9278564453125,0.9533789940178394
Model_2,3901.902587890625,1624.997314453125,1.0175050236284733
Ensemble,3890.502685546875,1561.453857421875,0.9821482934057713
XGBoost,41724.72823391137,35867.773523565564,194.43380124446134
Meta-Model,5589.0859375,2349.707275390625,209.73801612854004
