Model,Train_RMSE,Validation_RMSE,Test_RMSE,Train_MAE,Validation_MAE,Test_MAE,Train_MAPE,Validation_MAPE,Test_MAPE
Model_1,3588.165771484375,4590.83837890625,3912.24658203125,1458.1224365234375,1637.56005859375,1497.2462158203125,0.9788401126861572,1.027238130569458,0.9152518510818481
Model_2,3568.5576171875,4599.38330078125,4025.17724609375,1466.025634765625,1641.7608642578125,1589.385986328125,1.0017509460449219,1.1310664415359497,0.9511765837669373
Ensemble,,4585.98193359375,3954.697998046875,,1628.7252197265625,1540.1025390625,,1.057642936706543,0.9264110326766968
