Method,n_years,n_months,share_corr,share_corr_p_naive,share_spearman,share_spearman_p_naive,season_residual_corr,season_residual_corr_p_naive,share_RMSE,uniform_RMSE,delta_RMSE_vs_uniform,share_MAE,uniform_MAE,paired_year_MSE_t_p,paired_year_MSE_wilcoxon_p,years_method_beats_uniform_MSE,LOYO_positive_slope_RMSE,LOYO_positive_slope_median,LOYO_unrestricted_RMSE,LOYO_unrestricted_slope_median,raw_corr_ci_low,raw_corr_ci_high,season_resid_corr_ci_low,season_resid_corr_ci_high,delta_rmse_ci_low,delta_rmse_ci_high
NN,14,168,-0.31838160281890693,2.6009089568742906e-05,-0.34675266580577385,4.133634023543106e-06,0.09162849121463978,0.23749917846071728,0.008641225947048107,0.0011754097568737207,0.007465816190174387,0.006786620203447881,0.0009333237940339016,3.5246098190879555e-07,0.0001220703125,0,0.0011754097568737207,0.0,0.0011206087453313682,-0.04524567458440894,-0.4592495695181925,-0.17605894857863236,-0.1271478423643152,0.31466264145474543,0.0066721572761987095,0.008214962045995033
Mosley,14,168,-0.32825244153678,1.400065136456138e-05,-0.33081447989892204,1.1879370475755714e-05,0.0010579095154213368,0.9891413636340114,0.005615677181295215,0.0011754097568737207,0.004440267424421495,0.004218543242818571,0.0009333237940339016,1.3910454659307777e-05,0.0001220703125,0,0.0011754097568737207,0.0,0.001129998642498102,-0.07726527028227938,-0.4953675730457602,-0.16118924583724623,-0.20560019457524592,0.23972272637242203,0.0036783592515247233,0.005143110916530474
Sax,14,168,0.30203030040374745,6.924681899396776e-05,0.28133334092871803,0.0002206068858909259,0.16286726464266318,0.03491481838817752,0.00765039710889273,0.0011754097568737207,0.006474987352019009,0.006079002871659507,0.0009333237940339016,7.726466559914407e-07,0.0001220703125,0,0.0011240002353906805,0.044691687355571816,0.0011240002353906805,0.044691687355571816,0.19181490924815656,0.43810868927065283,-0.04159233608259305,0.34769116716900306,0.005671723759726387,0.007211879538160175
