Method,Quarterly_growth_corr,P_Value,N
NN,-0.144067750875066,0.2940028802526047,55
Mosley,-0.08500534041207385,0.5371984512217514,55
Sax,0.2694145406218293,0.046691734354259364,55
Uniform,-0.03017539901468594,0.8268865764053669,55
