Method,Within_year_share_corr,Employment_recovery_nRMSE,n_months
NN,-0.318381602818907,0.10642117892403563,168
Mosley,-0.3282524415367799,0.06844330118441648,168
Sax,0.3020303004037476,0.09348234843033697,168
Uniform,,0.015124898679159057,168
