Lag,MAE,RMSE,MAPE
3.0,806.6651114528521,2168.8360295918974,1.075253456733112
