Country,MAE,RMSE,MAPE
KR,159.5689280426274,487.2132652617881,0.26709795833142325
DE,133.85478107176846,441.48872039080214,0.12405359515779281
GB,92.61947990841128,492.86711818450806,0.15157226202791743
JP,182.3476892646399,675.395602011454,0.11227723678799185
CA,22.9658012709431,85.58701230545252,0.08141577826264734
US,623.4037401004755,1790.5509890054382,0.1210986253042755
CN,1063.2133960287892,3024.8972166369513,0.5008677770461614
CH,41.64291843647873,117.29040476180151,0.2732246514216026
