Country,MAE,RMSE,MAPE
JP,101461.85137656149,104371.02974353883,63.523007631582885
GB,50241.6946869376,58061.094679499554,101.86752037361812
CA,51138.441648085834,55981.4927343555,195.23012047744945
US,81810.56118051778,103272.86102047376,19.64871931606233
DE,27065.84965509161,33898.322744482444,29.10465025462896
CH,53223.85346020705,59312.98318219599,409.3775658628237
KR,18176.936819993844,23087.437501200995,29.700494790673737
CN,156322.18901284222,190551.03590007266,65.63731512698223
