Lag,MAE,RMSE,MAPE
3.0,64853.993267813785,89635.38509133144,90.8816176857109
