Lag,MAE,RMSE,MAPE
3.0,68099.65672349368,97604.84558708781,79.57475787193634
