Country,Models,RMSE,MAE,MAPE
0,"['Model_1', 'Model_2', 'Ensemble']","[286.7483215332031, 286.82598876953125, 286.782958984375]","[125.720703125, 125.36837005615234, 125.47383880615234]","[0.4402592182159424, 0.43899956345558167, 0.43936479091644287]"
1,"['Model_1', 'Model_2', 'Ensemble']","[178.12924194335938, 175.2561492919922, 176.69210815429688]","[176.526123046875, 173.5733642578125, 175.0496826171875]","[1.1872870922088623, 1.1667194366455078, 1.177003264427185]"
2,"['Model_1', 'Model_2', 'Ensemble']","[4135.18603515625, 4127.36328125, 4131.259765625]","[3614.423583984375, 3605.391357421875, 3609.910888671875]","[1.7655730247497559, 1.7630677223205566, 1.7643210887908936]"
3,"['Model_1', 'Model_2', 'Ensemble']","[1164.7169189453125, 1162.928955078125, 1163.819580078125]","[617.8428955078125, 612.3265380859375, 615.0848999023438]","[0.5624907612800598, 0.5571805238723755, 0.5598358511924744]"
4,"['Model_1', 'Model_2', 'Ensemble']","[2979.95458984375, 2979.83447265625, 2979.8935546875]","[740.7249145507812, 739.1873168945312, 739.9563598632812]","[1.254903793334961, 1.2525492906570435, 1.2537270784378052]"
5,"['Model_1', 'Model_2', 'Ensemble']","[1624.7796630859375, 1622.264404296875, 1623.5213623046875]","[851.0177612304688, 845.5372924804688, 848.2787475585938]","[0.5175533294677734, 0.5142349004745483, 0.5158947706222534]"
6,"['Model_1', 'Model_2', 'Ensemble']","[1697.6029052734375, 1697.505615234375, 1697.5523681640625]","[910.7325439453125, 907.2487182617188, 908.9901733398438]","[1.4267373085021973, 1.4202567338943481, 1.4234962463378906]"
7,"['Model_1', 'Model_2', 'Ensemble']","[8294.876953125, 8296.4501953125, 8295.650390625]","[3723.755615234375, 3706.8193359375, 3715.294189453125]","[0.6763091087341309, 0.6727510094642639, 0.6745314002037048]"
