Model,Train_RMSE,Validation_RMSE,Test_RMSE,Train_MAE,Validation_MAE,Test_MAE,Train_MAPE,Validation_MAPE,Test_MAPE
Model_1,3572.7109375,4619.990234375,3904.631591796875,1397.1741943359375,1581.7952880859375,1449.01953125,0.9518780708312988,0.9863666296005249,0.9066192507743835
Model_2,3571.212158203125,4620.3564453125,3904.090576171875,1392.06982421875,1576.6156005859375,1442.770263671875,0.9477269649505615,0.9814012050628662,0.9024861454963684
Ensemble,,4620.16943359375,3904.354736328125,,1579.186767578125,1445.8876953125,,0.983810305595398,0.9045206904411316
