Country,Models,RMSE,MAE,MAPE
0,"['Model_1', 'Model_2', 'Ensemble']","[287.4098205566406, 286.8883056640625, 287.1383056640625]","[140.37289428710938, 139.56655883789062, 139.88198852539062]","[0.48541539907455444, 0.4824458658695221, 0.4836127758026123]"
1,"['Model_1', 'Model_2', 'Ensemble']","[351.3043518066406, 350.6717224121094, 350.9861145019531]","[348.3892822265625, 348.0494384765625, 348.2193603515625]","[2.3421061038970947, 2.342273712158203, 2.3421897888183594]"
2,"['Model_1', 'Model_2', 'Ensemble']","[7249.4326171875, 7236.00537109375, 7242.56201171875]","[5614.82666015625, 5657.8759765625, 5636.3505859375]","[2.271419048309326, 2.296229839324951, 2.2838239669799805]"
3,"['Model_1', 'Model_2', 'Ensemble']","[1398.617919921875, 1388.790771484375, 1393.6488037109375]","[946.848388671875, 927.2378540039062, 937.0433959960938]","[0.8669090270996094, 0.8478358387947083, 0.8573728799819946]"
4,"['Model_1', 'Model_2', 'Ensemble']","[3171.640380859375, 3168.58544921875, 3170.10693359375]","[876.7131958007812, 882.08544921875, 879.3991088867188]","[1.4288005828857422, 1.4393833875656128, 1.4340918064117432]"
5,"['Model_1', 'Model_2', 'Ensemble']","[2038.1724853515625, 2027.262939453125, 2032.691162109375]","[1523.1729736328125, 1505.4527587890625, 1514.31396484375]","[0.9238002896308899, 0.9130533933639526, 0.9184274673461914]"
6,"['Model_1', 'Model_2', 'Ensemble']","[1806.215087890625, 1807.6370849609375, 1806.9193115234375]","[1292.9716796875, 1298.2706298828125, 1295.62109375]","[2.0853993892669678, 2.0961802005767822, 2.090789794921875]"
7,"['Model_1', 'Model_2', 'Ensemble']","[8218.677734375, 8220.53515625, 8219.5947265625]","[4865.22021484375, 4873.97314453125, 4869.59912109375]","[0.9098918437957764, 0.9119144678115845, 0.9109038710594177]"
