Country,Models,RMSE,MAE,MAPE
0,"['Model_1', 'Model_2', 'Ensemble']","[1971.1363525390625, 5002.35302734375, 2859.003173828125]","[1357.0654296875, 2939.557373046875, 1883.7972412109375]","[5.178555965423584, 11.512373924255371, 7.153096675872803]"
1,"['Model_1', 'Model_2', 'Ensemble']","[771.3425903320312, 14975.1376953125, 7810.7626953125]","[649.4842529296875, 14771.8017578125, 7710.642578125]","[4.532660007476807, 100.0, 52.26633071899414]"
2,"['Model_1', 'Model_2', 'Ensemble']","[13277.8017578125, 11677.3984375, 11521.0869140625]","[11332.8642578125, 9549.8916015625, 9434.4619140625]","[11.914827346801758, 9.556235313415527, 5.583376407623291]"
3,"['Model_1', 'Model_2', 'Ensemble']","[8553.4375, 13533.7548828125, 10455.0205078125]","[4620.75390625, 6200.900390625, 4627.3876953125]","[5.010341644287109, 6.623958110809326, 4.9713664054870605]"
4,"['Model_1', 'Model_2', 'Ensemble']","[3218.87158203125, 10574.2451171875, 5290.03759765625]","[2375.53125, 5306.4208984375, 2991.9033203125]","[5.5865092277526855, 13.704548835754395, 7.613696098327637]"
5,"['Model_1', 'Model_2', 'Ensemble']","[9628.1728515625, 7875.1767578125, 7047.48193359375]","[8062.3896484375, 5229.001953125, 5283.61181640625]","[5.3051042556762695, 3.6986026763916016, 3.4698431491851807]"
6,"['Model_1', 'Model_2', 'Ensemble']","[5911.08544921875, 9205.837890625, 4456.767578125]","[4258.54931640625, 5253.525390625, 3224.775390625]","[10.448906898498535, 15.011170387268066, 6.48109769821167]"
7,"['Model_1', 'Model_2', 'Ensemble']","[8295.4111328125, 9641.09375, 8600.140625]","[6293.3671875, 6682.06201171875, 6137.20068359375]","[1.4697823524475098, 1.519702672958374, 1.4088726043701172]"
