Model,RMSE,MAE,MAPE
Model_1,7982.77880859375,5323.671875,6.1840541660785675
Model_2,10115.0341796875,6015.8916015625,10.915334522724152
Ensemble,7755.7177734375,4809.20263671875,6.415759027004242
XGBoost,73571.24107462575,51529.08980467076,185.26092636667585
Meta-Model,7967.3486328125,4177.50390625,194.2269206047058
