Model,Train_RMSE,Validation_RMSE,Test_RMSE,Train_MAE,Validation_MAE,Test_MAE,Train_MAPE,Validation_MAPE,Test_MAPE
Model_1,6008.22900390625,8749.642578125,7982.77880859375,4044.381103515625,5627.97314453125,5323.671875,5.970742702484131,7.221776008605957,6.184054374694824
Model_2,8112.10693359375,17317.048828125,10115.03515625,4755.96337890625,7010.79052734375,6015.89111328125,13.038873672485352,15.959948539733887,10.915334701538086
Ensemble,,11430.4521484375,7755.7177734375,,5342.60205078125,4809.203125,,8.270493507385254,6.415759086608887
