Dataset,adjusted_r_squared
Train,0.9994785785675049
Test,0.9993055462837219
