Country,Models,RMSE,MAE,MAPE
0,"['Model_1', 'Model_2', 'Ensemble']","[281.4773254394531, 357.2158203125, 310.9464111328125]","[181.11512756347656, 277.35772705078125, 216.7005615234375]","[0.6449066400527954, 0.9849885702133179, 0.7694396376609802]"
1,"['Model_1', 'Model_2', 'Ensemble']","[274.12005615234375, 193.3693389892578, 229.83013916015625]","[255.6307373046875, 163.26611328125, 203.4124755859375]","[1.8147594928741455, 1.1389122009277344, 1.4350323677062988]"
2,"['Model_1', 'Model_2', 'Ensemble']","[4061.999267578125, 3574.0546875, 3768.17529296875]","[3552.690673828125, 2710.614501953125, 3131.65380859375]","[1.7446610927581787, 1.4415756464004517, 1.593118667602539]"
3,"['Model_1', 'Model_2', 'Ensemble']","[1262.805908203125, 1264.9705810546875, 1217.967529296875]","[557.1419067382812, 647.2711181640625, 440.5638122558594]","[0.5173690319061279, 0.5729663372039795, 0.3900190591812134]"
4,"['Model_1', 'Model_2', 'Ensemble']","[2666.44384765625, 2642.32373046875, 2653.001220703125]","[982.68408203125, 921.0838623046875, 950.7110595703125]","[1.773026943206787, 1.6829224824905396, 1.7251074314117432]"
5,"['Model_1', 'Model_2', 'Ensemble']","[1615.446044921875, 1698.8489990234375, 1590.3577880859375]","[704.8298950195312, 1111.5596923828125, 719.9854125976562]","[0.4287865459918976, 0.6742566823959351, 0.43771058320999146]"
6,"['Model_1', 'Model_2', 'Ensemble']","[1592.97216796875, 1586.82958984375, 1568.72412109375]","[872.6790771484375, 549.09521484375, 681.7626953125]","[1.389085292816162, 0.9013874530792236, 1.1141571998596191]"
7,"['Model_1', 'Model_2', 'Ensemble']","[7722.72509765625, 8615.2724609375, 8080.35595703125]","[2711.5478515625, 4048.90380859375, 2834.380615234375]","[0.47478926181793213, 0.7386370301246643, 0.4951731860637665]"
