Model,Train_RMSE,Validation_RMSE,Test_RMSE,Train_MAE,Validation_MAE,Test_MAE,Train_MAPE,Validation_MAPE,Test_MAPE,Test_R2
Model_1,3438.311279296875,4364.9833984375,3665.293212890625,1286.9267578125,1408.81005859375,1279.2249755859375,1.035828709602356,1.098248839378357,0.9539790153503418,0.9993377327919006
Model_2,3607.08544921875,4668.65771484375,3936.162353515625,1393.3277587890625,1580.493896484375,1445.5811767578125,1.030541181564331,1.0677063465118408,0.9565832018852234,0.9992362856864929
Ensemble,,4481.056640625,3753.2802734375,,1361.4022216796875,1211.3612060546875,,1.0173139572143555,0.8821774125099182,0.9993055462837219
