Dataset,R_squared
Train,0.9995272159576416
Test,0.9995129704475403
