Country,Models,RMSE,MAE,MAPE
0,"['Model_1', 'Model_2', 'Ensemble']","[833.5263671875, 822.411376953125, 827.87939453125]","[711.275390625, 700.51220703125, 705.8936157226562]","[2.553983211517334, 2.515410900115967, 2.534696578979492]"
1,"['Model_1', 'Model_2', 'Ensemble']","[810.0443115234375, 793.1822509765625, 801.5802612304688]","[654.0321044921875, 635.1968994140625, 644.6146240234375]","[4.824509620666504, 4.695969581604004, 4.76024055480957]"
2,"['Model_1', 'Model_2', 'Ensemble']","[4317.58837890625, 4271.6923828125, 4294.56298828125]","[3804.327392578125, 3760.97021484375, 3782.646728515625]","[1.6798945665359497, 1.6715245246887207, 1.6757084131240845]"
3,"['Model_1', 'Model_2', 'Ensemble']","[2323.666748046875, 2287.7490234375, 2305.652587890625]","[1051.71142578125, 1027.508056640625, 1039.6094970703125]","[0.9602839350700378, 0.9394845962524414, 0.9498839378356934]"
4,"['Model_1', 'Model_2', 'Ensemble']","[2694.1416015625, 2694.7978515625, 2694.410400390625]","[1187.30712890625, 1171.0531005859375, 1179.1798095703125]","[2.3440353870391846, 2.314671039581299, 2.329352378845215]"
5,"['Model_1', 'Model_2', 'Ensemble']","[1945.6849365234375, 1923.7099609375, 1934.61083984375]","[1165.6434326171875, 1137.0106201171875, 1151.327392578125]","[0.7041324973106384, 0.6869420409202576, 0.6955375671386719]"
6,"['Model_1', 'Model_2', 'Ensemble']","[1494.147216796875, 1486.1663818359375, 1490.0706787109375]","[1004.7548828125, 986.7799682617188, 995.7676391601562]","[1.6570250988006592, 1.6275173425674438, 1.6422712802886963]"
7,"['Model_1', 'Model_2', 'Ensemble']","[6068.14208984375, 6083.33984375, 6075.49658203125]","[3073.503662109375, 3001.393310546875, 3037.44970703125]","[0.5660656690597534, 0.5510550141334534, 0.5585606098175049]"
