Model,Train_RMSE,Validation_RMSE,Test_RMSE,Train_MAE,Validation_MAE,Test_MAE,Train_MAPE,Validation_MAPE,Test_MAPE
Model_1,3251.003662109375,3615.929931640625,3283.749755859375,1594.6627197265625,1670.70947265625,1636.6376953125,1.6483690738677979,1.873225212097168,1.5030556917190552
Model_2,3242.66796875,3618.690185546875,3275.22119140625,1567.1790771484375,1645.2603759765625,1605.6627197265625,1.6190820932388306,1.8359177112579346,1.4776768684387207
Ensemble,,3616.913818359375,3279.352783203125,,1657.7998046875,1621.1500244140625,,1.8544292449951172,1.490365982055664
