Model,Train_RMSE,Validation_RMSE,Test_RMSE,Train_MAE,Validation_MAE,Test_MAE,Train_MAPE,Validation_MAPE,Test_MAPE
Model_1,3586.758544921875,4580.44384765625,3894.953369140625,1435.5758056640625,1611.072509765625,1484.68017578125,0.9670655131340027,1.0200549364089966,0.9146263003349304
Model_2,3587.146728515625,4582.36279296875,3895.612060546875,1432.94677734375,1609.194580078125,1482.454833984375,0.9668804407119751,1.0211763381958008,0.9147564172744751
Ensemble,,4581.39697265625,3895.27490234375,,1610.13232421875,1483.5543212890625,,1.0206156969070435,0.9146879315376282
