Lag,MAE,RMSE,MAPE
3.0,1277086.4423712918,7547372.958542971,797.6675314071504
