MAE,RMSE,MAPE,R^2
0.6035585615789202,0.8084750814162686,37.56152592062111,0.5091195899765226
