Model,RMSE,MAE,MAPE
Model_1,30631.064453125,19768.65625,27.41895020008087
Model_2,29376.33203125,17899.669921875,22.756877541542053
Ensemble,29728.09375,18617.33984375,24.801132082939148
XGBoost,73571.24107462575,51529.08980467076,185.26092636667585
Meta-Model,13554.7060546875,7413.36962890625,192.86043643951416
