Model,Train_RMSE,Validation_RMSE,Test_RMSE,Train_MAE,Validation_MAE,Test_MAE,Train_MAPE,Validation_MAPE,Test_MAPE
Model_1,24889.306640625,29154.83984375,30631.06640625,15907.5166015625,19023.759765625,19768.658203125,25.882217407226562,29.429779052734375,27.418947219848633
Model_2,23849.8203125,28534.900390625,29376.330078125,14172.9482421875,17308.763671875,17899.669921875,20.237083435058594,23.95752716064453,22.756877899169922
Ensemble,,28545.890625,29728.09375,,17748.556640625,18617.33984375,,26.191049575805664,24.801132202148438
