Lag,MAE,RMSE,MAPE
3.0,125.45804447892671,301.0017528768238,0.1576125769750936
