Lag,MAE,RMSE,MAPE
3.0,159235.91662832577,223072.25392376044,100.0
