Lag,MAE,RMSE,MAPE
3.0,156168.88147623834,226417.16906722583,100.0
