Country,RMSE,MAPE,MAE
CA,4378.685589193781,inf,3302.686696880567
CH,2548.447400988578,,1762.0229709506068
CN,58055.33994151362,,34833.147339753756
DE,10948.377793956115,399.60132235586264,8752.42931342473
GB,7308.412044349981,2045.0001745289694,6087.993026929432
JP,28467.344154735387,,18391.87514119712
KR,11181.973083300345,,7103.5008950774
US,31549.072122478028,268.2288586630472,22410.28378934729
