RMSE,MAPE,MAE
26441.036758939237,,13519.814803104699
