Country,RMSE,MAE,MAPE
CA,4378.685589193781,3302.686696880566,583.881713144397
CH,2548.447400988578,1762.0229709506064,287.8828445735347
CN,58055.33994151362,34833.147339753756,583.7161616001689
DE,10948.377793956117,8752.42931342473,399.60132235586264
GB,7308.412044349981,6087.993026929432,2045.0001745289694
JP,28467.34415473539,18391.87514119712,350.46481729687827
KR,11181.973083300345,7103.5008950774,187.784259486204
US,31549.072122478028,22410.283789347297,268.2288586630472
