Country,MAE,RMSE,MAPE
CA,105876.69967995257,108756.68609143718,378.1380457909159
KR,50048.90586888009,53840.062172765276,77.10171535923386
CH,19382.047153729156,31524.889143179433,156.96947094439136
DE,80916.47622591184,83668.0863966035,78.71314070293623
US,130731.93340838815,145151.05158185732,26.589240146189592
GB,108788.87438176197,113178.2996898372,218.31359208799927
CN,212107.7743632031,235514.27171228407,85.47197366092566
JP,151029.91375935153,152687.41658168286,92.30397413687841
