Country,MAE,RMSE,MAPE
JP,277.25802493863364,464.4303605954716,0.17698678507224389
CA,86.3052388598802,168.40451298319886,0.3142050293966203
DE,267.0740174810159,413.79443686796225,0.2528107130356621
US,170.35286111096875,420.1107086753712,0.04013800774157114
CN,394.7061735141115,881.92805925722,0.2678841429410621
KR,241.41898019861358,528.9692943446064,0.34650421994577785
CH,75.17934623507054,80.52663715361594,0.5230514514753036
GB,109.33632920865325,218.21420008349975,0.2070002274955815
