Lag,MAE,RMSE,MAPE
3.0,210.58213819609196,471.03256147586495,0.24216098904062514
