Country,Models,RMSE,MAE,MAPE
0,"['Model_1', 'Model_2', 'Ensemble']","[2345.908447265625, 1948.85986328125, 841.246337890625]","[1353.4127197265625, 992.53515625, 698.1122436523438]","[4.8253631591796875, 3.586749792098999, 2.487204074859619]"
1,"['Model_1', 'Model_2', 'Ensemble']","[2134.594482421875, 1674.3486328125, 1220.034423828125]","[1857.9638671875, 1220.1236572265625, 892.061279296875]","[13.116456985473633, 8.674729347229004, 6.456584453582764]"
2,"['Model_1', 'Model_2', 'Ensemble']","[9508.255859375, 5023.49169921875, 6878.31396484375]","[7384.52490234375, 2957.949462890625, 4989.294921875]","[3.460462808609009, 1.1076027154922485, 2.2219300270080566]"
3,"['Model_1', 'Model_2', 'Ensemble']","[6668.85791015625, 4817.958984375, 5152.8974609375]","[3307.417236328125, 2300.0556640625, 2543.2919921875]","[3.473759889602661, 2.446221351623535, 2.7127928733825684]"
4,"['Model_1', 'Model_2', 'Ensemble']","[6787.20654296875, 7512.31884765625, 6048.88720703125]","[4345.5166015625, 3429.614501953125, 3653.051025390625]","[8.638294219970703, 7.767242908477783, 7.755540370941162]"
5,"['Model_1', 'Model_2', 'Ensemble']","[8649.08984375, 3959.69921875, 5801.52587890625]","[6107.78076171875, 2556.44091796875, 3897.93994140625]","[3.7321977615356445, 1.5559251308441162, 2.380131244659424]"
6,"['Model_1', 'Model_2', 'Ensemble']","[4359.02294921875, 1936.701904296875, 2488.567626953125]","[2812.070556640625, 942.6650390625, 1668.6514892578125]","[4.828922271728516, 1.4699370861053467, 2.8191545009613037]"
7,"['Model_1', 'Model_2', 'Ensemble']","[7423.80126953125, 5548.16796875, 6284.974609375]","[4598.71875, 3514.875732421875, 3980.8994140625]","[1.0051474571228027, 0.7335578203201294, 0.8516453504562378]"
