Model,RMSE,MAE,MAPE
Model_1,6759.61669921875,4137.185546875,4.772084578871727
Model_2,4639.78369140625,2309.08740234375,2.9931874945759773
Ensemble,5070.54638671875,2931.764892578125,3.2428614795207977
XGBoost,74647.0380718893,52690.332394018915,200.9644631873844
Meta-Model,6743.14990234375,3318.817138671875,208.23097229003906
