Model,Train_RMSE,Validation_RMSE,Test_RMSE,Train_MAE,Validation_MAE,Test_MAE,Train_MAPE,Validation_MAPE,Test_MAPE
Model_1,4123.90625,9170.21875,6759.61669921875,2582.110107421875,4192.18603515625,4137.185546875,3.0681686401367188,5.650864124298096,4.772085189819336
Model_2,1226.7081298828125,7513.53515625,4639.783203125,879.479248046875,2625.81103515625,2309.08740234375,0.8960553407669067,3.897412061691284,2.993187427520752
Ensemble,,7509.47900390625,5070.54638671875,,3087.740478515625,2931.764892578125,,3.855346918106079,3.24286150932312
