Country,MAE,RMSE,MAPE
KR,254922.12537621704,337029.8217530709,446.89447982529487
DE,248143.37741151048,325076.50680728775,240.6526954389924
GB,439819.7474729194,618218.7797677884,787.9467333870979
JP,904999.3997409191,1220871.1407681424,552.9518069219477
CA,144607.11960868022,200826.56968648452,512.7127473857644
US,2501315.4426909,3440541.7909348644,481.5867208497587
CN,1419593.5639776948,1764316.052847555,680.1847216683213
CH,342411.8317367037,810214.1594490627,2516.4638244074413
