Lag,MAE,RMSE,MAPE
3.0,850771.1441617787,1521572.04396445,510.01384829257034
