Lag,MAE,RMSE,MAPE
3.0,797411.0454185874,1511485.4483390842,621.8197543347474
