Model,RMSE,MAE,MAPE
Model_1,3847.6826171875,2068.464111328125,1.4626359567046165
Model_2,3866.04541015625,2079.51806640625,1.4681202359497547
Ensemble,3856.807861328125,2073.857666015625,1.464667171239853
XGBoost,41675.27539736186,36877.6321965209,189.45776928919088
Meta-Model,5357.466796875,2402.412109375,208.0108880996704
