Country,Models,RMSE,MAE,MAPE
0,"['Model_1', 'Model_2', 'Ensemble']","[273.1884765625, 397.6135559082031, 329.5547180175781]","[170.4240264892578, 322.45599365234375, 244.98452758789062]","[0.6021532416343689, 1.1450260877609253, 0.8681805729866028]"
1,"['Model_1', 'Model_2', 'Ensemble']","[113.4716567993164, 236.88034057617188, 174.46823120117188]","[99.2357177734375, 200.91015625, 146.6971435546875]","[0.6903129816055298, 1.3902472257614136, 1.014592170715332]"
2,"['Model_1', 'Model_2', 'Ensemble']","[4153.2607421875, 3613.6923828125, 3773.29248046875]","[3686.206298828125, 2496.97607421875, 3078.769775390625]","[1.8175674676895142, 1.3606898784637451, 1.5821181535720825]"
3,"['Model_1', 'Model_2', 'Ensemble']","[1204.2379150390625, 1310.3697509765625, 1214.461181640625]","[429.192138671875, 782.4205932617188, 509.6767883300781]","[0.38900667428970337, 0.6982821226119995, 0.4457128643989563]"
4,"['Model_1', 'Model_2', 'Ensemble']","[2638.53466796875, 2691.162841796875, 2658.10888671875]","[667.7783203125, 1000.7315673828125, 826.7388916015625]","[1.150109887123108, 1.8194804191589355, 1.470241904258728]"
5,"['Model_1', 'Model_2', 'Ensemble']","[1599.8515625, 1826.6866455078125, 1625.7786865234375]","[643.0170288085938, 1367.81103515625, 878.8458862304688]","[0.39153969287872314, 0.8290897011756897, 0.5334742069244385]"
6,"['Model_1', 'Model_2', 'Ensemble']","[1588.9598388671875, 1614.797119140625, 1581.2847900390625]","[784.7739868164062, 559.20654296875, 600.4935302734375]","[1.2690379619598389, 0.8900496959686279, 1.0032920837402344]"
7,"['Model_1', 'Model_2', 'Ensemble']","[7874.59765625, 9142.4765625, 8362.1181640625]","[2726.907470703125, 4923.99462890625, 3301.6318359375]","[0.47753262519836426, 0.9130130410194397, 0.5865368843078613]"
