Model,RMSE,MAE,MAPE
Model_1,3720.89306640625,1205.6318359375,0.802298542112112
Model_2,4147.548828125,1646.926025390625,1.0634838603436947
Ensemble,3857.494873046875,1292.5262451171875,0.8723599836230278
XGBoost,41724.72823391137,35867.773523565564,194.43380124446134
Meta-Model,5614.09814453125,2363.944091796875,209.6668004989624
