Model,Train_RMSE,Validation_RMSE,Test_RMSE,Train_MAE,Validation_MAE,Test_MAE,Train_MAPE,Validation_MAPE,Test_MAPE
Model_1,3457.462646484375,4423.56005859375,3720.89306640625,1230.760498046875,1350.263427734375,1205.6318359375,0.8992261290550232,0.9231709837913513,0.802298367023468
Model_2,3767.302001953125,4872.2724609375,4147.548828125,1562.2679443359375,1766.0355224609375,1646.926025390625,1.1341198682785034,1.1785330772399902,1.0634840726852417
Ensemble,,4590.716796875,3857.494873046875,,1449.556640625,1292.5262451171875,,1.000133752822876,0.8723598718643188
