Country,Models,RMSE,MAE,MAPE
0,"['Model_1', 'Model_2', 'Ensemble']","[1986.6517333984375, 1517.34814453125, 1445.9454345703125]","[1397.0618896484375, 1264.4400634765625, 1040.0828857421875]","[4.978190898895264, 4.538582801818848, 3.7095823287963867]"
1,"['Model_1', 'Model_2', 'Ensemble']","[1859.8076171875, 2082.789306640625, 1652.630615234375]","[1692.65380859375, 1694.012939453125, 1375.3355712890625]","[11.69743537902832, 12.26492977142334, 9.647520065307617]"
2,"['Model_1', 'Model_2', 'Ensemble']","[29907.2890625, 26402.98828125, 27401.291015625]","[23734.1875, 20729.859375, 21472.5859375]","[17.607717514038086, 15.246529579162598, 16.192718505859375]"
3,"['Model_1', 'Model_2', 'Ensemble']","[4788.31884765625, 4311.36083984375, 3347.16357421875]","[3941.335205078125, 3396.130615234375, 2428.41064453125]","[3.8513846397399902, 3.384671449661255, 2.485869884490967]"
4,"['Model_1', 'Model_2', 'Ensemble']","[8069.2001953125, 11185.322265625, 9204.3330078125]","[4785.2265625, 4152.06396484375, 4203.01953125]","[9.832847595214844, 9.50153636932373, 9.13077449798584]"
5,"['Model_1', 'Model_2', 'Ensemble']","[5228.7783203125, 5846.17724609375, 4523.66943359375]","[4440.16796875, 4961.53173828125, 3697.0732421875]","[2.700734853744507, 3.0472371578216553, 2.266702175140381]"
6,"['Model_1', 'Model_2', 'Ensemble']","[6333.3955078125, 6260.609375, 5682.4375]","[4967.59765625, 5042.62646484375, 4428.81201171875]","[8.382451057434082, 8.10529613494873, 7.353898048400879]"
7,"['Model_1', 'Model_2', 'Ensemble']","[10468.2998046875, 10864.740234375, 9872.302734375]","[6628.994140625, 8773.162109375, 6828.60205078125]","[1.3527591228485107, 1.8161532878875732, 1.3980293273925781]"
