Model,Train_RMSE,Validation_RMSE,Test_RMSE,Train_MAE,Validation_MAE,Test_MAE,Train_MAPE,Validation_MAPE,Test_MAPE
Model_1,10563.6787109375,11517.9443359375,12061.390625,5718.43212890625,5820.35009765625,6584.509765625,5.880603790283203,6.646114349365234,7.050579071044922
Model_2,10727.359375,9968.0517578125,11423.7861328125,5706.06689453125,5635.01123046875,6374.78955078125,5.287341594696045,6.0032172203063965,6.687374591827393
Ensemble,,10296.4287109375,11174.4482421875,,5065.97705078125,5769.28076171875,,5.240810871124268,6.1021013259887695
