Lag,MAE,RMSE,MAPE
3.0,39110.63850618169,47040.81170895861,68.24742659320165
