Country,Models,RMSE,MAE,MAPE
0,"['Model_1', 'Model_2', 'Ensemble']","[4988.31689453125, 4585.9482421875, 4773.96044921875]","[3892.58056640625, 3436.87255859375, 3664.72607421875]","[14.111948013305664, 12.471673965454102, 13.2918119430542]"
1,"['Model_1', 'Model_2', 'Ensemble']","[5354.53173828125, 1269.0396728515625, 3148.78857421875]","[4846.361328125, 1091.74267578125, 2826.86083984375]","[35.41197967529297, 7.545830249786377, 20.513408660888672]"
2,"['Model_1', 'Model_2', 'Ensemble']","[55889.23046875, 55906.15625, 55891.11328125]","[49748.94921875, 49798.78515625, 49773.87109375]","[29.780921936035156, 29.561973571777344, 29.67144203186035]"
3,"['Model_1', 'Model_2', 'Ensemble']","[5143.62548828125, 5171.4619140625, 4887.5048828125]","[3967.288330078125, 4105.88330078125, 3783.020751953125]","[3.8685965538024902, 3.8802568912506104, 3.66617488861084]"
4,"['Model_1', 'Model_2', 'Ensemble']","[7426.15869140625, 9395.564453125, 8351.3076171875]","[4936.6689453125, 5840.4833984375, 5387.94775390625]","[10.01319408416748, 12.377713203430176, 11.193864822387695]"
5,"['Model_1', 'Model_2', 'Ensemble']","[11165.7412109375, 12185.7138671875, 11643.5791015625]","[9287.7236328125, 9943.5986328125, 9581.8681640625]","[5.650388240814209, 6.061740398406982, 5.836484432220459]"
6,"['Model_1', 'Model_2', 'Ensemble']","[7873.56494140625, 7368.47314453125, 7593.7353515625]","[6593.42578125, 6164.76171875, 6336.8525390625]","[11.019243240356445, 10.32669448852539, 10.604068756103516]"
7,"['Model_1', 'Model_2', 'Ensemble']","[13310.3759765625, 8596.431640625, 10108.3798828125]","[11433.7734375, 6574.2998046875, 8827.1904296875]","[2.4567859172821045, 1.4280822277069092, 1.902455449104309]"
