Model,RMSE,MAE,MAPE
Model_1,21159.369140625,11808.62109375,11.887665092945099
Model_2,20995.716796875,11167.501953125,10.381898283958435
Ensemble,20980.830078125,11409.2861328125,11.035190522670746
XGBoost,75002.95525789296,52589.96134355057,200.51972524099804
Meta-Model,8787.544921875,4192.1103515625,207.55784511566162
