Model,Train_RMSE,Validation_RMSE,Test_RMSE,Train_MAE,Validation_MAE,Test_MAE,Train_MAPE,Validation_MAPE,Test_MAPE
Model_1,18690.650390625,22624.7890625,21159.369140625,10712.0830078125,12333.1826171875,11808.62109375,10.314711570739746,11.520813941955566,11.887664794921875
Model_2,18353.455078125,21561.96484375,20995.716796875,10134.24609375,11588.9453125,11167.501953125,9.153521537780762,10.213762283325195,10.381897926330566
Ensemble,,21987.140625,20980.830078125,,11863.404296875,11409.2861328125,,10.672049522399902,11.035192489624023
