Country,Models,RMSE,MAE,MAPE
0,"['Model_1', 'Model_2', 'Ensemble']","[453.37530517578125, 373.0681457519531, 405.47967529296875]","[337.5064392089844, 303.4402770996094, 316.8783264160156]","[1.208292841911316, 1.0807750225067139, 1.1315116882324219]"
1,"['Model_1', 'Model_2', 'Ensemble']","[439.0940856933594, 418.1872253417969, 425.3320617675781]","[315.7740478515625, 287.7530517578125, 289.7593994140625]","[2.400360345840454, 2.219977855682373, 2.240584373474121]"
2,"['Model_1', 'Model_2', 'Ensemble']","[3971.584228515625, 4049.101806640625, 3974.042724609375]","[2993.270263671875, 3486.0634765625, 3233.549560546875]","[1.3200527429580688, 1.6870168447494507, 1.5001908540725708]"
3,"['Model_1', 'Model_2', 'Ensemble']","[1819.9427490234375, 1742.6771240234375, 1771.8592529296875]","[749.9869995117188, 686.8215942382812, 700.4788818359375]","[0.6807370781898499, 0.6379265189170837, 0.6416426301002502]"
4,"['Model_1', 'Model_2', 'Ensemble']","[2784.746826171875, 2810.28076171875, 2793.91943359375]","[1036.2706298828125, 961.0353393554688, 990.62451171875]","[1.9361274242401123, 1.7591840028762817, 1.8328170776367188]"
5,"['Model_1', 'Model_2', 'Ensemble']","[2247.07763671875, 1772.1929931640625, 1976.6845703125]","[1680.5379638671875, 880.8568725585938, 1268.300048828125]","[1.0157536268234253, 0.5331242680549622, 0.7666635513305664]"
6,"['Model_1', 'Model_2', 'Ensemble']","[1550.244384765625, 1488.94775390625, 1513.8590087890625]","[997.5400390625, 806.5719604492188, 899.9625854492188]","[1.441109538078308, 1.190169095993042, 1.3114696741104126]"
7,"['Model_1', 'Model_2', 'Ensemble']","[6563.42431640625, 6645.68359375, 6602.310546875]","[2998.69482421875, 2948.03564453125, 2972.72314453125]","[0.5494178533554077, 0.5367163419723511, 0.5429242849349976]"
