Model,Train_RMSE,Validation_RMSE,Test_RMSE,Train_MAE,Validation_MAE,Test_MAE,Train_MAPE,Validation_MAPE,Test_MAPE
Model_1,3372.41357421875,3978.743896484375,3370.29638671875,1429.431396484375,1544.9227294921875,1488.2337646484375,1.2099241018295288,1.2738440036773682,1.1486269235610962
Model_2,3275.0947265625,3913.431396484375,3356.286865234375,1315.9696044921875,1415.8486328125,1363.173583984375,1.0757739543914795,1.0961929559707642,1.0289627313613892
Ensemble,,3934.09912109375,3352.35595703125,,1472.3709716796875,1418.0025634765625,,1.1711875200271606,1.0783332586288452
