Lag,MAE,RMSE,MAPE
3.0,113099.10558662478,132184.96120101068,141.10133539258314
