Lag,MAE,RMSE,MAPE
3.0,40.76370028816719,76.55727303793306,0.060660853754313265
