Lag,MAE,RMSE,MAPE
3.0,568.4668701742485,2732.9795560986154,0.5236389213936182
