Country,MAE,RMSE,MAPE
JP,552903.7526246114,731278.3826239795,354.38676820431255
CA,101526.90199177979,131099.0883948729,380.86286294927805
DE,459356.01397847343,514348.7870898758,437.36566333873947
US,2207164.9116177093,4559628.458518822,476.88141870954246
CN,6175430.14177137,21461145.491607897,3300.8466867925827
KR,317105.5433138609,464866.6810485386,477.45555812094204
CH,67980.7566609352,101296.21819386995,432.69509441906484
GB,439702.10163255385,2680006.871644861,732.3965709945641
