Lag,MAE,RMSE,MAPE
3.0,939187.9215216475,4344650.328270302,607.0101159725768
