Country,Models,RMSE,MAE,MAPE
0,"['Model_1', 'Model_2', 'Ensemble']","[286.6357421875, 286.6947021484375, 286.6603698730469]","[125.60336303710938, 125.28140258789062, 125.35017395019531]","[0.43982043862342834, 0.4386597275733948, 0.43889492750167847]"
1,"['Model_1', 'Model_2', 'Ensemble']","[178.7572021484375, 176.69126892089844, 177.7230987548828]","[177.0924072265625, 174.90185546875, 175.9969482421875]","[1.1906695365905762, 1.1750614643096924, 1.1828649044036865]"
2,"['Model_1', 'Model_2', 'Ensemble']","[4135.08447265625, 4125.14111328125, 4130.10546875]","[3613.815673828125, 3602.53076171875, 3608.174560546875]","[1.7646256685256958, 1.7612645626068115, 1.762945532798767]"
3,"['Model_1', 'Model_2', 'Ensemble']","[1164.68212890625, 1162.5504150390625, 1163.60986328125]","[617.7160034179688, 611.3018188476562, 614.4956665039062]","[0.5623663067817688, 0.5562362670898438, 0.5592891573905945]"
4,"['Model_1', 'Model_2', 'Ensemble']","[2980.180908203125, 2980.32373046875, 2980.251708984375]","[740.91259765625, 739.4989013671875, 740.2060546875]","[1.2553281784057617, 1.2536823749542236, 1.2545056343078613]"
5,"['Model_1', 'Model_2', 'Ensemble']","[1624.767822265625, 1621.946533203125, 1623.3541259765625]","[851.2592163085938, 845.104736328125, 848.1825561523438]","[0.5176962018013, 0.5139722228050232, 0.5158345699310303]"
6,"['Model_1', 'Model_2', 'Ensemble']","[1697.643310546875, 1697.4510498046875, 1697.5455322265625]","[910.6906127929688, 906.8085327148438, 908.7501831054688]","[1.4265892505645752, 1.4196711778640747, 1.4231305122375488]"
7,"['Model_1', 'Model_2', 'Ensemble']","[8295.3779296875, 8298.11328125, 8296.7265625]","[3719.186767578125, 3694.664306640625, 3706.924560546875]","[0.6753796935081482, 0.6702592372894287, 0.6728192567825317]"
