Model,Train_RMSE,Validation_RMSE,Test_RMSE,Train_MAE,Validation_MAE,Test_MAE,Train_MAPE,Validation_MAPE,Test_MAPE
Model_1,3572.8115234375,4620.67529296875,3904.819091796875,1396.4034423828125,1581.2694091796875,1448.2353515625,0.9516210556030273,0.986417829990387,0.9064375162124634
Model_2,3571.264892578125,4621.68896484375,3904.44580078125,1389.7696533203125,1574.6376953125,1440.2391357421875,0.9471392035484314,0.9813451170921326,0.9019309878349304
Ensemble,,4621.177734375,3904.623779296875,,1577.9239501953125,1444.2237548828125,,0.9837748408317566,0.9041398763656616
