Lag,MAE,RMSE,MAPE
3.0,543.5605007628146,1496.95973459981,0.7327329454545187
