Lag,MAE,RMSE,MAPE
3.0,159773.52135216366,223430.11585986175,100.87683296584432
