Lag,MAE,RMSE,MAPE
3.0,341.174463567577,594.9178966544248,0.6803780190383555
