Lag,MAE,RMSE,MAPE
3.0,16944.507509422427,25082.958618396577,23.951767935180605
