Country,google_share,MAPE
US,88,19.97798310547822
GB,93,18.387741894177992
DE,91,6.306469081594021
CH,92,11.1607903023394
CA,91,5.0242783190969
JP,77,2.4133076313718664
KR,55,25.084175912777056
CN,3,37.16150477104147
