Lag,MAE,RMSE,MAPE
3.0,549.9417148231767,2371.230065305375,0.5035769761769514
