Country,Models,RMSE,MAE,MAPE
0,"['Model_1', 'Model_2', 'Ensemble']","[286.8564453125, 286.78094482421875, 286.7967224121094]","[125.2999038696289, 125.96499633789062, 125.5233383178711]","[0.4387565851211548, 0.44113945960998535, 0.4395396411418915]"
1,"['Model_1', 'Model_2', 'Ensemble']","[174.53392028808594, 179.6459197998047, 177.08810424804688]","[172.8111572265625, 178.064453125, 175.4378662109375]","[1.1612374782562256, 1.1976605653762817, 1.1794495582580566]"
2,"['Model_1', 'Model_2', 'Ensemble']","[4125.4833984375, 4142.68701171875, 4134.01123046875]","[3602.933349609375, 3621.7197265625, 3612.3232421875]","[1.7621036767959595, 1.766648292541504, 1.7643743753433228]"
3,"['Model_1', 'Model_2', 'Ensemble']","[1162.4906005859375, 1166.788818359375, 1164.614990234375]","[610.9629516601562, 623.9893188476562, 617.475830078125]","[0.5558570623397827, 0.5683084726333618, 0.5620824098587036]"
4,"['Model_1', 'Model_2', 'Ensemble']","[2979.871826171875, 2980.043212890625, 2979.954345703125]","[738.7369995117188, 741.2039184570312, 739.9697265625]","[1.25178861618042, 1.254681944847107, 1.2532341480255127]"
5,"['Model_1', 'Model_2', 'Ensemble']","[1621.6669921875, 1627.515625, 1624.5750732421875]","[844.0, 856.4435424804688, 850.2222900390625]","[0.5133010149002075, 0.5208271741867065, 0.5170644521713257]"
6,"['Model_1', 'Model_2', 'Ensemble']","[1697.4652099609375, 1697.7464599609375, 1697.5992431640625]","[906.3439331054688, 914.0581665039062, 910.2003784179688]","[1.418465256690979, 1.4322394132614136, 1.425351619720459]"
7,"['Model_1', 'Model_2', 'Ensemble']","[8296.86328125, 8292.677734375, 8294.7177734375]","[3702.729736328125, 3746.281982421875, 3724.509765625]","[0.6718970537185669, 0.681038498878479, 0.6764683127403259]"
