Model,RMSE,MAE,MAPE
Model_1,3929.891845703125,1546.438720703125,0.9621437638998032
Model_2,3940.39404296875,1613.7408447265625,0.9948995895683765
Ensemble,3934.710693359375,1580.0587158203125,0.9784800000488758
XGBoost,43512.468233094136,36923.801443903256,193.43205420429496
Meta-Model,5429.61767578125,2300.27880859375,209.79173183441162
