Model,Train_RMSE,Validation_RMSE,Test_RMSE,Train_MAE,Validation_MAE,Test_MAE,Train_MAPE,Validation_MAPE,Test_MAPE
Model_1,3570.9189453125,4620.49169921875,3903.978759765625,1390.71484375,1575.26611328125,1441.178955078125,0.94663405418396,0.9801468849182129,0.9013646245002747
Model_2,3574.294189453125,4619.1640625,3904.94873046875,1402.68505859375,1587.3812255859375,1455.9107666015625,0.9554487466812134,0.9906741976737976,0.9101044535636902
Ensemble,,4619.8056640625,3904.4326171875,,1581.2808837890625,1448.53173828125,,0.9852217435836792,0.9056839942932129
