Country,MAE,RMSE,MAPE
JP,161314.09415684003,161767.65323373093,99.99441909927616
CA,27499.321963091425,27630.410658778845,99.96704289717013
DE,105911.76556617105,107331.14966695754,99.99131094495591
US,496614.28918892745,507696.4507969925,99.99811603748623
CN,257701.31886723987,290724.3695258613,102.26279509322495
KR,68589.64348802123,72831.51534559824,99.98489348070439
CH,15485.9439386885,15657.535653724679,99.94087581627856
GB,52326.44324198699,54770.3363483548,99.98136697384922
