Lag,MAE,RMSE,MAPE
3.0,156636.9574603014,227436.17471708264,100.24586687232416
