Country,Models,RMSE,MAE,MAPE
0,"['Model_1', 'Model_2', 'Ensemble']","[284.42620849609375, 292.36474609375, 276.89813232421875]","[205.6055145263672, 175.9023895263672, 187.6422119140625]","[0.7306917309761047, 0.6185466647148132, 0.6637639999389648]"
1,"['Model_1', 'Model_2', 'Ensemble']","[72.46045684814453, 352.9273681640625, 204.2633819580078]","[54.4818115234375, 311.394775390625, 177.8682861328125]","[0.3818804919719696, 2.2796950340270996, 1.3013023138046265]"
2,"['Model_1', 'Model_2', 'Ensemble']","[6179.66650390625, 4185.9658203125, 4995.02587890625]","[5603.98095703125, 3509.9833984375, 4403.302734375]","[2.2635698318481445, 1.718299150466919, 1.9467023611068726]"
3,"['Model_1', 'Model_2', 'Ensemble']","[1276.8968505859375, 1472.8018798828125, 1356.5423583984375]","[679.05078125, 868.4566040039062, 771.6416625976562]","[0.6302890181541443, 0.8270062208175659, 0.7267966270446777]"
4,"['Model_1', 'Model_2', 'Ensemble']","[2667.346923828125, 2963.146240234375, 2810.95068359375]","[667.9061279296875, 827.7976684570312, 739.0354614257812]","[1.1102534532546997, 1.4580903053283691, 1.2630664110183716]"
5,"['Model_1', 'Model_2', 'Ensemble']","[1643.8218994140625, 1810.6141357421875, 1714.814697265625]","[1021.2340087890625, 984.047607421875, 989.7006225585938]","[0.6195462942123413, 0.5952929854393005, 0.5998554825782776]"
6,"['Model_1', 'Model_2', 'Ensemble']","[1613.0518798828125, 1561.8399658203125, 1566.1597900390625]","[814.4226684570312, 1065.0064697265625, 933.1035766601562]","[1.2702081203460693, 1.681918978691101, 1.4625376462936401]"
7,"['Model_1', 'Model_2', 'Ensemble']","[5114.40478515625, 6580.26513671875, 5745.01708984375]","[2671.07666015625, 3080.7353515625, 2845.2431640625]","[0.5042439699172974, 0.5633546113967896, 0.527267336845398]"
