Model,RMSE,MAE,MAPE
Model_1,3179.820556640625,1493.6461181640625,0.9289099834859371
Model_2,3352.635986328125,1437.5545654296875,1.052550319582224
Ensemble,3172.627685546875,1440.3349609375,0.977101270109415
XGBoost,41724.72823391137,35867.773523565564,194.43380124446134
Meta-Model,4818.185546875,1990.5723876953125,209.6059799194336
