Model,Train_RMSE,Validation_RMSE,Test_RMSE,Train_MAE,Validation_MAE,Test_MAE,Train_MAPE,Validation_MAPE,Test_MAPE
Model_1,3326.1328125,3453.685791015625,3179.82080078125,1500.23291015625,1526.3809814453125,1493.6458740234375,1.0196032524108887,1.114714503288269,0.928909957408905
Model_2,3260.56396484375,3932.241943359375,3352.6357421875,1373.0089111328125,1518.8760986328125,1437.5545654296875,1.03477942943573,1.1693493127822876,1.0525503158569336
Ensemble,,3621.927734375,3172.627685546875,,1470.5594482421875,1440.3349609375,,1.055915117263794,0.9771013855934143
