n,MAPE,RMSE,R2
23.0,13.915594240118825,70.03476626176437,0.8941144650230607
