n,MAPE,RMSE,R2,target,target_train_mean,target_train_sd
23.0,62.20092981340041,121.51832952772614,0.681218690959698,globally standardized GERD level,137.23925944909837,138.20291691091523
