method,minimum_monthly_estimate,maximum_monthly_estimate,negative_months,employment_lag0_r,employment_lags_p_lt_01
Raw_scale,5.52725931651922,105.87222425057904,0,-0.0963383323396412,8
Standardized_input,-18.60478976611587,158.2347393487376,9,-0.041689085054183235,0
