n,MAPE,RMSE,R2,target
23.0,15.769770155424204,72.76969917219432,0.8856831030787754,within-country level-standardized GERD
