Model,Train_RMSE,Validation_RMSE,Test_RMSE,Train_MAE,Validation_MAE,Test_MAE,Train_MAPE,Validation_MAPE,Test_MAPE
Model_1,3412.275146484375,4032.418701171875,3519.86474609375,1566.17529296875,1573.1292724609375,1610.766845703125,1.1917754411697388,1.0829452276229858,1.0572874546051025
Model_2,3363.43310546875,4035.98583984375,3463.2578125,1456.54443359375,1479.4796142578125,1467.671142578125,1.1725245714187622,1.098266839981079,1.0154320001602173
Ensemble,,4032.472412109375,3486.25634765625,,1525.6490478515625,1539.21875,,1.0903289318084717,1.0363599061965942
