Lag,MAE,RMSE,MAPE
3.0,14090.429611904083,22269.065970465068,19.517241071983587
