Country,Models,RMSE,MAE,MAPE
0,"['Model_1', 'Model_2', 'Ensemble']","[275.0407409667969, 275.0582275390625, 275.0493469238281]","[110.72846221923828, 110.7989273071289, 110.76336669921875]","[0.3823893964290619, 0.382663756608963, 0.38252541422843933]"
1,"['Model_1', 'Model_2', 'Ensemble']","[181.10324096679688, 183.3605499267578, 182.23155212402344]","[180.8699951171875, 183.1431884765625, 182.00634765625]","[1.2312997579574585, 1.2471919059753418, 1.2392442226409912]"
2,"['Model_1', 'Model_2', 'Ensemble']","[4190.7783203125, 4188.0380859375, 4189.34912109375]","[3685.6669921875, 3681.134033203125, 3683.399658203125]","[1.795167326927185, 1.791961431503296, 1.7935640811920166]"
3,"['Model_1', 'Model_2', 'Ensemble']","[1178.4117431640625, 1178.5968017578125, 1178.5028076171875]","[634.0523681640625, 634.9231567382812, 634.4874267578125]","[0.5728557109832764, 0.5738458633422852, 0.5733505487442017]"
4,"['Model_1', 'Model_2', 'Ensemble']","[2985.96142578125, 2986.465576171875, 2986.213134765625]","[705.8397216796875, 706.10888671875, 705.9742431640625]","[1.1851096153259277, 1.1857082843780518, 1.1854084730148315]"
5,"['Model_1', 'Model_2', 'Ensemble']","[1662.9991455078125, 1662.1466064453125, 1662.5706787109375]","[891.4808349609375, 889.5802612304688, 890.5302124023438]","[0.5417494177818298, 0.5406010746955872, 0.5411749482154846]"
6,"['Model_1', 'Model_2', 'Ensemble']","[1688.9774169921875, 1688.869140625, 1688.9222412109375]","[930.2581787109375, 930.6436157226562, 930.4501953125]","[1.4976072311401367, 1.4996154308319092, 1.4986106157302856]"
7,"['Model_1', 'Model_2', 'Ensemble']","[8241.6708984375, 8244.3896484375, 8243.02734375]","[3865.82666015625, 3854.871337890625, 3860.271484375]","[0.7061856985092163, 0.7040039300918579, 0.7050777077674866]"
