Model,RMSE,MAE,MAPE
Model_1,3894.95361328125,1484.68017578125,0.9146262891590595
Model_2,3895.612060546875,1482.454833984375,0.9147563017904758
Ensemble,3895.275146484375,1483.55419921875,0.914688128978014
XGBoost,43512.468233094136,36923.801443903256,193.43205420429496
Meta-Model,5428.18701171875,2358.06640625,209.67869758605957
