Country,Models,RMSE,MAE,MAPE
0,"['Model_1', 'Model_2', 'Ensemble']","[38584.046875, 111722.7265625, 75149.375]","[38558.34375, 111713.4453125, 75135.8984375]","[137.9451446533203, 399.2153015136719, 268.5802307128906]"
1,"['Model_1', 'Model_2', 'Ensemble']","[51730.9453125, 124772.0, 88244.9296875]","[51676.95703125, 124749.6171875, 88213.296875]","[357.2945556640625, 858.8403930664062, 608.0674438476562]"
2,"['Model_1', 'Model_2', 'Ensemble']","[138152.25, 191976.078125, 160651.75]","[124475.5234375, 156145.859375, 136334.453125]","[55.02796936035156, 47.78630447387695, 49.22578811645508]"
3,"['Model_1', 'Model_2', 'Ensemble']","[43256.97265625, 36679.89453125, 16381.6083984375]","[40195.796875, 33014.40234375, 14429.2294921875]","[36.14243698120117, 34.026283264160156, 13.677014350891113]"
4,"['Model_1', 'Model_2', 'Ensemble']","[20531.39453125, 88285.265625, 52611.6015625]","[17144.53515625, 86958.40625, 50353.3125]","[40.478363037109375, 185.87730407714844, 111.0425796508789]"
5,"['Model_1', 'Model_2', 'Ensemble']","[68559.984375, 26309.029296875, 22242.21875]","[68277.8125, 25564.658203125, 21356.57421875]","[41.48579025268555, 15.33328628540039, 13.076250076293945]"
6,"['Model_1', 'Model_2', 'Ensemble']","[26577.5078125, 76952.53125, 44430.7890625]","[23373.947265625, 72223.9609375, 36584.09765625]","[43.73297882080078, 148.53070068359375, 84.34858703613281]"
7,"['Model_1', 'Model_2', 'Ensemble']","[276032.125, 365686.34375, 320622.3125]","[262881.65625, 355864.46875, 309373.0625]","[51.71464157104492, 70.92786407470703, 61.321250915527344]"
