Model,RMSE,MAE,MAPE
Model_1,126063.46875,84174.7421875,63.819754123687744
Model_2,172839.609375,122085.125,140.69125652313232
Ensemble,145610.796875,93434.890625,94.19605135917664
XGBoost,41724.72823391137,35867.773523565564,194.43380124446134
Meta-Model,10709.6044921875,6558.07275390625,209.66157913208008
