Model,Train_RMSE,Validation_RMSE,Test_RMSE,Train_MAE,Validation_MAE,Test_MAE,Train_MAPE,Validation_MAPE,Test_MAPE
Model_1,116384.7578125,125721.6875,126063.46875,77142.1015625,78102.765625,84174.734375,71.9471664428711,77.88340759277344,63.81975555419922
Model_2,160379.96875,169930.90625,172839.625,114928.4921875,117451.7265625,122085.140625,161.67564392089844,181.7003173828125,140.69126892089844
Ensemble,,143876.375,145610.796875,,88784.71875,93434.890625,,122.41703033447266,94.19603729248047
