Country,Models,RMSE,MAE,MAPE
0,"['Model_1', 'Model_2', 'Ensemble']","[280.98681640625, 279.87603759765625, 280.42852783203125]","[161.2747802734375, 159.49835205078125, 160.37762451171875]","[0.562597930431366, 0.5562102198600769, 0.5593717098236084]"
1,"['Model_1', 'Model_2', 'Ensemble']","[330.597900390625, 325.89068603515625, 328.24383544921875]","[320.2447509765625, 315.8524169921875, 318.04833984375]","[2.1119930744171143, 2.0838303565979004, 2.097910165786743]"
2,"['Model_1', 'Model_2', 'Ensemble']","[7192.3330078125, 7195.51708984375, 7193.87744140625]","[5640.06640625, 5656.85888671875, 5648.462890625]","[2.285060405731201, 2.2960760593414307, 2.2905681133270264]"
3,"['Model_1', 'Model_2', 'Ensemble']","[1378.337890625, 1366.235107421875, 1372.1845703125]","[888.7567749023438, 863.3797607421875, 876.0684204101562]","[0.811524510383606, 0.7871714234352112, 0.7993481159210205]"
4,"['Model_1', 'Model_2', 'Ensemble']","[3102.971923828125, 3102.672119140625, 3102.821044921875]","[845.5888671875, 843.11962890625, 844.3243408203125]","[1.3932017087936401, 1.3874562978744507, 1.3902817964553833]"
5,"['Model_1', 'Model_2', 'Ensemble']","[2041.1962890625, 2024.725341796875, 2032.8919677734375]","[1522.0848388671875, 1495.4080810546875, 1508.745361328125]","[0.9231600761413574, 0.9069891571998596, 0.9150739908218384]"
6,"['Model_1', 'Model_2', 'Ensemble']","[1787.1942138671875, 1786.7679443359375, 1786.9771728515625]","[1265.40771484375, 1265.3543701171875, 1265.276611328125]","[2.015951156616211, 2.017896890640259, 2.0166163444519043]"
7,"['Model_1', 'Model_2', 'Ensemble']","[8064.12451171875, 8064.77880859375, 8064.4189453125]","[4643.93701171875, 4610.88916015625, 4627.4150390625]","[0.8621191382408142, 0.8553495407104492, 0.858734667301178]"
