Model,RMSE,MAE,MAPE
Model_1,4307.14990234375,2018.03857421875,1.229562982916832
Model_2,4306.0341796875,2005.3759765625,1.2210046872496605
Ensemble,4306.5615234375,2011.6878662109375,1.2252306565642357
XGBoost,43512.468233094136,36923.801443903256,193.43205420429496
Meta-Model,5713.34326171875,2530.90087890625,209.4200611114502
