Lag,MAE,RMSE,MAPE
1.0,809.2022598195903,3096.008776864641,0.7929074343559619
2.0,1003.4082686481088,3930.718298462405,0.8684221944561005
3.0,920.6429417528097,3711.750083936747,0.7852887021897847
