Country,MAE,RMSE,MAPE
JP,271.1058614388724,754.303549887417,0.1858362237288469
CA,56.86940597081923,196.6444571087228,0.2635631243091739
DE,155.92032680379208,496.6396485315923,0.15225752310471682
US,1026.6902294721874,2751.2090013726847,0.21802492781790658
CN,1164.4536491904728,3365.8165587387884,0.6022983360389538
KR,187.09079277337034,598.5118067045292,0.30100811139213834
CH,45.626176376126686,139.07615287820758,0.3388906432049262
GB,92.58382681420633,438.0545769307411,0.19243405051350776
