Lag,MAE,RMSE,MAPE
3.0,383.924147493624,1594.2525233028953,0.26890223762153986
