Lag,MAE,RMSE,MAPE
3.0,723.1120320325917,2916.032069048779,0.6309340248631372
