Lag,MAE,RMSE,MAPE
3.0,1756.2562677892959,3938.518567979085,1.2220332063210675
