Country,MAE,RMSE,MAPE
CA,1712.2585627568976,5609.660557872149,6.301182442883269
KR,4832.390707630053,7248.360155458081,8.059935790882074
CH,2115.8490382884283,3250.057021596458,15.00546656399032
DE,2310.9063489542377,3228.325936726502,2.1693298902575524
US,6287.735335726645,18885.23765345155,1.2985673444082912
GB,2748.930712460741,3796.5902286519095,5.513456161475429
CN,21312.487663910862,27965.16680549438,14.814347872346719
JP,3666.433370027992,5504.413134312258,2.267696036301481
