Lag,MAE,RMSE,MAPE
3.0,5559.9128932740705,12701.576675571592,5.979440552092543
