Lag,MAE,RMSE,MAPE
3.0,6310.430183787126,14173.58814567639,6.586424068389636
