Country,Models,RMSE,MAE,MAPE
0,"['Model_1', 'Model_2', 'Ensemble']","[8884.4267578125, 10020.86328125, 8373.2431640625]","[5207.1455078125, 7230.72314453125, 5637.6513671875]","[19.081478118896484, 26.99935531616211, 20.826148986816406]"
1,"['Model_1', 'Model_2', 'Ensemble']","[15145.1611328125, 18384.958984375, 16280.251953125]","[8337.05859375, 10823.2685546875, 8943.5947265625]","[60.789161682128906, 76.3386459350586, 63.968414306640625]"
2,"['Model_1', 'Model_2', 'Ensemble']","[18824.3671875, 12263.3671875, 14634.765625]","[11574.3115234375, 9675.62109375, 9816.419921875]","[10.943832397460938, 10.52880859375, 10.422961235046387]"
3,"['Model_1', 'Model_2', 'Ensemble']","[8997.2255859375, 11189.5615234375, 8793.2529296875]","[5115.7783203125, 4992.15478515625, 4005.95263671875]","[5.385093688964844, 5.474822044372559, 4.369248390197754]"
4,"['Model_1', 'Model_2', 'Ensemble']","[8495.806640625, 13767.6689453125, 9846.3466796875]","[6726.33056640625, 9286.1396484375, 7731.7880859375]","[13.955162048339844, 22.137248992919922, 17.47073745727539]"
5,"['Model_1', 'Model_2', 'Ensemble']","[6692.53857421875, 15844.3837890625, 10859.3837890625]","[3788.641845703125, 6325.40576171875, 4653.41064453125]","[2.656355619430542, 4.333559989929199, 3.2340855598449707]"
6,"['Model_1', 'Model_2', 'Ensemble']","[6480.876953125, 9205.5439453125, 6354.0634765625]","[4203.34619140625, 4914.16650390625, 3926.95751953125]","[11.028352737426758, 14.116425514221191, 10.858884811401367]"
7,"['Model_1', 'Model_2', 'Ensemble']","[15026.138671875, 14014.33984375, 13228.2705078125]","[10605.455078125, 10088.271484375, 9844.31640625]","[2.4773411750793457, 2.3456363677978516, 2.304680347442627]"
