Model,RMSE,MAE,MAPE
Model_1,11091.67578125,6528.4208984375,10.408809781074524
Model_2,12811.4990234375,7423.9404296875,13.60318660736084
Ensemble,10710.7763671875,6363.55615234375,11.012332141399384
XGBoost,73272.46972507177,51524.78360836923,185.3542111148618
Meta-Model,11804.5439453125,6238.2138671875,195.14511823654175
