Model,Train_RMSE,Validation_RMSE,Test_RMSE,Train_MAE,Validation_MAE,Test_MAE,Train_MAPE,Validation_MAPE,Test_MAPE
Model_1,5327.02001953125,9645.0439453125,11091.67578125,3510.457763671875,6582.24609375,6528.4208984375,7.094404220581055,12.295729637145996,10.408811569213867
Model_2,7272.70654296875,12049.751953125,12811.498046875,4505.392578125,7739.1533203125,7423.939453125,11.228748321533203,15.908161163330078,13.603188514709473
Ensemble,,9721.7529296875,10710.7763671875,,6645.140625,6363.556640625,,13.091323852539062,11.01233196258545
