Country,Models,RMSE,MAE,MAPE
0,"['Model_1', 'Model_2', 'Ensemble']","[6485.810546875, 5860.26708984375, 6139.39599609375]","[5501.697265625, 4935.3740234375, 5218.53564453125]","[20.25623321533203, 18.069265365600586, 19.162750244140625]"
1,"['Model_1', 'Model_2', 'Ensemble']","[2876.180419921875, 3015.1318359375, 2908.9638671875]","[2432.0615234375, 2378.5625, 2405.31201171875]","[16.525209426879883, 15.451732635498047, 15.988471031188965]"
2,"['Model_1', 'Model_2', 'Ensemble']","[63834.80859375, 64314.03515625, 64065.7734375]","[55043.48828125, 55411.35546875, 55213.78125]","[62.12428665161133, 62.20048141479492, 62.159210205078125]"
3,"['Model_1', 'Model_2', 'Ensemble']","[13323.162109375, 13437.16796875, 13142.3603515625]","[10283.171875, 10126.673828125, 10186.0830078125]","[10.711366653442383, 10.286433219909668, 10.479466438293457]"
4,"['Model_1', 'Model_2', 'Ensemble']","[7893.7734375, 7728.54541015625, 7704.03955078125]","[5505.13818359375, 5553.53466796875, 5431.1904296875]","[11.663634300231934, 11.372206687927246, 11.291349411010742]"
5,"['Model_1', 'Model_2', 'Ensemble']","[21591.748046875, 21034.181640625, 21264.677734375]","[16214.8056640625, 15321.3369140625, 15744.296875]","[13.830629348754883, 13.367846488952637, 13.582931518554688]"
6,"['Model_1', 'Model_2', 'Ensemble']","[12645.87890625, 12742.16796875, 12675.8154296875]","[9766.6162109375, 9731.4638671875, 9749.0400390625]","[25.296077728271484, 25.539134979248047, 25.4176082611084]"
7,"['Model_1', 'Model_2', 'Ensemble']","[33887.12890625, 34409.4453125, 34082.859375]","[20404.115234375, 21318.58203125, 20777.94140625]","[5.901634216308594, 6.019478797912598, 5.943576335906982]"
