Model,RMSE,MAE,MAPE
Model_1,27753.232421875,16325.2216796875,20.169511437416077
Model_2,27879.38671875,16222.0947265625,19.69335973262787
Ensemble,27772.27734375,16242.11328125,19.89484578371048
XGBoost,74757.03345276823,51665.04524587987,181.49895752831796
Meta-Model,18593.98828125,10683.7470703125,196.36822938919067
