Model,Train_RMSE,Validation_RMSE,Test_RMSE,Train_MAE,Validation_MAE,Test_MAE,Train_MAPE,Validation_MAPE,Test_MAPE
Model_1,21497.611328125,27868.357421875,27753.234375,12017.4248046875,16354.640625,16325.2216796875,17.306774139404297,21.864776611328125,20.169513702392578
Model_2,21769.76171875,28059.5,27879.3828125,12219.0869140625,16483.18359375,16222.091796875,17.043855667114258,21.461652755737305,19.693363189697266
Ensemble,,27936.998046875,27772.279296875,,16384.19921875,16242.115234375,,21.63617706298828,19.894845962524414
