Country,MAE,RMSE,MAPE
KR,1014.482811048824,1494.642357653478,1.6763351315925619
DE,901.0939069525388,1285.122909545555,0.8504736086661389
GB,593.8969334082784,1381.34488749491,1.0436525875288458
JP,1064.59766751416,1999.752182526835,0.6606788494444241
CA,153.12560223801304,298.02480577225964,0.5459467929614833
US,4281.338413510938,6396.936101430609,0.8410215099428211
CN,5806.549086808162,8624.150836492587,2.834333307168807
CH,392.70149737433024,505.81075449826415,2.655824616038193
