Country,Models,RMSE,MAE,MAPE
0,"['Model_1', 'Model_2', 'Ensemble']","[5581.5537109375, 8711.1455078125, 7032.775390625]","[3729.3076171875, 5923.4423828125, 4755.3330078125]","[13.51806354522705, 21.580366134643555, 17.296297073364258]"
1,"['Model_1', 'Model_2', 'Ensemble']","[6347.55859375, 3551.037841796875, 4688.85400390625]","[6086.0087890625, 2903.518310546875, 4379.7783203125]","[42.83493423461914, 20.828256607055664, 31.047948837280273]"
2,"['Model_1', 'Model_2', 'Ensemble']","[41740.1796875, 59445.40234375, 49758.15625]","[34260.07421875, 54490.91796875, 43981.46484375]","[25.10577964782715, 34.27082824707031, 29.58279800415039]"
3,"['Model_1', 'Model_2', 'Ensemble']","[10550.0390625, 12894.3828125, 10997.6416015625]","[7433.99267578125, 9983.4130859375, 8313.3251953125]","[7.131690502166748, 9.159878730773926, 7.73020601272583]"
4,"['Model_1', 'Model_2', 'Ensemble']","[9932.18359375, 13599.5791015625, 11552.1337890625]","[7367.2470703125, 10321.53125, 8637.498046875]","[15.636910438537598, 22.6694278717041, 18.69240951538086]"
5,"['Model_1', 'Model_2', 'Ensemble']","[15395.2578125, 13531.7041015625, 14208.021484375]","[12035.9306640625, 11432.30859375, 11546.2783203125]","[7.335820198059082, 6.993403911590576, 7.0532002449035645]"
6,"['Model_1', 'Model_2', 'Ensemble']","[11388.3388671875, 11836.7841796875, 11503.9189453125]","[9473.0810546875, 10010.42578125, 9713.5537109375]","[17.80013084411621, 17.608028411865234, 17.651844024658203]"
7,"['Model_1', 'Model_2', 'Ensemble']","[20359.33984375, 30662.74609375, 24432.5703125]","[16663.99609375, 25940.203125, 20898.009765625]","[3.5597269535064697, 5.453370094299316, 4.43215799331665]"
