Model,Train_RMSE,Validation_RMSE,Test_RMSE,Train_MAE,Validation_MAE,Test_MAE,Train_MAPE,Validation_MAPE,Test_MAPE
Model_1,17043.359375,18141.935546875,18803.205078125,10913.6240234375,11596.591796875,12259.861328125,12.398030281066895,13.831602096557617,14.217916488647461
Model_2,23485.671875,25870.228515625,25565.2734375,15045.931640625,16239.1513671875,16736.736328125,14.038022994995117,14.628555297851562,16.634122848510742
Ensemble,,21415.798828125,21630.326171875,,13738.4052734375,14265.2529296875,,14.010417938232422,15.1810302734375
