Lag,MAE,RMSE,MAPE
3.0,11266.726618228162,19762.93683118819,12.909674438597435
