Lag,MAE,RMSE,MAPE
3.0,330.10763763815993,1456.157783084642,0.20513166138977557
