Lag,MAE,RMSE,MAPE
3.0,172633.79800102467,242339.25420089852,100.0
