Lag,MAE,RMSE,MAPE
1.0,1354.2517229685723,3663.3741168013107,1.1671620891820458
2.0,2653.1610711224403,6127.015583332595,2.07739843887003
3.0,3544.890412506798,7394.261420479651,2.7960600992339764
