Country,Lag,MAE,RMSE,MAPE
CA,1,3.237136055414606,7.447123642444942,0.014126474880403573
CA,2,3.2304492216994043,7.366947749776668,0.014142155270487221
CA,3,3.2805287179186475,7.514125309439871,0.014328603487980273
DE,1,15.117309567418255,39.56515977670356,0.016775983558992118
DE,2,11.68314713229472,29.675635529804527,0.01286090787463648
DE,3,12.939833576690711,31.845150853728214,0.013606709579964309
JP,1,40.25575063795251,106.79050304776693,0.029213100022345905
JP,2,40.710107304728844,98.4197318520246,0.028787648465707527
JP,3,42.112907140495544,103.86526633072879,0.029527900821979324
KR,1,2.880018596773819,3.7637973073765,0.004703605239520689
KR,2,2.8705375515693556,3.7685230731942063,0.0046849296888824095
KR,3,2.6663159210793714,3.383649674411424,0.003846888764069034
CH,1,1.1090505823462384,1.7894043358089196,0.008272730159672169
CH,2,1.1090505823462384,1.7894043358089196,0.008272730159672169
CH,3,1.1090505823462384,1.7894043358089196,0.008272730159672169
GB,1,8.660597231345939,20.52192052787468,0.02137969048000776
GB,2,6.747970389012631,16.30267086907933,0.015937571924600314
GB,3,6.62916682892804,14.89424925137262,0.01569126928496342
US,1,66.66363591031094,179.93772164439054,0.018267920948698457
US,2,70.83790143865949,183.00430711247495,0.01947666504918543
US,3,67.96308897660631,175.5194741535667,0.01895907925525021
CN,1,11.205946945267778,15.183320936724288,0.004912368831499225
CN,2,11.205946945267778,15.183320936724288,0.004912368831499225
CN,3,11.205946945267778,15.183320936724288,0.004912368831499225
