Model,RMSE,MAE,MAPE
Model_1,4798.7314453125,2603.140869140625,2.1300997585058212
Model_2,3934.556640625,1254.5701904296875,0.767007376998663
Ensemble,4184.470703125,1918.8636474609375,1.4339745976030827
XGBoost,43512.468233094136,36923.801443903256,193.43205420429496
Meta-Model,6299.21630859375,2661.91796875,209.17904376983643
