Model,Train_RMSE,Validation_RMSE,Test_RMSE,Train_MAE,Validation_MAE,Test_MAE,Train_MAPE,Validation_MAPE,Test_MAPE
Model_1,4442.8837890625,5428.08251953125,4798.7314453125,2427.207275390625,2660.481689453125,2603.140869140625,2.2069318294525146,2.434558153152466,2.1300997734069824
Model_2,3578.063232421875,4642.69384765625,3934.556396484375,1253.5860595703125,1407.120361328125,1254.5701904296875,0.8429238796234131,0.8643155694007874,0.7670072913169861
Ensemble,,4855.44140625,4184.470703125,,2010.6807861328125,1918.8636474609375,,1.6164146661758423,1.4339746236801147
