Country,MAE,RMSE,MAPE
JP,332.7132878712625,832.2114752318815,0.27273529720723383
GB,236.86904604434693,831.0127241150426,0.5287424362381619
CA,39.35276686872226,105.11797247810955,0.22960030850714794
US,1001.756272621298,2802.5450504168643,0.2664364286605432
DE,239.79221998072754,573.8888972733372,0.27932797176973506
CH,48.860921649256746,133.2547136313517,0.5190054599838182
KR,143.8263039784451,389.3323478033169,0.3930762470308599
CN,600.6154271977108,1790.8876913427957,0.4962477073618421
