Country,Models,RMSE,MAE,MAPE
0,"['Model_1', 'Model_2', 'Ensemble']","[275.1512451171875, 275.1011047363281, 275.1257629394531]","[111.72491455078125, 111.0419921875, 111.38343048095703]","[0.38601890206336975, 0.38359639048576355, 0.3848075270652771]"
1,"['Model_1', 'Model_2', 'Ensemble']","[183.345703125, 185.55682373046875, 184.4510040283203]","[183.1363525390625, 185.371337890625, 184.2537841796875]","[1.247330665588379, 1.2631826400756836, 1.2552556991577148]"
2,"['Model_1', 'Model_2', 'Ensemble']","[4188.2431640625, 4172.83056640625, 4180.365234375]","[3682.64697265625, 3660.225341796875, 3671.4365234375]","[1.79361891746521, 1.7826529741287231, 1.7881357669830322]"
3,"['Model_1', 'Model_2', 'Ensemble']","[1178.2196044921875, 1177.3359375, 1177.7763671875]","[633.792236328125, 632.6729125976562, 633.2324829101562]","[0.5727139711380005, 0.5719694495201111, 0.5723416805267334]"
4,"['Model_1', 'Model_2', 'Ensemble']","[2985.920166015625, 2986.555419921875, 2986.23583984375]","[707.3406372070312, 706.3644409179688, 706.85302734375]","[1.1885663270950317, 1.187056541442871, 1.187812328338623]"
5,"['Model_1', 'Model_2', 'Ensemble']","[1663.1170654296875, 1661.068603515625, 1662.089111328125]","[892.1267700195312, 887.4826049804688, 889.8046875]","[0.5421477556228638, 0.5393460988998413, 0.5407469272613525]"
6,"['Model_1', 'Model_2', 'Ensemble']","[1688.89892578125, 1688.39697265625, 1688.644775390625]","[930.3726196289062, 928.8893432617188, 929.6304321289062]","[1.4986588954925537, 1.4987679719924927, 1.4987127780914307]"
7,"['Model_1', 'Model_2', 'Ensemble']","[8243.259765625, 8249.05859375, 8246.1328125]","[3856.65185546875, 3834.197998046875, 3845.42041015625]","[0.7043194770812988, 0.6998534202575684, 0.7020856738090515]"
