Model,RMSE,MAE,MAPE
Model_1,3895.2265625,1483.30078125,0.9156501851975918
Model_2,3895.45703125,1476.129638671875,0.9132159873843193
Ensemble,3895.31298828125,1479.714599609375,0.9144329465925694
XGBoost,43512.468233094136,36923.801443903256,193.43205420429496
Meta-Model,5428.18701171875,2358.06640625,209.67869758605957
