Model,Train_RMSE,Validation_RMSE,Test_RMSE,Train_MAE,Validation_MAE,Test_MAE,Train_MAPE,Validation_MAPE,Test_MAPE
Model_1,3586.729248046875,4581.39501953125,3895.226318359375,1434.2440185546875,1610.0606689453125,1483.30078125,0.9678940176963806,1.0216236114501953,0.9156500697135925
Model_2,3586.568115234375,4582.3623046875,3895.457275390625,1426.710693359375,1601.4820556640625,1476.12939453125,0.9650687575340271,1.017350673675537,0.9132159948348999
Ensemble,,4581.8349609375,3895.312744140625,,1605.7718505859375,1479.7144775390625,,1.0194870233535767,0.914432942867279
