Lag,MAE,RMSE,MAPE
3.0,396.1569700709061,655.1133217571609,0.5885954647506272
