Lag,MAE,RMSE,MAPE
3.0,36989.28223195496,43955.98800402537,62.281531797359776
