Country,MAE,RMSE,MAPE
KR,22545.354171615396,27027.772563507468,46.49329786933672
DE,18849.866663087152,23290.02966289443,16.131534995328536
GB,25925.82759774452,30011.16728673289,61.066879418190446
JP,44128.72839263988,44522.61446990615,26.993460079879277
CA,44163.11812578012,44435.007892013695,158.81369616008797
US,58216.525146080225,71006.96239518141,11.519036623823407
CN,42780.86834457926,49527.487349309966,17.639150174462774
CH,41994.98503754078,42936.31442406813,285.38035575657966
