Model,Train_RMSE,Validation_RMSE,Test_RMSE,Train_MAE,Validation_MAE,Test_MAE,Train_MAPE,Validation_MAPE,Test_MAPE
Model_1,4460.36279296875,3864.85595703125,3580.350341796875,2277.521728515625,2027.6676025390625,1973.5836181640625,1.612959861755371,1.5038516521453857,1.439233422279358
Model_2,4568.68603515625,4011.545166015625,3684.590576171875,2306.075927734375,2077.608642578125,1998.978271484375,1.6787452697753906,1.581382155418396,1.4942281246185303
Ensemble,,3932.85595703125,3628.25146484375,,2043.17626953125,1979.9000244140625,,1.5310285091400146,1.45774507522583
