Country,MAE,RMSE,MAPE
JP,35808.82165328176,39549.226459589685,22.900209825198694
GB,24271.360915109984,31274.371067639997,52.79374375766329
CA,20647.312949765244,26892.301682014895,88.18079589956486
US,64382.20416441334,85130.6724277355,16.110058252916065
DE,34703.540265177704,38512.06085246188,32.793035661206154
CH,119766.71364106522,124498.90366378133,842.269100997066
KR,55750.60123959578,57133.89126172482,105.02875259728941
CN,110753.04361078382,140165.0097453948,51.88585275530879
