Country,MAE,RMSE,MAPE
JP,39394.89903211836,42929.87845071257,25.209771176017814
GB,22717.139845729744,28844.786945676326,50.3313595550288
CA,20968.45309252979,27018.577718532513,91.51154824986347
US,60275.170639392774,81899.32022544778,15.033534124193798
DE,32172.5469628167,36581.866327181095,30.42425015718853
CH,112023.632808107,116948.97877343887,799.2008917653898
KR,50019.24397135831,51365.1217892085,90.35657997245032
CN,110592.72580832933,142961.4930281718,53.763756762190184
