Lag,MAE,RMSE,MAPE
3.0,49068.04160585374,69406.50626794809,90.89219976176294
