Lag,MAE,RMSE,MAPE
3.0,51919.40789877898,75024.27214560953,73.49040372046673
