Country,MAE,RMSE,MAPE
CA,2582.3633435674938,7529.979487470857,9.271537857441862
KR,4864.974913939889,7086.899292132681,7.8465225670526895
CH,5333.536121667979,8904.771028179883,36.39525251708516
DE,2742.3457376769843,3946.4850708670083,2.5908713387178586
US,4225.126775026289,11712.013581749208,0.88292632183157
GB,3181.569518204567,4369.542444145408,5.786092371721668
CN,20593.627355413908,28130.71707897734,13.844731325432786
JP,2806.896350667873,4984.102880759782,1.7678338991314837
