Lag,MAE,RMSE,MAPE
3.0,5459.993506623173,11741.598355863334,7.223971032317819
