Lag,MAE,RMSE,MAPE
3.0,6996.005833232898,14347.621968684554,10.358697334732158
