Lag,MAE,RMSE,MAPE
3.0,410.62583633505307,1597.7239995047848,0.28055651922805414
