Lag,MAE,RMSE,MAPE
3.0,777.6565482306884,2973.616641670565,0.6406143974267507
