Country,Models,RMSE,MAE,MAPE
0,"['Model_1', 'Model_2', 'Ensemble']","[330.6808776855469, 339.8692321777344, 265.3564758300781]","[242.22059631347656, 256.888427734375, 139.833984375]","[0.853191614151001, 0.9122914671897888, 0.49165546894073486]"
1,"['Model_1', 'Model_2', 'Ensemble']","[263.7873229980469, 173.4396209716797, 92.81871032714844]","[262.323486328125, 148.263427734375, 73.268310546875]","[1.8274731636047363, 1.042738676071167, 0.5060614943504333]"
2,"['Model_1', 'Model_2', 'Ensemble']","[6887.3095703125, 3592.575927734375, 5112.7333984375]","[6178.365234375, 2822.990966796875, 4500.67626953125]","[2.651451826095581, 1.4836076498031616, 2.0675289630889893]"
3,"['Model_1', 'Model_2', 'Ensemble']","[1474.6202392578125, 1250.384033203125, 1246.1029052734375]","[1080.3851318359375, 582.4026489257812, 586.0862426757812]","[1.005632996559143, 0.5128267407417297, 0.5389694571495056]"
4,"['Model_1', 'Model_2', 'Ensemble']","[2997.1103515625, 2623.253173828125, 2773.7109375]","[957.431640625, 882.7783203125, 695.865234375]","[1.5958545207977295, 1.6163527965545654, 1.1655163764953613]"
5,"['Model_1', 'Model_2', 'Ensemble']","[2047.5447998046875, 1651.3338623046875, 1672.3477783203125]","[1552.921142578125, 992.2716674804688, 845.8618774414062]","[0.9421734809875488, 0.6021827459335327, 0.513877809047699]"
6,"['Model_1', 'Model_2', 'Ensemble']","[1740.5489501953125, 1578.033935546875, 1622.399169921875]","[1143.8477783203125, 557.8965454101562, 840.1331787109375]","[1.885029673576355, 0.9236441254615784, 1.388006567955017]"
7,"['Model_1', 'Model_2', 'Ensemble']","[8156.5224609375, 8386.7431640625, 7920.66845703125]","[5056.49462890625, 3620.3125, 3180.0771484375]","[0.9528898596763611, 0.6531825065612793, 0.5684013366699219]"
