Model,RMSE,MAE,MAPE
Model_1,4279.716796875,2184.031005859375,1.3543162494897842
Model_2,3849.38623046875,1351.155029296875,0.9089728817343712
Ensemble,3875.28125,1425.34521484375,0.8861915208399296
XGBoost,41724.72823391137,35867.773523565564,194.43380124446134
Meta-Model,5762.3916015625,2472.060791015625,209.53781604766846
