Model,Train_RMSE,Validation_RMSE,Test_RMSE,Train_MAE,Validation_MAE,Test_MAE,Train_MAPE,Validation_MAPE,Test_MAPE
Model_1,3980.37841796875,4902.8876953125,4279.716796875,2059.050537109375,2244.250244140625,2184.031005859375,1.4008442163467407,1.4881837368011475,1.3543161153793335
Model_2,3544.8779296875,4582.67529296875,3849.38623046875,1315.6092529296875,1493.0987548828125,1351.1551513671875,0.9856044054031372,1.0197352170944214,0.9089728593826294
Ensemble,,4583.59814453125,3875.281494140625,,1541.13818359375,1425.3450927734375,,0.9799696207046509,0.8861916065216064
