Lag,MAE,RMSE,MAPE
3.0,322.5712768036253,856.6288275758549,0.48184290324175644
