Country,Models,RMSE,MAE,MAPE
0,"['Model_1', 'Model_2', 'Ensemble']","[4092.306640625, 3205.3876953125, 3496.9521484375]","[3331.8701171875, 2546.29052734375, 2877.783203125]","[12.014345169067383, 9.180963516235352, 10.389533996582031]"
1,"['Model_1', 'Model_2', 'Ensemble']","[4008.9208984375, 3438.06982421875, 3390.157958984375]","[3869.964599609375, 2809.712890625, 3089.886474609375]","[26.58269500732422, 20.93317413330078, 21.936126708984375]"
2,"['Model_1', 'Model_2', 'Ensemble']","[51555.03515625, 50182.921875, 50651.234375]","[44588.23046875, 43696.5625, 43958.21484375]","[28.50861167907715, 27.30722999572754, 27.85761260986328]"
3,"['Model_1', 'Model_2', 'Ensemble']","[8140.99560546875, 3881.6689453125, 5646.70263671875]","[4933.681640625, 3374.956298828125, 4044.894775390625]","[4.621995449066162, 3.3175859451293945, 3.848818302154541]"
4,"['Model_1', 'Model_2', 'Ensemble']","[8895.06640625, 7126.4453125, 7836.06640625]","[5687.54931640625, 4268.2646484375, 4769.91845703125]","[12.183826446533203, 8.977228164672852, 10.138816833496094]"
5,"['Model_1', 'Model_2', 'Ensemble']","[11906.3310546875, 10460.3544921875, 11148.2265625]","[9836.0703125, 8907.58203125, 9349.541015625]","[5.97208833694458, 5.392206192016602, 5.66845178604126]"
6,"['Model_1', 'Model_2', 'Ensemble']","[8963.10546875, 7686.396484375, 8262.6240234375]","[7859.85986328125, 6541.07421875, 7195.65673828125]","[13.258237838745117, 10.784754753112793, 12.012777328491211]"
7,"['Model_1', 'Model_2', 'Ensemble']","[17240.9296875, 14515.275390625, 15488.11328125]","[14531.2265625, 11911.662109375, 13221.4404296875]","[3.0568454265594482, 2.4592156410217285, 2.7580299377441406]"
