RMSE,MAE,MAPE,R2
0.20017170672632303,0.17617308130414325,,-0.0427089312768536
