Country,MAE,RMSE,MAPE
JP,481.0912670064377,633.2009002590411,0.3175563499537759
GB,376.8111370173074,587.567288448119,0.8624975115143879
CA,223.3016406642298,296.6190463045756,1.005607231913101
US,114.54393751478734,232.8850688087145,0.03051616419905613
DE,415.4778738998484,758.9086056579604,0.44646845535279356
CH,166.06030824236433,214.304009624885,1.4477439608470064
KR,358.85815742222246,589.7668035996659,0.9704771067033081
CN,283.8104456392255,541.7954280807397,0.48567199104918146
