Lag,MAE,RMSE,MAPE
3.0,790.5852943773044,2093.7387638509313,1.0666503645973464
