Lag,MAE,RMSE,MAPE
3.0,843.7007959503036,3691.571997913776,0.5035941248218582
