Country,Lag,MAE,RMSE,MAPE
CA,1,452.9533297311045,638.0291362314636,2.079036002667604
CA,2,248.85727937870473,421.6990122513296,1.355151760804774
CA,3,196.30713446233412,383.9618726648526,1.1479730931195637
DE,1,1425.0859167688168,1868.2853034544055,1.736236621204023
DE,2,711.4354982932613,1242.2898146017567,1.087058942212692
DE,3,711.0536816660111,1234.845527675835,1.0832794069585612
JP,1,2189.013850845316,2770.180977952032,1.671216886424817
JP,2,1418.1956003120306,1928.2173578050908,1.1966574977937428
JP,3,708.1476089652638,1235.8424018099868,0.7286216884084559
KR,1,1047.499974114081,1663.9061792606597,3.0088148219881763
KR,2,318.9626435219085,600.0452668777692,1.668702658577839
KR,3,289.42950326801935,551.8174430391294,1.4910154730783602
CH,1,84.84783769300225,128.439611036469,0.8816801710959924
CH,2,5.1159076974727213e-11,6.080364913231571e-11,3.9579645874786423e-13
CH,3,3.387867764104158e-11,3.9991920613684947e-11,2.8399960480979937e-13
GB,1,398.3685196848181,793.5895695146694,1.2369920321351169
GB,2,320.9785044245786,698.5123642578196,0.9941227015823201
GB,3,321.14837601594303,688.9932208334701,0.9938569898983338
US,1,3094.978298927143,5512.296271579483,1.1359501436369497
US,2,2680.0524047797585,4521.673824127435,0.9431897454640691
US,3,2611.590313305989,4477.499263389525,0.930280433222808
CN,1,1369.1848655820834,1736.383515981705,2.377308476955346
CN,2,939.0505096235496,1221.04557703457,2.30154578031171
CN,3,757.8008068189325,1072.7946124010796,2.129924568076473
