Country,Models,RMSE,MAE,MAPE
0,"['Model_1', 'Model_2', 'Ensemble']","[281.06439208984375, 284.58038330078125, 279.349609375]","[135.1640625, 148.5041046142578, 131.58578491210938]","[0.47297215461730957, 0.5220337510108948, 0.46098047494888306]"
1,"['Model_1', 'Model_2', 'Ensemble']","[235.6182098388672, 238.9333038330078, 229.612548828125]","[233.8436279296875, 215.74169921875, 220.9649658203125]","[1.6287773847579956, 1.4713590145111084, 1.515938401222229]"
2,"['Model_1', 'Model_2', 'Ensemble']","[4109.57421875, 5130.87109375, 4445.9013671875]","[3335.0625, 4715.052734375, 4003.03466796875]","[1.7147401571273804, 2.1671788692474365, 1.9350858926773071]"
3,"['Model_1', 'Model_2', 'Ensemble']","[1190.8021240234375, 1174.516357421875, 1181.4090576171875]","[613.17724609375, 621.3613891601562, 617.2683715820312]","[0.5478903651237488, 0.5630173087120056, 0.5554530620574951]"
4,"['Model_1', 'Model_2', 'Ensemble']","[2954.947021484375, 2976.376708984375, 2963.7431640625]","[654.3854370117188, 755.3096923828125, 699.5241088867188]","[1.1499255895614624, 1.2821269035339355, 1.2087953090667725]"
5,"['Model_1', 'Model_2', 'Ensemble']","[1693.0540771484375, 1669.233154296875, 1679.6378173828125]","[939.7822875976562, 886.530517578125, 910.3462524414062]","[0.5705790519714355, 0.5384404063224792, 0.5528318881988525]"
6,"['Model_1', 'Model_2', 'Ensemble']","[1689.8031005859375, 1670.3389892578125, 1675.7501220703125]","[824.6231689453125, 925.8584594726562, 871.7740478515625]","[1.3649566173553467, 1.5851209163665771, 1.4640464782714844]"
7,"['Model_1', 'Model_2', 'Ensemble']","[8208.455078125, 8231.7744140625, 8218.775390625]","[4047.987060546875, 3993.552734375, 4010.64208984375]","[0.7427316308021545, 0.7323263883590698, 0.7352479696273804]"
