Model,Train_RMSE,Validation_RMSE,Test_RMSE,Train_MAE,Validation_MAE,Test_MAE,Train_MAPE,Validation_MAPE,Test_MAPE
Model_1,3578.1318359375,4551.84716796875,3874.260009765625,1445.7137451171875,1619.3270263671875,1465.8170166015625,0.9462997317314148,1.0385057926177979,0.9107480049133301
Model_2,3587.021728515625,4628.2021484375,4001.179931640625,1498.885498046875,1703.4141845703125,1617.4500732421875,1.0203180313110352,1.1008847951889038,1.002197265625
Ensemble,,4565.3291015625,3913.588134765625,,1646.4315185546875,1534.8211669921875,,1.0526152849197388,0.9474270939826965
