Country,MAE,RMSE,MAPE
JP,329.3696431719543,836.6859253716897,0.2265908606202602
CA,44.158458521302286,150.39911895900698,0.1874692706800823
DE,180.02617355179393,432.51724506564835,0.17940758991135317
US,1309.7123358645547,2651.6620442963813,0.3023812714971458
CN,1287.4222043297375,3166.2316963601015,0.6512650893944355
KR,205.7755605970054,603.826748729655,0.3232748384835592
CH,36.40419481489121,72.50741014370438,0.2492828574570669
GB,111.72331462918545,468.67385898465807,0.235560352240068
