Lag,MAE,RMSE,MAPE
3.0,973.1587711716244,3307.0900297737267,0.6902910462250997
