Lag,MAE,RMSE,MAPE
3.0,457.13735409792275,1539.1919468102146,0.29214831301741073
