Country,Models,RMSE,MAE,MAPE
0,"['Model_1', 'Model_2', 'Ensemble']","[666.8001098632812, 2954.6953125, 1677.734130859375]","[545.96484375, 2558.03759765625, 1444.365478515625]","[1.9452804327011108, 9.159624099731445, 5.163118839263916]"
1,"['Model_1', 'Model_2', 'Ensemble']","[1856.4219970703125, 1994.706787109375, 1446.9283447265625]","[1504.3466796875, 1736.8017578125, 1207.997314453125]","[10.617171287536621, 12.74421215057373, 8.687294960021973]"
2,"['Model_1', 'Model_2', 'Ensemble']","[25926.71875, 32008.814453125, 28460.357421875]","[18549.25, 24885.046875, 21185.8671875]","[14.520452499389648, 18.48299217224121, 16.382936477661133]"
3,"['Model_1', 'Model_2', 'Ensemble']","[2053.910400390625, 4584.15771484375, 2705.5146484375]","[1727.7099609375, 3302.473876953125, 2097.453857421875]","[1.6969995498657227, 3.1345670223236084, 2.0087485313415527]"
4,"['Model_1', 'Model_2', 'Ensemble']","[5332.4140625, 4534.30859375, 4139.16162109375]","[2587.971435546875, 3678.150390625, 2941.7314453125]","[5.036513328552246, 7.242986679077148, 5.793029308319092]"
5,"['Model_1', 'Model_2', 'Ensemble']","[3221.6865234375, 7570.27294921875, 4805.73388671875]","[2543.8310546875, 6221.4931640625, 4054.658203125]","[1.5460487604141235, 3.82833194732666, 2.4843125343322754]"
6,"['Model_1', 'Model_2', 'Ensemble']","[5873.79345703125, 7283.31640625, 5948.11572265625]","[4303.31494140625, 6438.013671875, 4850.86474609375]","[6.1134772300720215, 10.863871574401855, 7.811161994934082]"
7,"['Model_1', 'Model_2', 'Ensemble']","[8186.73291015625, 10433.1591796875, 8012.61865234375]","[4679.6240234375, 8410.46484375, 5805.04052734375]","[0.935000479221344, 1.7216020822525024, 1.1767449378967285]"
