Model,Train_RMSE,Validation_RMSE,Test_RMSE,Train_MAE,Validation_MAE,Test_MAE,Train_MAPE,Validation_MAPE,Test_MAPE
Model_1,9294.2880859375,9689.2451171875,10074.5361328125,3922.945556640625,3913.402099609375,4579.37841796875,3.4696249961853027,4.048569679260254,4.711761951446533
Model_2,11406.1826171875,11541.7841796875,12726.8828125,6680.2607421875,6745.162109375,7311.66796875,7.149061679840088,8.024174690246582,7.8352532386779785
Ensemble,,9900.8984375,10921.447265625,,5001.140625,5544.8203125,,5.433483600616455,5.802642345428467
