Lag,MAE,RMSE,MAPE
1.0,791.9009710494938,3014.5904999121917,0.78771181647318
2.0,1148.3952074414026,3649.299805030445,1.1280727781104707
3.0,1152.169811908321,3025.008643099025,1.1971571459578036
