Country,MAE,RMSE,MAPE
KR,179.7154235907539,482.170120039193,0.28704951791079086
DE,141.93413603783847,402.6477657068788,0.13369567842727625
GB,107.58266008261805,469.2462430982564,0.19019378805461595
JP,206.74795312067556,690.982396945808,0.12778757540031377
CA,28.690676864144187,97.31699831072628,0.10296202836371274
US,905.9601387906989,2326.9784940384407,0.17999273346725683
CN,1005.509035017321,2900.079778778123,0.46468148010247257
CH,38.652885441390055,90.21647951350987,0.2573181311390456
