Lag,MAE,RMSE,MAPE
3.0,310.4110731981901,530.1363627785893,0.6418055907839653
