Country,MAE,RMSE,MAPE
JP,43927.7791454162,44556.73221286705,27.000199210757465
CA,46076.7815323566,46344.604386744424,172.01182337934918
DE,17637.996800935394,21506.16497922771,15.400964361034934
US,61314.147867936634,73392.60097056579,12.547599230059204
CN,45309.72121397078,52100.59423636271,17.993935361834616
KR,22093.499558117484,26537.65350638456,46.69229083284984
CH,47636.55337571946,48145.86373485744,322.2954231067595
GB,26632.734360034665,30632.456016659406,64.0162612576857
