Lag,MAE,RMSE,MAPE
3.0,37931.85652505299,45218.88144280313,64.78198032139358
