Country,Models,RMSE,MAE,MAPE
0,"['Model_1', 'Model_2', 'Ensemble']","[665.5696411132812, 1935.8983154296875, 1153.3623046875]","[538.5841064453125, 1388.5406494140625, 911.4195556640625]","[1.908258318901062, 4.9693779945373535, 3.2511837482452393]"
1,"['Model_1', 'Model_2', 'Ensemble']","[1293.11328125, 4079.357177734375, 2341.04833984375]","[1195.587158203125, 3398.26513671875, 1942.301025390625]","[8.263392448425293, 25.41436195373535, 14.50307559967041]"
2,"['Model_1', 'Model_2', 'Ensemble']","[27516.591796875, 34532.15625, 29990.892578125]","[20247.828125, 26213.5, 22052.56640625]","[15.703299522399902, 20.402936935424805, 17.777645111083984]"
3,"['Model_1', 'Model_2', 'Ensemble']","[2133.310302734375, 6515.0732421875, 3785.255126953125]","[1811.7506103515625, 5190.44384765625, 3234.655517578125]","[1.6675418615341187, 5.2299275398254395, 3.1814494132995605]"
4,"['Model_1', 'Model_2', 'Ensemble']","[7629.66552734375, 6977.435546875, 6914.8759765625]","[2570.7841796875, 3467.389892578125, 2803.249755859375]","[5.219210147857666, 6.950778007507324, 5.697840690612793]"
5,"['Model_1', 'Model_2', 'Ensemble']","[4687.02783203125, 11712.1630859375, 7874.51416015625]","[4003.990966796875, 9643.1513671875, 6438.3505859375]","[2.437260627746582, 5.904848098754883, 3.93058443069458]"
6,"['Model_1', 'Model_2', 'Ensemble']","[5009.98779296875, 7823.3173828125, 5790.97265625]","[3633.140869140625, 6614.85009765625, 4727.74951171875]","[5.334921360015869, 11.899627685546875, 7.7486090660095215]"
7,"['Model_1', 'Model_2', 'Ensemble']","[8445.5498046875, 12551.50390625, 9028.3330078125]","[4802.1240234375, 9306.7333984375, 6238.326171875]","[0.9850153923034668, 1.9578801393508911, 1.2878262996673584]"
