Model,RMSE,MAE,MAPE
Model_1,10386.36328125,4542.162109375,4.543986916542053
Model_2,13874.1259765625,5240.60205078125,4.6788956969976425
Ensemble,11565.294921875,4728.94091796875,4.438779130578041
XGBoost,75002.95525789296,52589.96134355057,200.51972524099804
Meta-Model,9716.1318359375,3881.076171875,206.59832954406738
