Model,Train_RMSE,Validation_RMSE,Test_RMSE,Train_MAE,Validation_MAE,Test_MAE,Train_MAPE,Validation_MAPE,Test_MAPE
Model_1,9707.9873046875,10151.931640625,10810.7587890625,4169.0166015625,4428.82568359375,4924.45166015625,3.5948374271392822,4.61122465133667,4.783899784088135
Model_2,12599.5576171875,14823.0771484375,14448.623046875,7278.10009765625,7786.30419921875,8327.1796875,7.488162040710449,8.62965202331543,8.968934059143066
Ensemble,,11883.6376953125,11965.9599609375,,5817.12255859375,6175.26953125,,6.1515607833862305,6.425780296325684
