Country,Models,RMSE,MAE,MAPE
0,"['Model_1', 'Model_2', 'Ensemble']","[275.1093444824219, 281.90484619140625, 276.20208740234375]","[111.26824951171875, 72.29389190673828, 79.02379608154297]","[0.3843632638454437, 0.2451244443655014, 0.2679758667945862]"
1,"['Model_1', 'Model_2', 'Ensemble']","[182.2186279296875, 94.64856719970703, 138.31898498535156]","[182.00244140625, 93.79296875, 137.8978271484375]","[1.2394213676452637, 0.6297730207443237, 0.9345979690551758]"
2,"['Model_1', 'Model_2', 'Ensemble']","[4189.97314453125, 4401.43017578125, 4291.94482421875]","[3685.110107421875, 3907.0390625, 3795.97119140625]","[1.7951699495315552, 1.8709840774536133, 1.8330206871032715]"
3,"['Model_1', 'Model_2', 'Ensemble']","[1178.26611328125, 1215.68505859375, 1196.004638671875]","[633.9063720703125, 713.9403686523438, 673.9227294921875]","[0.5727935433387756, 0.6469059586524963, 0.6098491549491882]"
4,"['Model_1', 'Model_2', 'Ensemble']","[2985.924560546875, 2992.10546875, 2988.9736328125]","[706.57568359375, 693.91650390625, 700.1402587890625]","[1.1869046688079834, 1.147120475769043, 1.1668511629104614]"
5,"['Model_1', 'Model_2', 'Ensemble']","[1662.8753662109375, 1733.3975830078125, 1695.4534912109375]","[891.4229125976562, 1042.3848876953125, 966.2329711914062]","[0.5417190790176392, 0.6330638527870178, 0.5869910717010498]"
6,"['Model_1', 'Model_2', 'Ensemble']","[1688.9249267578125, 1695.70654296875, 1692.1395263671875]","[930.3740844726562, 951.087646484375, 940.7304077148438]","[1.4983795881271362, 1.510125994682312, 1.5042524337768555]"
7,"['Model_1', 'Model_2', 'Ensemble']","[8242.65625, 8215.8056640625, 8218.2763671875]","[3861.541748046875, 4523.2783203125, 4192.37451171875]","[0.705329418182373, 0.843070924282074, 0.7741923332214355]"
