Model,RMSE,MAE,MAPE
Model_1,3895.1904296875,1484.09033203125,0.9152630344033241
Model_2,3916.55517578125,1645.2235107421875,0.9351392276585102
Ensemble,3901.226318359375,1562.96240234375,0.9193647652864456
XGBoost,43512.468233094136,36923.801443903256,193.43205420429496
Meta-Model,5428.18701171875,2358.06640625,209.67869758605957
