Model,Train_RMSE,Validation_RMSE,Test_RMSE,Train_MAE,Validation_MAE,Test_MAE,Train_MAPE,Validation_MAPE,Test_MAPE
Model_1,3586.692138671875,4580.9091796875,3895.1904296875,1435.0948486328125,1610.636474609375,1484.0904541015625,0.9676324129104614,1.0209333896636963,0.9152630567550659
Model_2,3631.64306640625,4561.73974609375,3916.555419921875,1571.4295654296875,1732.396240234375,1645.2235107421875,0.986528754234314,1.0228568315505981,0.9351392388343811
Ensemble,,4567.78125,3901.225830078125,,1669.749267578125,1562.96240234375,,1.0156134366989136,0.9193647503852844
