Model,RMSE,MAE,MAPE
Model_1,20441.1953125,11934.947265625,11.853812634944916
Model_2,19228.78125,10602.09375,9.919741004705429
Ensemble,19667.693359375,11176.1630859375,10.67853644490242
XGBoost,74647.0380718893,52690.332394018915,200.9644631873844
Meta-Model,11185.732421875,5870.99169921875,206.73871040344238
