Model,Train_RMSE,Validation_RMSE,Test_RMSE,Train_MAE,Validation_MAE,Test_MAE,Train_MAPE,Validation_MAPE,Test_MAPE
Model_1,18330.912109375,22190.0546875,20441.1953125,10950.751953125,12694.94921875,11934.947265625,10.561086654663086,12.245776176452637,11.853812217712402
Model_2,17021.27734375,21739.6640625,19228.78125,9411.0947265625,11616.767578125,10602.09375,8.822484016418457,10.421165466308594,9.919740676879883
Ensemble,,21787.228515625,19667.693359375,,12077.0107421875,11176.162109375,,11.244673728942871,10.678537368774414
