Model,RMSE,MAE,MAPE
Model_1,4339.94140625,1993.0428466796875,1.1339270509779453
Model_2,4358.46484375,2002.5179443359375,1.1508617550134659
Ensemble,4346.50146484375,1997.116455078125,1.1409149505198002
XGBoost,41724.72823391137,35867.773523565564,194.43380124446134
Meta-Model,5815.13623046875,2583.531494140625,209.63037014007568
