Model,Train_RMSE,Validation_RMSE,Test_RMSE,Train_MAE,Validation_MAE,Test_MAE,Train_MAPE,Validation_MAPE,Test_MAPE
Model_1,4031.423828125,5023.7109375,4339.94189453125,1932.326416015625,2105.365234375,1993.0428466796875,1.2346000671386719,1.3003590106964111,1.1339269876480103
Model_2,4026.443359375,5025.478515625,4358.46533203125,1910.64794921875,2093.56201171875,2002.517822265625,1.2157752513885498,1.3150482177734375,1.1508618593215942
Ensemble,,5024.3125,4346.50146484375,,2098.23974609375,1997.116455078125,,1.3001536130905151,1.1409149169921875
