Country,MAE,RMSE,MAPE
KR,897.7794349619365,1450.7250035047036,1.4839406738418166
DE,900.3693592186753,1300.1572303888515,0.8437226175245364
GB,808.5946511027201,1333.5076702203942,1.4732404354442448
JP,1180.7794622351582,1995.1597846640182,0.7321600217530644
CA,157.2244396072733,285.5652735822963,0.5587183368940518
US,4271.345994662029,6375.469423559251,0.8533337666928239
CN,5225.799353388008,8511.101341590267,2.602530461670642
CH,289.0191428038534,449.0792807192554,1.903519093713402
