Country,MAE,RMSE,MAPE
CA,2827.1980111599337,4655.805957744398,10.153121760347652
KR,6274.560087632342,7768.298277322563,9.942223940936495
CH,13907.290186751348,17897.229305493325,93.75091743332555
DE,7162.050922859733,9510.005202388738,6.866797505521063
US,13320.527975718562,22745.193982953486,2.7993201651489996
GB,2666.300903530786,3885.331740484031,5.35200321738285
CN,42644.82116444767,47228.50580697199,25.748997217003055
JP,8724.589166989063,11935.84097243533,5.414783477573687
