Country,Models,RMSE,MAE,MAPE
0,"['Model_1', 'Model_2', 'Ensemble']","[1215.495849609375, 4313.02734375, 2296.095947265625]","[996.5831298828125, 3773.715576171875, 1903.5625]","[3.530649423599243, 13.478504180908203, 6.740816116333008]"
1,"['Model_1', 'Model_2', 'Ensemble']","[1692.00634765625, 3024.7109375, 1508.455810546875]","[1258.8458251953125, 2470.63525390625, 1247.21484375]","[8.841924667358398, 18.76990509033203, 9.225837707519531]"
2,"['Model_1', 'Model_2', 'Ensemble']","[27147.453125, 29173.69140625, 28062.896484375]","[20033.251953125, 22074.8515625, 21016.494140625]","[15.48464584350586, 17.10521125793457, 16.28619956970215]"
3,"['Model_1', 'Model_2', 'Ensemble']","[1641.5919189453125, 5948.9208984375, 3453.12255859375]","[1192.203125, 4467.28662109375, 2593.171630859375]","[1.1689403057098389, 4.378993988037109, 2.522183895111084]"
4,"['Model_1', 'Model_2', 'Ensemble']","[6563.70654296875, 7951.16748046875, 6529.31591796875]","[3188.603515625, 5975.744140625, 4255.19189453125]","[6.719119071960449, 11.737277030944824, 8.508821487426758]"
5,"['Model_1', 'Model_2', 'Ensemble']","[3075.47802734375, 5089.455078125, 3828.478271484375]","[2527.2373046875, 4200.4873046875, 3190.770263671875]","[1.5432395935058594, 2.5725162029266357, 1.954467535018921]"
6,"['Model_1', 'Model_2', 'Ensemble']","[5080.35302734375, 6278.32763671875, 5492.84765625]","[3729.807373046875, 5256.8515625, 4423.2646484375]","[5.514130115509033, 8.835678100585938, 7.023223400115967]"
7,"['Model_1', 'Model_2', 'Ensemble']","[7840.76953125, 14752.4599609375, 10437.966796875]","[4989.361328125, 11553.833984375, 7981.42333984375]","[1.0138381719589233, 2.3964664936065674, 1.638464093208313]"
