Model,Train_RMSE,Validation_RMSE,Test_RMSE,Train_MAE,Validation_MAE,Test_MAE,Train_MAPE,Validation_MAPE,Test_MAPE
Model_1,9566.2197265625,9283.912109375,10453.6904296875,4202.14404296875,4098.51318359375,4758.66845703125,3.7998874187469482,4.494790554046631,5.009828090667725
Model_2,11374.0927734375,13240.61328125,12512.275390625,6733.4853515625,6996.1689453125,7554.580078125,7.488999366760254,8.440581321716309,8.931119918823242
Ensemble,,9886.3173828125,11151.2138671875,,5206.72412109375,5908.0341796875,,6.066995620727539,6.32999324798584
