Lag,MAE,RMSE,MAPE
3.0,110362.8649186296,130048.78133009191,137.77625510883175
