Country,Models,RMSE,MAE,MAPE
0,"['Model_1', 'Model_2', 'Ensemble']","[292.79620361328125, 293.8319091796875, 290.37896728515625]","[160.5858917236328, 151.68663024902344, 148.94387817382812]","[0.5665251612663269, 0.5358415842056274, 0.5250357389450073]"
1,"['Model_1', 'Model_2', 'Ensemble']","[151.9725799560547, 141.3510284423828, 145.9307403564453]","[148.7235107421875, 141.187744140625, 144.9556884765625]","[1.038748025894165, 0.9661076664924622, 1.0024281740188599]"
2,"['Model_1', 'Model_2', 'Ensemble']","[4270.42822265625, 4217.548828125, 4242.3466796875]","[3762.3955078125, 3713.835693359375, 3738.11376953125]","[1.8334521055221558, 1.8492398262023926, 1.8413456678390503]"
3,"['Model_1', 'Model_2', 'Ensemble']","[1198.624267578125, 1187.339111328125, 1192.3250732421875]","[712.1411743164062, 687.5390625, 699.8403930664062]","[0.6577032804489136, 0.6297458410263062, 0.6437247395515442]"
4,"['Model_1', 'Model_2', 'Ensemble']","[2935.07177734375, 2948.767578125, 2941.25]","[730.6593017578125, 755.19580078125, 737.173828125]","[1.2775232791900635, 1.3122469186782837, 1.2794526815414429]"
5,"['Model_1', 'Model_2', 'Ensemble']","[1604.8890380859375, 1629.469970703125, 1616.488037109375]","[833.258544921875, 880.0213012695312, 856.6392211914062]","[0.5076749920845032, 0.5353882908821106, 0.5215311646461487]"
6,"['Model_1', 'Model_2', 'Ensemble']","[1703.626220703125, 1704.66845703125, 1703.71826171875]","[929.1631469726562, 929.2545166015625, 928.6614379882812]","[1.4628568887710571, 1.4314367771148682, 1.4454103708267212]"
7,"['Model_1', 'Model_2', 'Ensemble']","[8335.0634765625, 8320.6357421875, 8326.498046875]","[4110.271484375, 4297.43115234375, 4203.85302734375]","[0.7601964473724365, 0.797756016254425, 0.7789765000343323]"
