Model,RMSE,MAE,MAPE
Model_1,3929.891845703125,1546.438720703125,0.9621437638998032
Model_2,3921.338623046875,1576.7161865234375,0.9634558111429214
Ensemble,3924.7578125,1559.871826171875,0.9573448449373245
XGBoost,43512.468233094136,36923.801443903256,193.43205420429496
Meta-Model,5431.5517578125,2302.804931640625,209.8029613494873
