Model,Train_RMSE,Validation_RMSE,Test_RMSE,Train_MAE,Validation_MAE,Test_MAE,Train_MAPE,Validation_MAPE,Test_MAPE
Model_1,3552.842041015625,4593.53759765625,3929.891357421875,1464.8221435546875,1605.964111328125,1546.4385986328125,0.9950792193412781,1.0057839155197144,0.9621437788009644
Model_2,3566.523193359375,4604.5283203125,3921.3388671875,1495.2647705078125,1649.7352294921875,1576.7161865234375,1.0000526905059814,1.0455116033554077,0.9634557962417603
Ensemble,,4592.2529296875,3924.757568359375,,1626.6678466796875,1559.8719482421875,,1.0216325521469116,0.9573448300361633
