Country,MAE,RMSE,MAPE
JP,323.0248759292515,842.3493500961232,0.22295950750942922
CA,43.205264253973034,154.4693673421965,0.18665474351822123
DE,145.70080858655726,439.51073504811745,0.1421211781494628
US,1082.2592825756524,2489.6383262068966,0.2609893142071076
CN,1322.1390681399937,3341.2588774982105,0.667577039323255
KR,204.15840587746825,643.6380410951996,0.3277564817692562
CH,34.77646885998853,106.09735123269142,0.2323561218213519
GB,102.37074785651242,524.8870098442671,0.21178430904455325
