Lag,MAE,RMSE,MAPE
3.0,849.1727725825273,2979.1924636791077,0.6289185508407825
