Lag,MAE,RMSE,MAPE
3.0,422.90986482454684,1551.3141050238798,0.2798004824019304
