Country,Models,RMSE,MAE,MAPE
0,"['Model_1', 'Model_2', 'Ensemble']","[1403.342041015625, 2793.360107421875, 1835.408447265625]","[1263.25, 2140.115478515625, 1525.7452392578125]","[4.521031856536865, 7.613588809967041, 5.452469825744629]"
1,"['Model_1', 'Model_2', 'Ensemble']","[19859.990234375, 13797.98828125, 11536.1513671875]","[12539.9775390625, 13638.544921875, 10755.810546875]","[89.19003295898438, 92.1614761352539, 73.49662780761719]"
2,"['Model_1', 'Model_2', 'Ensemble']","[7997.2822265625, 8059.9833984375, 6625.99072265625]","[5995.47509765625, 6055.9853515625, 4510.087890625]","[4.011172294616699, 3.4766082763671875, 1.8523716926574707]"
3,"['Model_1', 'Model_2', 'Ensemble']","[3062.69970703125, 6118.4990234375, 3811.6201171875]","[1601.4539794921875, 4897.97607421875, 2861.044189453125]","[1.563232183456421, 4.81848669052124, 2.8319859504699707]"
4,"['Model_1', 'Model_2', 'Ensemble']","[8967.0849609375, 6866.9287109375, 7173.841796875]","[5699.16259765625, 3571.338623046875, 4369.80517578125]","[12.78700065612793, 7.829104423522949, 9.688740730285645]"
5,"['Model_1', 'Model_2', 'Ensemble']","[3036.91162109375, 6849.32177734375, 4151.38916015625]","[2326.989013671875, 5009.9140625, 3241.02392578125]","[1.413105845451355, 3.060127019882202, 1.9739315509796143]"
6,"['Model_1', 'Model_2', 'Ensemble']","[2123.738525390625, 2534.284912109375, 2028.133544921875]","[1529.6578369140625, 2073.0126953125, 1637.6851806640625]","[2.1985886096954346, 3.2689805030822754, 2.4160594940185547]"
7,"['Model_1', 'Model_2', 'Ensemble']","[4671.734375, 6507.8037109375, 4509.13330078125]","[2885.664794921875, 5171.6201171875, 3580.579345703125]","[0.6122128367424011, 1.0141960382461548, 0.7192018628120422]"
