Model,RMSE,MAE,MAPE
Model_1,6739.43896484375,3470.58837890625,8.230585604906082
Model_2,6634.36669921875,4622.13916015625,8.9859738945961
Ensemble,5244.68017578125,3480.878173828125,7.177808880805969
XGBoost,75002.95525789296,52589.96134355057,200.51972524099804
Meta-Model,8783.9892578125,3317.555908203125,206.76212310791016
