Model,Train_RMSE,Validation_RMSE,Test_RMSE,Train_MAE,Validation_MAE,Test_MAE,Train_MAPE,Validation_MAPE,Test_MAPE
Model_1,3791.20458984375,16589.169921875,6739.43896484375,2394.17431640625,4103.25830078125,3470.58837890625,3.571899652481079,6.329428195953369,8.230586051940918
Model_2,6145.2548828125,10776.548828125,6634.36669921875,3956.01513671875,5574.43603515625,4622.1396484375,7.329812049865723,11.323466300964355,8.985973358154297
Ensemble,,9893.76953125,5244.68017578125,,4250.3056640625,3480.878662109375,,7.813151836395264,7.17780876159668
