Country,Models,RMSE,MAE,MAPE
0,"['Model_1', 'Model_2', 'Ensemble']","[318.5062561035156, 3009.794189453125, 1526.0465087890625]","[222.83485412597656, 2720.664794921875, 1378.83447265625]","[0.7936355471611023, 9.933403015136719, 5.032014846801758]"
1,"['Model_1', 'Model_2', 'Ensemble']","[252.2118682861328, 15954.61328125, 7963.677734375]","[200.96337890625, 15778.673828125, 7872.55517578125]","[1.4135817289352417, 110.9010009765625, 55.33457946777344]"
2,"['Model_1', 'Model_2', 'Ensemble']","[4254.11962890625, 283174.125, 140719.078125]","[3702.56787109375, 252008.234375, 125119.109375]","[1.7418183088302612, 85.36759948730469, 42.35253143310547]"
3,"['Model_1', 'Model_2', 'Ensemble']","[1649.879150390625, 77754.5625, 38578.32421875]","[674.29296875, 76094.0703125, 37737.8515625]","[0.6377641558647156, 70.54934692382812, 34.97972869873047]"
4,"['Model_1', 'Model_2', 'Ensemble']","[2730.80126953125, 26891.46484375, 13696.087890625]","[785.6749877929688, 22150.076171875, 11273.1552734375]","[1.4339250326156616, 37.181922912597656, 18.95414924621582]"
5,"['Model_1', 'Model_2', 'Ensemble']","[1653.284912109375, 134816.421875, 67192.53125]","[753.69140625, 134673.125, 67118.1171875]","[0.4576110243797302, 81.39551544189453, 40.566673278808594]"
6,"['Model_1', 'Model_2', 'Ensemble']","[1504.531494140625, 45451.71875, 22664.64453125]","[864.0537719726562, 36884.51171875, 18351.990234375]","[1.443115472793579, 45.38838577270508, 22.523977279663086]"
7,"['Model_1', 'Model_2', 'Ensemble']","[6717.3466796875, 473378.25, 237048.828125]","[2955.4736328125, 465832.5625, 233010.453125]","[0.5339937210083008, 93.65078735351562, 46.80802536010742]"
