Model,RMSE,MAE,MAPE
Model_1,3379.71044921875,1338.963623046875,0.9601358324289322
Model_2,221502.515625,143385.328125,63.162803649902344
Ensemble,110732.5546875,71549.203125,31.503450870513916
XGBoost,41724.72823391137,35867.773523565564,194.43380124446134
Meta-Model,5527.86376953125,2258.448486328125,209.46779251098633
