Model,Train_RMSE,Validation_RMSE,Test_RMSE,Train_MAE,Validation_MAE,Test_MAE,Train_MAPE,Validation_MAPE,Test_MAPE
Model_1,3233.08251953125,3983.6123046875,3379.71044921875,1276.1046142578125,1429.7861328125,1338.963623046875,0.9775114059448242,1.0639967918395996,0.9601359367370605
Model_2,202678.578125,209246.796875,221502.53125,126566.4140625,125288.171875,143385.328125,61.12330627441406,61.890357971191406,63.162811279296875
Ensemble,,104853.734375,110732.5546875,,62680.19140625,71549.2109375,,30.885913848876953,31.503448486328125
