Lag,MAE,RMSE,MAPE
3.0,457.0164748219882,3426.474654584853,0.3535614277935509
