Country,MAE,RMSE,MAPE
CA,7295.556715735461,10080.17825633616,26.55556518826834
KR,11795.27207278376,15139.428853827072,19.195910571367797
CH,14541.286230240396,20567.016544369784,105.7130602532919
DE,11282.466728517142,16400.304800827507,10.09933684198082
US,13754.306691357575,24614.516934556726,2.907845328203041
GB,8329.76853974963,11009.916820025193,18.108366154764738
CN,42075.48022030925,48336.3655197412,26.753075829648132
JP,9044.861182905095,12486.331873843326,5.638069440348303
