Country,Models,RMSE,MAE,MAPE
0,"['Model_1', 'Model_2', 'Ensemble']","[323.5916748046875, 329.6501159667969, 326.60198974609375]","[238.02395629882812, 245.0128936767578, 241.5185089111328]","[0.8452810049057007, 0.8702370524406433, 0.8577594757080078]"
1,"['Model_1', 'Model_2', 'Ensemble']","[154.5900115966797, 162.1613311767578, 158.3521728515625]","[129.61865234375, 135.7314453125, 132.675048828125]","[0.9291011095046997, 0.9692125916481018, 0.9491569995880127]"
2,"['Model_1', 'Model_2', 'Ensemble']","[3629.0751953125, 3616.61572265625, 3622.662841796875]","[2933.956298828125, 2900.09326171875, 2917.024169921875]","[1.5258368253707886, 1.51283597946167, 1.5193361043930054]"
3,"['Model_1', 'Model_2', 'Ensemble']","[1239.46923828125, 1242.4923095703125, 1240.915283203125]","[524.2393188476562, 542.438232421875, 533.3013305664062]","[0.4605523347854614, 0.4770265817642212, 0.4687555730342865]"
4,"['Model_1', 'Model_2', 'Ensemble']","[2605.168212890625, 2611.240234375, 2608.195556640625]","[846.4974365234375, 859.1998901367188, 852.8489990234375]","[1.553542137145996, 1.5761700868606567, 1.564856767654419]"
5,"['Model_1', 'Model_2', 'Ensemble']","[1615.8564453125, 1626.1268310546875, 1620.862060546875]","[875.4268188476562, 911.9769287109375, 893.7017211914062]","[0.5316370129585266, 0.5537247657775879, 0.5426807999610901]"
6,"['Model_1', 'Model_2', 'Ensemble']","[1574.283935546875, 1575.58935546875, 1574.90625]","[582.7520141601562, 571.8074340820312, 576.4658813476562]","[0.9592350721359253, 0.9429587721824646, 0.950320839881897]"
7,"['Model_1', 'Model_2', 'Ensemble']","[8184.15625, 8243.142578125, 8213.4228515625]","[3192.68017578125, 3320.865234375, 3256.771484375]","[0.5677314400672913, 0.5933336019515991, 0.5805322527885437]"
