Model,RMSE,MAE,MAPE
Model_1,3775.382568359375,1260.864501953125,0.8655643090605736
Model_2,3796.7958984375,1288.1480712890625,0.87928157299757
Ensemble,3785.97119140625,1274.3861083984375,0.8723090402781963
XGBoost,41724.72823391137,35867.773523565564,194.43380124446134
Meta-Model,5594.787109375,2387.796142578125,209.6078634262085
