Model,Train_RMSE,Validation_RMSE,Test_RMSE,Train_MAE,Validation_MAE,Test_MAE,Train_MAPE,Validation_MAPE,Test_MAPE
Model_1,3494.885009765625,4507.7158203125,3775.3828125,1242.9691162109375,1407.0048828125,1260.8646240234375,0.9451073408126831,0.973321795463562,0.8655642867088318
Model_2,3509.106689453125,4529.68505859375,3796.7958984375,1264.515380859375,1432.658935546875,1288.14794921875,0.9573876857757568,0.9873774647712708,0.8792816400527954
Ensemble,,4518.61328125,3785.97119140625,,1419.7606201171875,1274.3863525390625,,0.9802836179733276,0.8723090291023254
