Country,Models,RMSE,MAE,MAPE
0,"['Model_1', 'Model_2', 'Ensemble']","[290.3070983886719, 398.91259765625, 327.51983642578125]","[158.17886352539062, 354.81158447265625, 247.85829162597656]","[0.5479034781455994, 1.259199857711792, 0.8715053200721741]"
1,"['Model_1', 'Model_2', 'Ensemble']","[363.1585388183594, 344.8931884765625, 353.4263000488281]","[358.994873046875, 344.6241455078125, 351.8096923828125]","[2.40486216545105, 2.350490093231201, 2.3776772022247314]"
2,"['Model_1', 'Model_2', 'Ensemble']","[6954.72998046875, 8036.080078125, 7474.17236328125]","[5120.1318359375, 5164.6923828125, 5142.4052734375]","[2.0442004203796387, 1.9548442363739014, 1.9995206594467163]"
3,"['Model_1', 'Model_2', 'Ensemble']","[1404.0123291015625, 1508.37109375, 1454.491455078125]","[979.8652954101562, 1116.3272705078125, 1046.9461669921875]","[0.8996924161911011, 1.0297985076904297, 0.9637026190757751]"
4,"['Model_1', 'Model_2', 'Ensemble']","[3161.958984375, 3177.699462890625, 3166.36865234375]","[842.5115966796875, 1061.5421142578125, 949.6055908203125]","[1.3729380369186401, 1.8151899576187134, 1.588233232498169]"
5,"['Model_1', 'Model_2', 'Ensemble']","[2093.113525390625, 2136.0888671875, 2113.369140625]","[1615.86865234375, 1663.8011474609375, 1639.04296875]","[0.9801301956176758, 1.0090808868408203, 0.9941328167915344]"
6,"['Model_1', 'Model_2', 'Ensemble']","[1791.728759765625, 1769.2593994140625, 1774.444580078125]","[1254.9232177734375, 1097.4959716796875, 1176.2098388671875]","[2.011833667755127, 1.7741106748580933, 1.8929725885391235]"
7,"['Model_1', 'Model_2', 'Ensemble']","[8199.5263671875, 8237.7607421875, 8217.3388671875]","[4758.3037109375, 4820.25439453125, 4787.36328125]","[0.8872893452644348, 0.9029325246810913, 0.894713282585144]"
