Model,RMSE,MAE,MAPE
Model_1,4321.12939453125,2012.7945556640625,1.2356528080999851
Model_2,4526.7880859375,2088.418212890625,1.3663632795214653
Ensemble,4416.7158203125,2048.60009765625,1.2959969229996204
XGBoost,43512.468233094136,36923.801443903256,193.43205420429496
Meta-Model,5877.25634765625,2547.262451171875,209.3559741973877
