Model,Train_RMSE,Validation_RMSE,Test_RMSE,Train_MAE,Validation_MAE,Test_MAE,Train_MAPE,Validation_MAPE,Test_MAPE
Model_1,4051.50341796875,4999.35498046875,4321.12939453125,1899.92578125,2103.71923828125,2012.7943115234375,1.2974159717559814,1.4115886688232422,1.2356528043746948
Model_2,4215.64013671875,5217.9658203125,4526.7880859375,1947.9849853515625,2174.29345703125,2088.418212890625,1.4231607913970947,1.5503544807434082,1.366363286972046
Ensemble,,5101.32470703125,4416.7158203125,,2135.513916015625,2048.599853515625,,1.4703898429870605,1.295996904373169
