Country,MAE,RMSE,MAPE
JP,130.09751348251095,228.94647214975762,0.08684530804221897
CA,65.99879837333488,114.81237317743816,0.24664091019873494
DE,100.83314333264734,137.10042917646868,0.10111677307447142
US,89.7147938210316,216.94989778785825,0.021365715651202207
CN,150.41284395847234,233.335394962526,0.07942047541801384
KR,86.56986933128756,158.07459965032058,0.13730590715167657
CH,43.868084802143706,54.890755390214,0.3204174365901183
GB,69.7700362527969,132.15305332985784,0.1522018316870316
