Lag,MAE,RMSE,MAPE
3.0,614.6388322023859,2749.6638826997596,0.5452948599557796
