Lag,MAE,RMSE,MAPE
3.0,95.58259673169177,176.1590714137154,0.12824946894190997
