Country,Models,RMSE,MAE,MAPE
0,"['Model_1', 'Model_2', 'Ensemble']","[464.9026184082031, 492.2754211425781, 442.2535095214844]","[295.91015625, 321.71099853515625, 250.5947265625]","[1.0426868200302124, 1.1276187896728516, 0.882752537727356]"
1,"['Model_1', 'Model_2', 'Ensemble']","[342.5726013183594, 199.1668701171875, 252.92787170410156]","[324.9620361328125, 167.580322265625, 246.2716064453125]","[2.155669689178467, 1.1056876182556152, 1.6306811571121216]"
2,"['Model_1', 'Model_2', 'Ensemble']","[3051.732666015625, 4071.39453125, 3250.929443359375]","[2471.40380859375, 3250.48681640625, 2543.110107421875]","[1.1254397630691528, 1.6685142517089844, 1.3154360055923462]"
3,"['Model_1', 'Model_2', 'Ensemble']","[1330.7449951171875, 1851.2291259765625, 1470.4278564453125]","[667.2682495117188, 888.49365234375, 658.9479370117188]","[0.6446968913078308, 0.8309047818183899, 0.6361042857170105]"
4,"['Model_1', 'Model_2', 'Ensemble']","[7522.87451171875, 5863.27978515625, 6623.8359375]","[3019.2900390625, 2751.211669921875, 2737.59765625]","[5.211434364318848, 5.1814985275268555, 4.951246738433838]"
5,"['Model_1', 'Model_2', 'Ensemble']","[2070.90283203125, 2238.84033203125, 2036.093994140625]","[1420.1878662109375, 1477.985107421875, 1358.1729736328125]","[0.8672845363616943, 0.8929666876792908, 0.8243502974510193]"
6,"['Model_1', 'Model_2', 'Ensemble']","[1570.1729736328125, 1570.72021484375, 1473.33642578125]","[994.1642456054688, 782.4503784179688, 816.378173828125]","[1.552485466003418, 1.2961355447769165, 1.2504957914352417]"
7,"['Model_1', 'Model_2', 'Ensemble']","[8067.2978515625, 7505.07958984375, 7571.33349609375]","[5045.91748046875, 4892.3193359375, 4927.03662109375]","[0.9566752910614014, 0.9653853178024292, 0.951792299747467]"
