Model,RMSE,MAE,MAPE
Model_1,4504.97412109375,1973.595458984375,1.5816664323210716
Model_2,4134.80126953125,2008.2293701171875,1.6174977645277977
Ensemble,4182.97705078125,1882.0679931640625,1.4833403751254082
XGBoost,43512.468233094136,36923.801443903256,193.43205420429496
Meta-Model,5858.58056640625,2420.701416015625,209.44724082946777
