Model,Train_RMSE,Validation_RMSE,Test_RMSE,Train_MAE,Validation_MAE,Test_MAE,Train_MAPE,Validation_MAPE,Test_MAPE
Model_1,2565.771728515625,4405.74755859375,4504.97412109375,1366.8424072265625,1959.370361328125,1973.595458984375,1.1460353136062622,1.666366457939148,1.5816664695739746
Model_2,3393.802734375,4332.3037109375,4134.8017578125,1597.7003173828125,2066.2724609375,2008.2293701171875,1.3445683717727661,1.9421097040176392,1.6174978017807007
Ensemble,,4267.36572265625,4182.9765625,,1916.2635498046875,1882.068115234375,,1.6376264095306396,1.4833405017852783
