Country,MAE,RMSE,MAPE
CA,1760.2736305721207,3006.304422035559,6.344234414999238
KR,3102.001741157801,4642.522206204438,4.880559021779238
CH,1962.6952448854051,2726.96956225299,14.081483274082608
DE,2670.99485807638,3185.8408033292485,2.4451616355737995
US,3167.2336963140274,6835.481793649065,0.656385181925826
GB,2559.9961087021693,2801.1027661190014,5.025275212414803
CN,16890.851063501163,24363.705331164376,12.127120603087649
JP,2268.7160516606195,3678.24389299129,1.4096017660853424
