Lag,MAE,RMSE,MAPE
3.0,4193.492853204051,9155.333293070125,4.9552573420117065
