Lag,MAE,RMSE,MAPE
3.0,6765.578135556618,15759.702701260529,10.415890756037207
