Country,Models,RMSE,MAE,MAPE
0,"['Model_1', 'Model_2', 'Ensemble']","[288.1832275390625, 289.0162353515625, 288.4669494628906]","[141.45132446289062, 147.04559326171875, 143.7238311767578]","[0.4944120943546295, 0.514905571937561, 0.5029498338699341]"
1,"['Model_1', 'Model_2', 'Ensemble']","[150.80078125, 198.77767944335938, 174.69589233398438]","[145.0682373046875, 194.2587890625, 169.6639404296875]","[1.0025856494903564, 1.3366360664367676, 1.1696138381958008]"
2,"['Model_1', 'Model_2', 'Ensemble']","[4384.42919921875, 4406.13427734375, 4395.23486328125]","[3929.71337890625, 3956.92626953125, 3943.320556640625]","[1.907744288444519, 1.9177417755126953, 1.9127426147460938]"
3,"['Model_1', 'Model_2', 'Ensemble']","[1172.0477294921875, 1169.2550048828125, 1170.607421875]","[599.209228515625, 585.4998779296875, 592.3550415039062]","[0.540859580039978, 0.5272147059440613, 0.5340375304222107]"
4,"['Model_1', 'Model_2', 'Ensemble']","[2979.7470703125, 2982.865478515625, 2981.28466796875]","[705.0323486328125, 690.9892578125, 697.3259887695312]","[1.177513837814331, 1.1451178789138794, 1.159660816192627]"
5,"['Model_1', 'Model_2', 'Ensemble']","[1655.14990234375, 1651.99365234375, 1653.5347900390625]","[879.378173828125, 868.0763549804688, 873.7269287109375]","[0.5343891382217407, 0.5274792909622192, 0.5309340357780457]"
6,"['Model_1', 'Model_2', 'Ensemble']","[1666.5933837890625, 1665.840087890625, 1666.1815185546875]","[902.6577758789062, 890.8397827148438, 896.7483520507812]","[1.462982177734375, 1.4408749341964722, 1.4519280195236206]"
7,"['Model_1', 'Model_2', 'Ensemble']","[8242.419921875, 8241.876953125, 8242.138671875]","[3849.89697265625, 3855.268310546875, 3852.57666015625]","[0.702808678150177, 0.7038947939872742, 0.7033506035804749]"
