Model,Train_RMSE,Validation_RMSE,Test_RMSE,Train_MAE,Validation_MAE,Test_MAE,Train_MAPE,Validation_MAPE,Test_MAPE
Model_1,3588.857666015625,4594.49853515625,3913.869140625,1457.563232421875,1640.7310791015625,1497.628173828125,0.9784862399101257,1.0351731777191162,0.9207764863967896
Model_2,3591.01025390625,4597.33740234375,3916.11572265625,1456.529052734375,1641.7823486328125,1495.738525390625,0.9831690192222595,1.0479774475097656,0.9224890470504761
Ensemble,,4595.8984375,3914.970703125,,1641.140869140625,1496.529296875,,1.0410780906677246,0.9212082028388977
