Country,Models,RMSE,MAE,MAPE
0,"['Model_1', 'Model_2', 'Ensemble']","[275.0647277832031, 275.0561828613281, 275.0604553222656]","[110.7573471069336, 110.73833465576172, 110.74799346923828]","[0.3824895918369293, 0.382419228553772, 0.382455050945282]"
1,"['Model_1', 'Model_2', 'Ensemble']","[179.48028564453125, 179.59860229492188, 179.539306640625]","[179.24169921875, 179.359130859375, 179.30029296875]","[1.220055341720581, 1.2208386659622192, 1.220446228981018]"
2,"['Model_1', 'Model_2', 'Ensemble']","[4192.03857421875, 4192.00634765625, 4192.02099609375]","[3688.2294921875, 3688.04833984375, 3688.138427734375]","[1.7977129220962524, 1.7974449396133423, 1.7975783348083496]"
3,"['Model_1', 'Model_2', 'Ensemble']","[1177.7647705078125, 1177.8646240234375, 1177.8135986328125]","[632.0214233398438, 632.3073120117188, 632.1641845703125]","[0.5707932710647583, 0.571076512336731, 0.5709348320960999]"
4,"['Model_1', 'Model_2', 'Ensemble']","[2985.438232421875, 2985.499755859375, 2985.46923828125]","[705.7761840820312, 705.7511596679688, 705.76513671875]","[1.1851274967193604, 1.1850347518920898, 1.1850836277008057]"
5,"['Model_1', 'Model_2', 'Ensemble']","[1663.5382080078125, 1663.4891357421875, 1663.513916015625]","[892.7525024414062, 892.617919921875, 892.684326171875]","[0.5425193905830383, 0.5424374341964722, 0.5424779057502747]"
6,"['Model_1', 'Model_2', 'Ensemble']","[1688.98828125, 1688.9945068359375, 1688.9910888671875]","[929.3748168945312, 929.4999389648438, 929.4368896484375]","[1.4951467514038086, 1.4954181909561157, 1.4952815771102905]"
7,"['Model_1', 'Model_2', 'Ensemble']","[8239.78515625, 8239.9453125, 8239.8671875]","[3870.104736328125, 3870.114013671875, 3870.111572265625]","[0.7069894671440125, 0.706999659538269, 0.706994891166687]"
