Model,RMSE,MAE,MAPE
Model_1,3894.376953125,1485.2996826171875,0.9141447022557259
Model_2,3894.437744140625,1485.3287353515625,0.9141947142779827
Ensemble,3894.408203125,1485.3145751953125,0.9141699410974979
XGBoost,43512.468233094136,36923.801443903256,193.43205420429496
Meta-Model,5428.18701171875,2358.06640625,209.67869758605957
