Model,Train_RMSE,Validation_RMSE,Test_RMSE,Train_MAE,Validation_MAE,Test_MAE,Train_MAPE,Validation_MAPE,Test_MAPE
Model_1,3586.168701171875,4578.97998046875,3894.37646484375,1436.858154296875,1611.712646484375,1485.2998046875,0.9669023752212524,1.0187621116638184,0.9141446948051453
Model_2,3586.248779296875,4579.1044921875,3894.43798828125,1436.796142578125,1611.7144775390625,1485.3287353515625,0.9669219851493835,1.0188899040222168,0.9141947031021118
Ensemble,,4579.04345703125,3894.407958984375,,1611.71435546875,1485.314453125,,1.0188263654708862,0.9141697287559509
