Model,RMSE,MAE,MAPE
Model_1,4094.1689453125,1601.1168212890625,1.0571155697107315
Model_2,4125.890625,1811.7188720703125,1.1718535795807838
Ensemble,4105.03515625,1703.2684326171875,1.111475471407175
XGBoost,43512.468233094136,36923.801443903256,193.43205420429496
Meta-Model,5605.69775390625,2452.908935546875,209.54971313476562
