Model,Train_RMSE,Validation_RMSE,Test_RMSE,Train_MAE,Validation_MAE,Test_MAE,Train_MAPE,Validation_MAPE,Test_MAPE
Model_1,3889.354736328125,4798.134765625,4094.1689453125,1558.1907958984375,1694.613037109375,1601.11669921875,1.1360148191452026,1.1783171892166138,1.0571155548095703
Model_2,3935.38671875,4973.90283203125,4125.89111328125,1746.6593017578125,1953.648681640625,1811.7188720703125,1.2499533891677856,1.4009989500045776,1.1718535423278809
Ensemble,,4856.40625,4105.03515625,,1820.4888916015625,1703.2684326171875,,1.2863638401031494,1.1114755868911743
