Country,MAE,RMSE,MAPE
JP,314.198280086068,768.8835567366268,0.26471082106831456
GB,362.16770925533325,1075.68505987537,0.7985488094499936
CA,45.280962211813296,113.17938585184048,0.23227082620050424
US,1295.795714361433,3272.2439632713767,0.3292931388400338
DE,279.26209233103214,625.94983821664,0.32689333300872414
CH,58.463068825904166,145.46601072087412,0.6246032854400526
KR,159.46068024425446,475.1392251991683,0.46489313358973267
CN,784.4378622535414,1958.990181839466,0.686874392576001
