Lag,MAE,RMSE,MAPE
3.0,1286.0659271426305,4224.300388037481,0.9533612038954506
