Lag,MAE,RMSE,MAPE
3.0,433.1128210742898,1517.6808006382323,0.44162721565780005
