Country,Models,RMSE,MAE,MAPE
0,"['Model_1', 'Model_2', 'Ensemble']","[305.9418029785156, 286.5569763183594, 293.9802551269531]","[179.8605499267578, 136.9175567626953, 158.3890380859375]","[0.6333541870117188, 0.47812625765800476, 0.5557400584220886]"
1,"['Model_1', 'Model_2', 'Ensemble']","[200.7203369140625, 149.91583251953125, 174.17498779296875]","[187.70703125, 144.7757568359375, 166.2410888671875]","[1.3436943292617798, 0.9972557425498962, 1.1704728603363037]"
2,"['Model_1', 'Model_2', 'Ensemble']","[4406.7373046875, 4374.4951171875, 4388.03759765625]","[3904.99462890625, 3917.55419921875, 3903.398193359375]","[1.8921738862991333, 1.9043465852737427, 1.8939530849456787]"
3,"['Model_1', 'Model_2', 'Ensemble']","[1180.8441162109375, 1170.4893798828125, 1174.673095703125]","[642.982666015625, 594.5276489257812, 616.6883544921875]","[0.5848013758659363, 0.5359533429145813, 0.5587754845619202]"
4,"['Model_1', 'Model_2', 'Ensemble']","[2961.621826171875, 2979.5205078125, 2970.175537109375]","[730.6603393554688, 703.279296875, 716.9700317382812]","[1.2517988681793213, 1.174055814743042, 1.2129276990890503]"
5,"['Model_1', 'Model_2', 'Ensemble']","[1669.510009765625, 1655.7811279296875, 1661.417724609375]","[921.0703125, 880.4857788085938, 900.7783813476562]","[0.5601480603218079, 0.5350562930107117, 0.5476024150848389]"
6,"['Model_1', 'Model_2', 'Ensemble']","[1659.781494140625, 1667.20751953125, 1662.76611328125]","[919.3995361328125, 898.2176513671875, 908.8092041015625]","[1.4933162927627563, 1.4533525705337524, 1.4733351469039917]"
7,"['Model_1', 'Model_2', 'Ensemble']","[8228.814453125, 8241.46875, 8233.9365234375]","[4021.006103515625, 3845.68017578125, 3929.512939453125]","[0.7385718822479248, 0.7018527984619141, 0.7193411588668823]"
