Model,Train_RMSE,Validation_RMSE,Test_RMSE,Train_MAE,Validation_MAE,Test_MAE,Train_MAPE,Validation_MAPE,Test_MAPE
Model_1,3575.806640625,4595.919921875,3911.027587890625,1490.5023193359375,1693.08642578125,1548.4508056640625,1.0312635898590088,1.1069022417068481,0.976219654083252
Model_2,3587.4990234375,4592.47509765625,3912.378662109375,1454.500244140625,1636.324951171875,1493.641845703125,0.974014937877655,1.028042197227478,0.915587306022644
Ensemble,,4592.3310546875,3910.752197265625,,1664.40380859375,1519.262939453125,,1.0671310424804688,0.9450478553771973
