Country,Models,RMSE,MAE,MAPE
0,"['Model_1', 'Model_2', 'Ensemble']","[299.6305236816406, 306.7490539550781, 303.0201110839844]","[150.3199005126953, 160.1498260498047, 155.1599578857422]","[0.5297998785972595, 0.5645055174827576, 0.5468873977661133]"
1,"['Model_1', 'Model_2', 'Ensemble']","[136.99343872070312, 124.57797241210938, 130.76956176757812]","[133.632568359375, 120.855224609375, 127.244384765625]","[0.8916457891464233, 0.8060776591300964, 0.8488649725914001]"
2,"['Model_1', 'Model_2', 'Ensemble']","[3834.775146484375, 3763.496826171875, 3797.18505859375]","[3220.836669921875, 3092.3466796875, 3156.591796875]","[1.6213490962982178, 1.5740910768508911, 1.5977197885513306]"
3,"['Model_1', 'Model_2', 'Ensemble']","[1119.990234375, 1116.5540771484375, 1117.577880859375]","[441.2958679199219, 402.0274963378906, 419.4963684082031]","[0.3942411541938782, 0.35662519931793213, 0.37341129779815674]"
4,"['Model_1', 'Model_2', 'Ensemble']","[2997.752197265625, 3005.660400390625, 3001.6220703125]","[700.2434692382812, 694.72802734375, 696.9337768554688]","[1.1811425685882568, 1.1674741506576538, 1.1734658479690552]"
5,"['Model_1', 'Model_2', 'Ensemble']","[1561.187255859375, 1561.9512939453125, 1560.0897216796875]","[605.4495849609375, 629.45703125, 599.379638671875]","[0.36833077669143677, 0.38242384791374207, 0.36455345153808594]"
6,"['Model_1', 'Model_2', 'Ensemble']","[1687.4034423828125, 1686.625732421875, 1686.7655029296875]","[787.0126953125, 749.1383666992188, 768.0753173828125]","[1.2439688444137573, 1.1920658349990845, 1.218017339706421]"
7,"['Model_1', 'Model_2', 'Ensemble']","[8550.517578125, 8692.3359375, 8618.3115234375]","[2793.616943359375, 2682.256103515625, 2690.2451171875]","[0.483657568693161, 0.45557254552841187, 0.46105921268463135]"
