Model,Train_RMSE,Validation_RMSE,Test_RMSE,Train_MAE,Validation_MAE,Test_MAE,Train_MAPE,Validation_MAPE,Test_MAPE
Model_1,3580.527099609375,4721.10595703125,3959.742919921875,1161.26318359375,1343.9381103515625,1169.652587890625,0.836787760257721,0.868782103061676,0.778077244758606
Model_2,3607.27294921875,4774.7197265625,4004.25439453125,1127.8555908203125,1312.53564453125,1129.8316650390625,0.8202722072601318,0.8551417589187622,0.7571943998336792
Ensemble,,4746.806640625,3980.4990234375,,1313.2054443359375,1138.838134765625,,0.8570387959480286,0.7641874551773071
