Country,MAE,RMSE,MAPE
JP,335.2338045872745,831.6772345780076,0.2286111454214459
CA,49.58335603813521,155.2464685103926,0.2153162719015432
DE,190.78131495544525,446.8976901146884,0.18299166494109192
US,1248.4889907243125,2529.343665001553,0.2789821490950725
CN,1370.8398519545237,3358.049844391416,0.6602963806332254
KR,208.97058757513244,626.97393771347,0.3237128923454768
CH,37.412645559676534,85.28048754071256,0.27167249562024104
GB,122.95707941244245,526.5250286548224,0.26753246396183017
