Lag,MAE,RMSE,MAPE
3.0,463.610463919631,1562.8764087307593,0.30015489866774403
