Lag,MAE,RMSE,MAPE
3.0,947.0337663733459,3098.461049498509,0.7309657294975658
