Country,MAE,RMSE,MAPE
KR,68450.27566999532,72367.79181411871,99.99999999999983
DE,106972.9538905632,108219.00530327839,99.9999999999999
GB,52915.75172297888,55251.64609512387,99.99999999999979
JP,162799.82495703874,163006.64765258328,99.99999999999996
CA,28007.32869692257,28043.463407877265,99.99999999999966
US,500059.4882413555,509199.5081060253,99.99999999999997
CN,244000.77680833638,273055.3417956813,99.99999999999997
CH,15597.830604325623,15773.709876018609,99.99999999999935
