Country,MAE,RMSE,MAPE
KR,160.57459779787922,498.1030882259187,0.25440850854500857
DE,143.99468436801112,450.44463945035153,0.13394950781192713
GB,86.97929669488187,442.5782487067529,0.147964953719972
JP,194.24255286201634,682.5734767523346,0.12036884011596659
CA,24.162011283425915,83.81459997887998,0.08586724153364858
US,794.2610482852458,2425.9952119727786,0.15074994768809638
CN,1116.731319205157,3233.9503003312375,0.5217441658291726
CH,75.76172622292549,184.40099674355437,0.544758804799085
