Lag,MAE,RMSE,MAPE
3.0,416.0850876884193,1622.742544436007,0.2744851774877995
