Country,Models,RMSE,MAE,MAPE
0,"['Model_1', 'Model_2', 'Ensemble']","[298.72515869140625, 294.76446533203125, 296.72802734375]","[198.8721160888672, 195.1058807373047, 196.9888458251953]","[0.7100512385368347, 0.6962773203849792, 0.703163743019104]"
1,"['Model_1', 'Model_2', 'Ensemble']","[205.79795837402344, 204.13345336914062, 204.9406280517578]","[134.05859375, 133.5504150390625, 133.4183349609375]","[1.0439462661743164, 1.0386817455291748, 1.038682460784912]"
2,"['Model_1', 'Model_2', 'Ensemble']","[3496.588623046875, 3510.8583984375, 3503.50537109375]","[2687.117431640625, 2724.628662109375, 2705.872802734375]","[1.396119475364685, 1.4095027446746826, 1.40281081199646]"
3,"['Model_1', 'Model_2', 'Ensemble']","[1245.5048828125, 1245.3197021484375, 1245.34716796875]","[484.0857849121094, 476.218017578125, 479.97381591796875]","[0.4294816255569458, 0.42353561520576477, 0.42629846930503845]"
4,"['Model_1', 'Model_2', 'Ensemble']","[2597.9697265625, 2593.7041015625, 2595.828369140625]","[835.3043212890625, 824.2777099609375, 829.7911987304688]","[1.5418241024017334, 1.522436499595642, 1.532130479812622]"
5,"['Model_1', 'Model_2', 'Ensemble']","[1605.6083984375, 1598.20556640625, 1601.7515869140625]","[813.9400024414062, 776.6821899414062, 795.3114624023438]","[0.494831383228302, 0.472295343875885, 0.4835636019706726]"
6,"['Model_1', 'Model_2', 'Ensemble']","[1568.66748046875, 1569.3817138671875, 1568.994140625]","[621.8092651367188, 635.064208984375, 628.4374389648438]","[0.9551266431808472, 0.9727615714073181, 0.9639448523521423]"
7,"['Model_1', 'Model_2', 'Ensemble']","[8091.662109375, 8028.7236328125, 8059.900390625]","[3151.21630859375, 3010.378173828125, 3080.237060546875]","[0.5602494478225708, 0.5321874022483826, 0.5460925102233887]"
