Model,Train_RMSE,Validation_RMSE,Test_RMSE,Train_MAE,Validation_MAE,Test_MAE,Train_MAPE,Validation_MAPE,Test_MAPE
Model_1,3483.646484375,4467.2822265625,3728.206787109375,1197.8914794921875,1361.3768310546875,1212.77099609375,0.9086601734161377,0.9435789585113525,0.824899435043335
Model_2,3469.4951171875,4444.21875,3706.181640625,1177.018310546875,1335.939697265625,1186.5498046875,0.8999622464179993,0.9326919913291931,0.8154765963554382
Ensemble,,4455.64306640625,3717.0458984375,,1348.5457763671875,1199.52685546875,,0.9380588531494141,0.820062518119812
