Lag,MAE,RMSE,MAPE
3.0,51524.78360836923,73272.46972507177,75.62732171195185
