Country,Models,RMSE,MAE,MAPE
0,"['Model_1', 'Model_2', 'Ensemble']","[3092.83935546875, 2329.08349609375, 2581.218017578125]","[2234.657470703125, 1811.1005859375, 1959.2852783203125]","[8.137645721435547, 6.558863162994385, 7.117869853973389]"
1,"['Model_1', 'Model_2', 'Ensemble']","[5507.2880859375, 2107.871337890625, 3713.04345703125]","[5097.98095703125, 1933.367919921875, 3494.55322265625]","[34.385990142822266, 13.659058570861816, 23.860458374023438]"
2,"['Model_1', 'Model_2', 'Ensemble']","[32941.3125, 32837.54296875, 32860.53515625]","[25907.11328125, 26136.390625, 26021.751953125]","[19.56844711303711, 19.267948150634766, 19.418197631835938]"
3,"['Model_1', 'Model_2', 'Ensemble']","[7270.130859375, 3871.18701171875, 4413.3056640625]","[4525.36376953125, 2915.778564453125, 3188.784423828125]","[4.331105709075928, 2.9684367179870605, 3.197380542755127]"
4,"['Model_1', 'Model_2', 'Ensemble']","[7099.4912109375, 5624.94482421875, 5576.0048828125]","[5277.552734375, 3290.572265625, 3691.30908203125]","[11.211393356323242, 7.292138576507568, 8.116179466247559]"
5,"['Model_1', 'Model_2', 'Ensemble']","[8257.6689453125, 7654.90625, 7764.93115234375]","[6537.87890625, 5990.72607421875, 6222.25927734375]","[3.9950408935546875, 3.646364450454712, 3.79556941986084]"
6,"['Model_1', 'Model_2', 'Ensemble']","[5546.21533203125, 6059.7958984375, 5664.84912109375]","[4639.6025390625, 4869.14599609375, 4715.37060546875]","[7.04316520690918, 7.271859169006348, 7.0735087394714355]"
7,"['Model_1', 'Model_2', 'Ensemble']","[6722.921875, 7498.17822265625, 5657.17431640625]","[4301.7763671875, 4814.6015625, 3341.8505859375]","[0.9068652987480164, 1.0012412071228027, 0.6711162328720093]"
