Model,RMSE,MAE,MAPE
Model_1,13068.9404296875,7283.91455078125,9.07772183418274
Model_2,12664.37109375,6587.060546875,7.020620256662369
Ensemble,12591.8564453125,6606.7861328125,7.738688588142395
XGBoost,74647.0380718893,52690.332394018915,200.9644631873844
Meta-Model,10995.7119140625,5311.15185546875,206.39350414276123
