Model,Train_RMSE,Validation_RMSE,Test_RMSE,Train_MAE,Validation_MAE,Test_MAE,Train_MAPE,Validation_MAPE,Test_MAPE
Model_1,10980.2568359375,12658.515625,13068.9404296875,5926.76806640625,7129.73095703125,7283.9130859375,7.432275295257568,9.557835578918457,9.077720642089844
Model_2,10593.890625,11607.4765625,12664.3720703125,5307.62353515625,6064.916015625,6587.060546875,5.679365634918213,6.904883861541748,7.020620346069336
Ensemble,,11988.4560546875,12591.857421875,,6391.88525390625,6606.78662109375,,7.936888694763184,7.738687992095947
