Country,Models,RMSE,MAE,MAPE
0,"['Model_1', 'Model_2', 'Ensemble']","[1218.4462890625, 1060.1826171875, 1019.9676513671875]","[897.1873168945312, 740.287353515625, 756.5779418945312]","[3.23364520072937, 2.6083736419677734, 2.697336435317993]"
1,"['Model_1', 'Model_2', 'Ensemble']","[4676.46630859375, 1299.310791015625, 2686.9521484375]","[2651.579833984375, 1077.97802734375, 1850.2769775390625]","[21.527677536010742, 7.334901332855225, 14.353209495544434]"
2,"['Model_1', 'Model_2', 'Ensemble']","[8469.8662109375, 7782.84033203125, 8120.25146484375]","[7284.3837890625, 6734.33154296875, 7009.357421875]","[3.7993521690368652, 3.446716070175171, 3.6230344772338867]"
3,"['Model_1', 'Model_2', 'Ensemble']","[1829.041259765625, 1917.383056640625, 1793.0958251953125]","[1338.73193359375, 1325.0272216796875, 1266.964111328125]","[1.3777110576629639, 1.4200860261917114, 1.3355984687805176]"
4,"['Model_1', 'Model_2', 'Ensemble']","[3775.799560546875, 3872.0009765625, 3722.5732421875]","[1757.8287353515625, 2389.322509765625, 1950.440673828125]","[3.4033889770507812, 4.722507476806641, 3.8143198490142822]"
5,"['Model_1', 'Model_2', 'Ensemble']","[2688.935546875, 2882.502197265625, 2544.812744140625]","[1996.8673095703125, 2224.51220703125, 1961.5360107421875]","[1.2527409791946411, 1.396951675415039, 1.2291271686553955]"
6,"['Model_1', 'Model_2', 'Ensemble']","[1601.718505859375, 1935.0765380859375, 1662.4683837890625]","[1321.4476318359375, 1697.2066650390625, 1408.5235595703125]","[2.1193482875823975, 2.7212371826171875, 2.1593563556671143]"
7,"['Model_1', 'Model_2', 'Ensemble']","[5638.7890625, 5266.47802734375, 5394.7451171875]","[3788.6708984375, 3708.678955078125, 3659.12744140625]","[0.7811603546142578, 0.7530053853988647, 0.7476791143417358]"
