Model,RMSE,MAE,MAPE
Model_1,4172.01708984375,2496.47802734375,2.8781622648239136
Model_2,3900.151123046875,2497.98046875,2.4751732125878334
Ensemble,3947.87890625,2413.31591796875,2.552461065351963
XGBoost,43675.646509113765,38026.61203456998,188.38854106469208
Meta-Model,5248.052734375,2216.14111328125,208.02576541900635
