Model,Train_RMSE,Validation_RMSE,Test_RMSE,Train_MAE,Validation_MAE,Test_MAE,Train_MAPE,Validation_MAPE,Test_MAPE
Model_1,4160.3583984375,4921.7822265625,4172.017578125,2320.6591796875,2687.680419921875,2496.47802734375,2.7383463382720947,3.1729862689971924,2.878162384033203
Model_2,3866.412353515625,4506.97509765625,3900.151123046875,2232.833740234375,2653.056640625,2497.98046875,2.3228235244750977,2.8383736610412598,2.475173234939575
Ensemble,,4609.96240234375,3947.878662109375,,2583.1708984375,2413.31591796875,,2.8790676593780518,2.5524611473083496
