Country,Models,RMSE,MAE,MAPE
0,"['Model_1', 'Model_2', 'Ensemble']","[1021.6925048828125, 1147.7950439453125, 757.7467041015625]","[721.4099731445312, 968.1937866210938, 542.8862915039062]","[2.5469367504119873, 3.4602720737457275, 1.9456299543380737]"
1,"['Model_1', 'Model_2', 'Ensemble']","[1774.26953125, 1834.1810302734375, 1509.3287353515625]","[1566.923095703125, 1557.61767578125, 1221.64599609375]","[11.16258430480957, 11.228311538696289, 8.479391098022461]"
2,"['Model_1', 'Model_2', 'Ensemble']","[29809.142578125, 29165.439453125, 28705.0703125]","[21464.3125, 23452.712890625, 21801.41796875]","[17.475566864013672, 16.5825252532959, 16.847360610961914]"
3,"['Model_1', 'Model_2', 'Ensemble']","[3779.16064453125, 3960.89697265625, 3229.11181640625]","[3382.991455078125, 3100.397705078125, 2596.128662109375]","[3.2526657581329346, 3.104504346847534, 2.515937089920044]"
4,"['Model_1', 'Model_2', 'Ensemble']","[4135.837890625, 5380.00927734375, 3598.46630859375]","[2321.759765625, 3172.955810546875, 2080.56982421875]","[4.461650371551514, 6.633057594299316, 4.134307861328125]"
5,"['Model_1', 'Model_2', 'Ensemble']","[3856.9140625, 6715.6865234375, 4783.509765625]","[3156.552490234375, 5363.98583984375, 4008.9228515625]","[1.9373366832733154, 3.247504711151123, 2.438729763031006]"
6,"['Model_1', 'Model_2', 'Ensemble']","[6659.42919921875, 6220.6982421875, 5940.810546875]","[5046.27490234375, 5329.97509765625, 4650.55908203125]","[7.635745525360107, 8.890233993530273, 7.323883533477783]"
7,"['Model_1', 'Model_2', 'Ensemble']","[13741.4443359375, 12086.3154296875, 12312.6708984375]","[9708.3173828125, 9903.3291015625, 9442.64453125]","[2.043818473815918, 2.077362060546875, 1.9846796989440918]"
