Model,Train_RMSE,Validation_RMSE,Test_RMSE,Train_MAE,Validation_MAE,Test_MAE,Train_MAPE,Validation_MAPE,Test_MAPE
Model_1,10607.4951171875,11432.3017578125,12028.728515625,5291.3564453125,5438.9990234375,5978.39599609375,4.7711920738220215,5.6442461013793945,5.74365758895874
Model_2,11223.9970703125,9940.7421875,11857.5166015625,6082.3837890625,5613.541015625,6721.57177734375,5.290202617645264,5.527528285980225,6.40038537979126
Ensemble,,10317.9462890625,11446.4833984375,,5152.34521484375,5867.5546875,,4.960286617279053,5.319792747497559
