Model,RMSE,MAE,MAPE
Model_1,3882.798828125,1499.9278564453125,0.9533789940178394
Model_2,4056.344482421875,1479.2159423828125,0.9066794998943806
Ensemble,3904.10107421875,1431.0869140625,0.9000910446047783
XGBoost,41724.72823391137,35867.773523565564,194.43380124446134
Meta-Model,5590.46044921875,2334.170654296875,209.73036289215088
