Model,Train_RMSE,Validation_RMSE,Test_RMSE,Train_MAE,Validation_MAE,Test_MAE,Train_MAPE,Validation_MAPE,Test_MAPE
Model_1,3553.363525390625,4535.91162109375,3882.798828125,1452.9932861328125,1585.0191650390625,1499.9278564453125,1.0181946754455566,1.0661017894744873,0.9533789753913879
Model_2,3702.846435546875,4777.05126953125,4056.34423828125,1437.278076171875,1645.17822265625,1479.2158203125,0.9768512845039368,1.171809196472168,0.9066793918609619
Ensemble,,4597.44189453125,3904.10107421875,,1591.818603515625,1431.0869140625,,1.0983625650405884,0.9000910520553589
