Lag,MAE,RMSE,MAPE
3.0,385187.13049145887,807805.4540161456,442.86577463327336
