Country,Lag,MAE,RMSE,MAPE
CA,1,2.490423717692888,5.1175681996229265,0.010367114115315637
CA,2,2.5577790296544545,5.231954516744073,0.010218628067422415
CA,3,2.1296736045750357,4.218320396099222,0.008526236264856699
DE,1,13.158671246221274,30.71454149241946,0.014234595846296206
DE,2,11.171869631865079,26.565647986647843,0.012033696589524332
DE,3,9.223499847912457,22.906255171511887,0.009554741768792766
JP,1,31.752113841644423,65.93704484767402,0.021886683380123298
JP,2,27.624734547848153,58.75023972708583,0.01849372733522567
JP,3,24.921307524805286,47.87386019638455,0.016382907464742903
KR,1,2.7495853350560235,3.612237019329005,0.004273134955933912
KR,2,2.679704274749929,3.486938140357433,0.003972939766363175
KR,3,2.622792382388818,3.3478575033495,0.003689704237267222
CH,1,0.8732898745975944,1.0765318176893919,0.005478953860407917
CH,2,0.8732898745975944,1.0765318176893919,0.005478953860407917
CH,3,0.8732898745975944,1.0765318176893919,0.005478953860407917
GB,1,6.747087482648659,14.75221933940864,0.01572862893084743
GB,2,5.094976120961734,11.735504899646504,0.011538339459711893
GB,3,4.789091411070218,10.538641555281265,0.010844204139801453
US,1,40.77555642644856,85.06118783507335,0.009931273405542087
US,2,31.51657175462033,61.1711861237408,0.007182080369088301
US,3,27.121503663035988,47.378048579775786,0.005959827452638008
CN,1,10.81029091568749,14.739886420357609,0.004323342526844983
CN,2,10.728658000391437,14.62586418775038,0.004088926782638759
CN,3,10.73024500087958,14.62844091560985,0.004080921648855676
