Lag,MAE,RMSE,MAPE
3.0,52589.96134355057,75002.95525789296,90.09343108842633
