RMSE,MAE,MAPE,R2
0.20007133699440216,0.17606158677102285,,-0.041663527015678437
