Country,Models,RMSE,MAE,MAPE
0,"['Model_1', 'Model_2', 'Ensemble']","[299.3370666503906, 296.7572937011719, 298.041259765625]","[199.2675323486328, 196.84503173828125, 198.0564422607422]","[0.7115352153778076, 0.7026841044425964, 0.7071102261543274]"
1,"['Model_1', 'Model_2', 'Ensemble']","[205.64755249023438, 204.39480590820312, 205.0113525390625]","[133.646484375, 132.591064453125, 133.0963134765625]","[1.0414507389068604, 1.033031702041626, 1.0370877981185913]"
2,"['Model_1', 'Model_2', 'Ensemble']","[3500.511474609375, 3507.985107421875, 3504.17333984375]","[2692.9970703125, 2714.134033203125, 2703.56591796875]","[1.3984707593917847, 1.4060845375061035, 1.4022778272628784]"
3,"['Model_1', 'Model_2', 'Ensemble']","[1245.0987548828125, 1244.855712890625, 1244.95458984375]","[483.7802429199219, 479.0141906738281, 481.3295593261719]","[0.42922189831733704, 0.42556267976760864, 0.42731016874313354]"
4,"['Model_1', 'Model_2', 'Ensemble']","[2598.964111328125, 2596.079345703125, 2597.51904296875]","[836.1171875, 829.5250244140625, 832.8214111328125]","[1.5431149005889893, 1.5315135717391968, 1.537314772605896]"
5,"['Model_1', 'Model_2', 'Ensemble']","[1605.1197509765625, 1600.682861328125, 1602.8477783203125]","[812.0568237304688, 790.2880249023438, 801.1722412109375]","[0.4936806261539459, 0.4805141091346741, 0.48709729313850403]"
6,"['Model_1', 'Model_2', 'Ensemble']","[1569.088623046875, 1569.5504150390625, 1569.3092041015625]","[622.062255859375, 629.9046630859375, 625.9840087890625]","[0.9555538296699524, 0.9660125970840454, 0.9607841372489929]"
7,"['Model_1', 'Model_2', 'Ensemble']","[8086.90625, 8050.48095703125, 8068.595703125]","[3138.068603515625, 3056.034912109375, 3097.053955078125]","[0.5576351284980774, 0.5412677526473999, 0.5494518280029297]"
