Model,Train_RMSE,Validation_RMSE,Test_RMSE,Train_MAE,Validation_MAE,Test_MAE,Train_MAPE,Validation_MAPE,Test_MAPE
Model_1,3482.959716796875,4466.07763671875,3726.939453125,1196.595947265625,1359.86474609375,1211.0477294921875,0.9085514545440674,0.9435431361198425,0.824839174747467
Model_2,3474.6630859375,4452.638671875,3714.060302734375,1184.389404296875,1344.9315185546875,1195.6087646484375,0.9033437967300415,0.9369763731956482,0.8190343976020813
Ensemble,,4459.32080078125,3720.449951171875,,1352.346435546875,1203.3162841796875,,0.9402263164520264,0.8219187259674072
