Lag,MAE,RMSE,MAPE
3.0,718.594299537411,1654.8601202127488,1.0235249498157482
