Lag,MAE,RMSE,MAPE
3.0,267.28562609532435,674.0614128087033,0.28829858490289284
