Lag,MAE,RMSE,MAPE
3.0,569.5470320331082,2350.1181978166487,0.525192632535912
