Country,MAE,RMSE,MAPE
CA,104539.34173967128,107278.8969436245,373.47016766793064
KR,49571.52015750424,53512.802485378495,76.94829887311244
CH,18903.561316688396,31308.346864425555,154.78290951191948
DE,81394.7437875797,84301.31312341559,79.11835148745713
US,128755.41031007523,141926.00534103502,26.138339776331065
GB,107968.75400000608,112074.34979197825,216.52386694486725
CN,208081.99014820074,231756.11744343396,83.38088310925454
JP,150268.27590257963,151840.07407818062,91.92452083092753
