Lag,MAE,RMSE,MAPE
3.0,111912.65168673583,130498.96606903167,139.73231184476634
