Lag,MAE,RMSE,MAPE
3.0,112574.80733341738,134295.9298156687,136.06932136478557
