Country,Models,RMSE,MAE,MAPE
0,"['Model_1', 'Model_2', 'Ensemble']","[3094.845947265625, 1849.39208984375, 2200.24072265625]","[1967.061279296875, 1124.4583740234375, 1432.1849365234375]","[7.083741664886475, 4.034043312072754, 5.154788494110107]"
1,"['Model_1', 'Model_2', 'Ensemble']","[15846.048828125, 816.9593505859375, 8149.12109375]","[15636.7880859375, 673.4913940429688, 8046.36865234375]","[100.0, 4.641828536987305, 51.579612731933594]"
2,"['Model_1', 'Model_2', 'Ensemble']","[4073.01708984375, 5588.67431640625, 4640.10205078125]","[3268.187744140625, 4702.06982421875, 3934.901611328125]","[1.6854647397994995, 2.3681461811065674, 1.9812226295471191]"
3,"['Model_1', 'Model_2', 'Ensemble']","[5804.716796875, 10824.966796875, 8091.4140625]","[2634.3486328125, 3164.264404296875, 2654.688720703125]","[2.778794765472412, 3.4297709465026855, 2.867377281188965]"
4,"['Model_1', 'Model_2', 'Ensemble']","[6914.33740234375, 4533.74072265625, 5524.93896484375]","[3444.37109375, 2651.804443359375, 2881.80224609375]","[7.316822528839111, 5.45377254486084, 5.993303298950195]"
5,"['Model_1', 'Model_2', 'Ensemble']","[2795.424560546875, 3030.912353515625, 2505.349365234375]","[2362.777099609375, 2182.077880859375, 2037.0025634765625]","[1.462233304977417, 1.3565014600753784, 1.252840518951416]"
6,"['Model_1', 'Model_2', 'Ensemble']","[1631.3465576171875, 1693.0869140625, 1529.5362548828125]","[1412.714599609375, 1346.0802001953125, 1290.452392578125]","[2.4329986572265625, 2.1166539192199707, 2.0543251037597656]"
7,"['Model_1', 'Model_2', 'Ensemble']","[7695.1904296875, 7191.83984375, 4497.4609375]","[4993.16015625, 4165.65478515625, 3306.544189453125]","[1.0924105644226074, 0.922353208065033, 0.7316540479660034]"
