Model,RMSE,MAE,MAPE
Model_1,5890.88134765625,3381.36669921875,6.968902051448822
Model_2,5916.60791015625,2671.864013671875,2.8229430317878723
Ensemble,4908.2734375,2692.14697265625,4.6255625784397125
XGBoost,43675.646509113765,38026.61203456998,188.38854106469208
Meta-Model,5544.77685546875,2334.81689453125,208.27462673187256
