Model,Train_RMSE,Validation_RMSE,Test_RMSE,Train_MAE,Validation_MAE,Test_MAE,Train_MAPE,Validation_MAPE,Test_MAPE
Model_1,4522.54296875,6905.62109375,5890.88134765625,2641.99169921875,4199.0615234375,3381.366455078125,6.3024797439575195,10.40834903717041,6.968903541564941
Model_2,2545.088623046875,5544.24169921875,5916.60791015625,1540.4459228515625,2993.037353515625,2671.86376953125,1.5843586921691895,4.170412540435791,2.8229434490203857
Ensemble,,5111.83837890625,4908.27294921875,,3257.4755859375,2692.14697265625,,6.50778341293335,4.625563144683838
