Lag,MAE,RMSE,MAPE
3.0,111570.66685841377,134707.35261352616,135.2181231824779
