Lag,MAE,RMSE,MAPE
3.0,2131.041173375791,4549.764370075749,1.2953272105127702
