Lag,MAE,RMSE,MAPE
3.0,684.444690862762,2952.039297000368,0.43875187495656603
