Country,MAE,RMSE,MAPE
CA,29.517654993877777,135.43242425461173,0.10802777328964984
KR,144.02422206660873,492.56649731249684,0.28449576485396744
CH,49.06957658053326,176.28260689030148,0.3793628538974819
DE,275.23870582018094,1286.103020855192,0.292547348165283
US,1467.5565943957765,8364.171581920045,0.3351960407020913
GB,192.83871634829313,1138.1597832343136,0.4256090686163048
CN,581.875727579265,1973.6582745379012,0.3295610784265278
JP,229.0176661210255,753.0319602103522,0.1453676736818507
