Lag,MAE,RMSE,MAPE
3.0,399.63317238581817,3327.3981790660628,0.2749118426266743
