Lag,MAE,RMSE,MAPE
3.0,65.5981355371362,109.05489748705823,0.09723118498170205
