Lag,MAE,RMSE,MAPE
3.0,188.77032177512294,462.73471570917104,0.21050068373392877
