Country,MAE,RMSE,MAPE
JP,21464.24234766273,26485.03740612707,14.63918453746174
GB,51517.32220856769,58903.28981313106,117.86456619226588
CA,45311.59513348435,57813.10128760374,217.58026662101332
US,57146.903636526695,73468.36990128979,13.37545894882827
DE,64535.40701112937,68148.06186504048,65.18577576400922
CH,148298.30901356644,151881.42162381014,1119.416185429817
KR,89009.65412331453,91403.88468339758,186.40599793282044
CN,109042.85302796851,130421.12255363924,74.7217719457377
