Lag,MAE,RMSE,MAPE
3.0,65851.45924118574,82078.03702102278,153.07803769973734
