Country,Models,RMSE,MAE,MAPE
0,"['Model_1', 'Model_2', 'Ensemble']","[1455.744873046875, 1380.89306640625, 1162.278076171875]","[922.5021362304688, 878.721435546875, 721.0040893554688]","[3.306144952774048, 3.1609888076782227, 2.5895743370056152]"
1,"['Model_1', 'Model_2', 'Ensemble']","[825.789306640625, 2289.9560546875, 1519.80517578125]","[555.84228515625, 1079.386962890625, 741.8902587890625]","[4.241361618041992, 8.985054969787598, 6.139858722686768]"
2,"['Model_1', 'Model_2', 'Ensemble']","[4025.47900390625, 3143.018310546875, 3406.30419921875]","[2868.0478515625, 1870.1297607421875, 2301.072265625]","[1.0584971904754639, 0.6756879091262817, 0.843217134475708]"
3,"['Model_1', 'Model_2', 'Ensemble']","[2278.20361328125, 2482.551513671875, 1646.8489990234375]","[1700.625244140625, 1368.4989013671875, 1145.820068359375]","[1.6392157077789307, 1.2773897647857666, 1.087395191192627]"
4,"['Model_1', 'Model_2', 'Ensemble']","[3489.53271484375, 6119.3544921875, 4503.36376953125]","[2023.519775390625, 3220.0732421875, 2338.06201171875]","[4.052733898162842, 6.118131637573242, 4.5113630294799805]"
5,"['Model_1', 'Model_2', 'Ensemble']","[2841.195556640625, 1839.12255859375, 2202.38232421875]","[1876.360107421875, 1054.34375, 1349.7879638671875]","[1.138993263244629, 0.6409631371498108, 0.8200132250785828]"
6,"['Model_1', 'Model_2', 'Ensemble']","[2518.394287109375, 1496.5289306640625, 1510.38330078125]","[1478.7579345703125, 1063.677001953125, 956.2724609375]","[2.8880550861358643, 2.163273811340332, 1.7952818870544434]"
7,"['Model_1', 'Model_2', 'Ensemble']","[6978.70068359375, 7734.6357421875, 6865.47216796875]","[4571.29296875, 4179.13720703125, 3885.61279296875]","[0.8934937715530396, 0.8472573757171631, 0.769531786441803]"
