Model,RMSE,MAE,MAPE
Model_1,3802.31103515625,2202.16259765625,2.1452268585562706
Model_2,4237.1044921875,1967.53271484375,2.2365111857652664
Ensemble,3643.744140625,1808.2196044921875,1.8296444788575172
XGBoost,43512.468233094136,36923.801443903256,193.43205420429496
Meta-Model,6032.4033203125,2695.649169921875,209.29017066955566
