Model,Train_RMSE,Validation_RMSE,Test_RMSE,Train_MAE,Validation_MAE,Test_MAE,Train_MAPE,Validation_MAPE,Test_MAPE
Model_1,2229.899658203125,3847.828125,3802.31103515625,1323.3670654296875,2259.11572265625,2202.16259765625,1.3777151107788086,2.854679822921753,2.1452269554138184
Model_2,2226.774169921875,3631.253662109375,4237.10400390625,1254.359375,2003.9918212890625,1967.53271484375,1.455324649810791,2.6187539100646973,2.236511468887329
Ensemble,,3522.14697265625,3643.744140625,,1921.2955322265625,1808.2198486328125,,2.3911187648773193,1.8296444416046143
